comment,likes,cleaned,case_folded,tokenized,stopword_removed,stemmed,final_text,komentar_bersih,label
"saya yakin podcast ini akan menuntun kaum muda dan mudi untuk mencapai indonesia emas 2045 <a href=""http://www.youtube.com/results?search_query=%23salamorangwaras"">#salamorangwaras</a>.",5823,saya yakin podcast ini akan menuntun kaum muda dan mudi untuk mencapai indonesia emas,saya yakin podcast ini akan menuntun kaum muda dan mudi untuk mencapai indonesia emas,"['saya', 'yakin', 'podcast', 'ini', 'akan', 'menuntun', 'kaum', 'muda', 'dan', 'mudi', 'untuk', 'mencapai', 'indonesia', 'emas']","['podcast', 'menuntun', 'kaum', 'muda', 'mudi', 'mencapai', 'indonesia', 'emas']","['podcast', 'tuntun', 'kaum', 'muda', 'mud', 'capai', 'indonesia', 'emas']",podcast tuntun kaum muda mud capai indonesia emas,podcast tuntun kaum muda mud capai indonesia emas,Netral
"<a href=""https://www.youtube.com/watch?v=CaklHISbki8&amp;t=1934"">32:14</a> gak enak.",0,gak enak,gak enak,"['gak', 'enak']","['gak', 'enak']","['gak', 'enak']",gak enak,gak enak,Negatif
kangen bentukan editan sonia yg gini jir akwawok absurd gemes,0,kangen bentukan editan sonia yang gini jir akwawok absurd gemes,kangen bentukan editan sonia yang gini jir akwawok absurd gemes,"['kangen', 'bentukan', 'editan', 'sonia', 'yang', 'gini', 'jir', 'akwawok', 'absurd', 'gemes']","['kangen', 'bentukan', 'editan', 'sonia', 'gini', 'jir', 'akwawok', 'absurd', 'gemes']","['kangen', 'bentuk', 'edit', 'sonia', 'gin', 'jir', 'akwawok', 'absurd', 'gemes']",kangen bentuk edit sonia gin jir akwawok absurd gemes,kangen bentuk edit sonia gin jir akwawok absurd gemes,Positif
gue udh rewatch ini 4x msh lucu aja jirrrr,0,gue sudah rewatch ini 4x masih lucu aja jirrrr,gue sudah rewatch ini 4x masih lucu aja jirrrr,"['gue', 'sudah', 'rewatch', 'ini', '4x', 'masih', 'lucu', 'aja', 'jirrrr']","['gue', 'rewatch', '4x', 'lucu', 'aja', 'jirrrr']","['gue', 'rewatch', '4x', 'lucu', 'aja', 'jirrrr']",gue rewatch 4x lucu aja jirrrr,gue rewatch 4x lucu aja jirrrr,Positif
endingnya gonggg😭,0,endingnya gonggg,endingnya gonggg,"['endingnya', 'gonggg']","['endingnya', 'gonggg']","['endingnya', 'gonggg']",endingnya gonggg,endingnya gonggg,Positif
"Ngakak pas pertanyaan <a href=""https://www.youtube.com/watch?v=CaklHISbki8&amp;t=677"">11:17</a> 😂😂😂",0,Ngakak pas pertanyaan,ngakak pas pertanyaan,"['ngakak', 'pas', 'pertanyaan']","['ngakak', 'pas']","['ngakak', 'pas']",ngakak pas,ngakak pas,Positif
UNDANG MAXWELL SALVADOR PLIISS,0,UNDANG MAXWELL SALVADOR PLIISS,undang maxwell salvador pliiss,"['undang', 'maxwell', 'salvador', 'pliiss']","['undang', 'maxwell', 'salvador', 'pliiss']","['undang', 'maxwell', 'salvador', 'pliiss']",undang maxwell salvador pliiss,undang maxwell salvador pliiss,Positif
Mukanya niki agak mirip sandy,0,Mukanya niki agak mirip sandy,mukanya niki agak mirip sandy,"['mukanya', 'niki', 'agak', 'mirip', 'sandy']","['mukanya', 'niki', 'sandy']","['muka', 'nik', 'sandy']",muka nik sandy,muka nik sandy,Netral
random banget plis,0,random banget plis,random banget plis,"['random', 'banget', 'plis']","['random', 'banget', 'plis']","['random', 'banget', 'plis']",random banget plis,random banget plis,Negatif
"<a href=""https://www.youtube.com/watch?v=CaklHISbki8&amp;t=1193"">19:53</a> IQ gw ikut turun",0,IQ saya ikut turun,iq saya ikut turun,"['iq', 'saya', 'ikut', 'turun']","['iq', 'turun']","['iq', 'turun']",iq turun,iq turun,Negatif
Seru banget sama sama ga waras 😭😭,1,Seru banget sama sama ga waras,seru banget sama sama ga waras,"['seru', 'banget', 'sama', 'sama', 'ga', 'waras']","['seru', 'banget', 'ga', 'waras']","['seru', 'banget', 'ga', 'waras']",seru banget ga waras,seru banget ga waras,Positif
Bisa bisanya aku rewatch ini Udah 4 kali💃🔥,0,Bisa bisanya aku rewatch ini Udah 4 kali,bisa bisanya aku rewatch ini udah 4 kali,"['bisa', 'bisanya', 'aku', 'rewatch', 'ini', 'udah', '4', 'kali']","['bisanya', 'rewatch', 'udah', '4', 'kali']","['bisa', 'rewatch', 'udah', '4', 'kali']",bisa rewatch udah 4 kali,bisa rewatch udah 4 kali,Positif
"setiap mereka melontarkan satu huruf dari mulut nya, iq penonton berkurang 1",0,setiap mereka melontarkan satu huruf dari mulut nya iq penonton berkurang 1,setiap mereka melontarkan satu huruf dari mulut nya iq penonton berkurang 1,"['setiap', 'mereka', 'melontarkan', 'satu', 'huruf', 'dari', 'mulut', 'nya', 'iq', 'penonton', 'berkurang', '1']","['melontarkan', 'huruf', 'mulut', 'nya', 'iq', 'penonton', 'berkurang', '1']","['lontar', 'huruf', 'mulut', 'nya', 'iq', 'tonton', 'kurang', '1']",lontar huruf mulut nya iq tonton kurang 1,lontar huruf mulut nya iq tonton kurang 1,Negatif
awkaokak gakkuat bgttt. apalagi pas jawab2an soallll😭😭😭😭😭,2,awkaokak gakkuat bgttt apalagi pas jawab2an soallll,awkaokak gakkuat bgttt apalagi pas jawab2an soallll,"['awkaokak', 'gakkuat', 'bgttt', 'apalagi', 'pas', 'jawab2an', 'soallll']","['awkaokak', 'gakkuat', 'bgttt', 'pas', 'jawab2an', 'soallll']","['awkaokak', 'gakkuat', 'bgttt', 'pas', 'jawab2an', 'soallll']",awkaokak gakkuat bgttt pas jawab2an soallll,awkaokak gakkuat bgttt pas jawab2an soallll,Positif
sangat menghibur diriku yg kurang mau belajar😅,0,sangat menghibur diriku yang kurang mau belajar,sangat menghibur diriku yang kurang mau belajar,"['sangat', 'menghibur', 'diriku', 'yang', 'kurang', 'mau', 'belajar']","['menghibur', 'diriku', 'belajar']","['hibur', 'diri', 'ajar']",hibur diri ajar,hibur diri ajar,Positif
plenger semua jir (kecuali sandy),0,plenger semua jir kecuali sandy,plenger semua jir kecuali sandy,"['plenger', 'semua', 'jir', 'kecuali', 'sandy']","['plenger', 'jir', 'kecuali', 'sandy']","['plenger', 'jir', 'kecuali', 'sandy']",plenger jir kecuali sandy,plenger jir kecuali sandy,Negatif
Ayo undang sandy lagi😆,0,Ayo undang sandy lagi,ayo undang sandy lagi,"['ayo', 'undang', 'sandy', 'lagi']","['ayo', 'undang', 'sandy']","['ayo', 'undang', 'sandy']",ayo undang sandy,ayo undang sandy,Netral
Sandy nyasar😭😭,0,Sandy nyasar,sandy nyasar,"['sandy', 'nyasar']","['sandy', 'nyasar']","['sandy', 'nyasar']",sandy nyasar,sandy nyasar,Negatif
ajakin maxwell SERU gsi,0,ajakin maxwell SERU gsi,ajakin maxwell seru gsi,"['ajakin', 'maxwell', 'seru', 'gsi']","['ajakin', 'maxwell', 'seru', 'gsi']","['ajakin', 'maxwell', 'seru', 'gsi']",ajakin maxwell seru gsi,ajakin maxwell seru gsi,Netral
Podcast apa-apaan ini 😭,0,Podcast apaapaan ini,podcast apaapaan ini,"['podcast', 'apaapaan', 'ini']","['podcast', 'apaapaan']","['podcast', 'apaapaan']",podcast apaapaan,podcast apaapaan,Negatif
"<a href=""https://www.youtube.com/watch?v=CaklHISbki8&amp;t=1283"">21:23</a> &quot;Sebenernya biasa ya, kaya hari-hari orang pada umumnya ya, kaya makan nasi, ngerjain 325 soal sehari, makan bayam, ngerjain soal lagi, ya kaya orang biasa lah.&quot; BIASA DARI SIAPA GWA TANYAA!?!? SIAPA YG NGERJAIN 325 SOAL SEHARIII!!! Ya dia (Sandy) si..<br><br><a href=""https://www.youtube.com/watch?v=CaklHISbki8&amp;t=1350"">22:30</a> &quot;Kerenn.&quot; Wkwkkw, ngakak bgt d bagian itu dengernya 😭😭😭<br><br><a href=""https://www.youtube.com/watch?v=CaklHISbki8&amp;t=1380"">23:00</a> &quot;Kuis pintar aduhay.&quot; NGAKAKK 😭😭😭<br><br><a href=""https://www.youtube.com/watch?v=CaklHISbki8&amp;t=1431"">23:51</a> Gambar kucingnya!!😭😼🤏🏻",1,Sebenernya biasa ya kaya harihari orang pada umumnya ya kaya makan nasi ngerjain soal sehari makan bayam ngerjain soal lagi ya kaya orang biasa lah BIASA DARI SIAPA GWA TANYAA SIAPA yang NGERJAIN SOAL SEHARIII Ya dia Sandy si Kerenn Wkwkkw ngakak banget d bagian itu dengernya Kuis pintar aduhay NGAKAKK Gambar kucingnya,sebenernya biasa ya kaya harihari orang pada umumnya ya kaya makan nasi ngerjain soal sehari makan bayam ngerjain soal lagi ya kaya orang biasa lah biasa dari siapa gwa tanyaa siapa yang ngerjain soal sehariii ya dia sandy si kerenn wkwkkw ngakak banget d bagian itu dengernya kuis pintar aduhay ngakakk gambar kucingnya,"['sebenernya', 'biasa', 'ya', 'kaya', 'harihari', 'orang', 'pada', 'umumnya', 'ya', 'kaya', 'makan', 'nasi', 'ngerjain', 'soal', 'sehari', 'makan', 'bayam', 'ngerjain', 'soal', 'lagi', 'ya', 'kaya', 'orang', 'biasa', 'lah', 'biasa', 'dari', 'siapa', 'gwa', 'tanyaa', 'siapa', 'yang', 'ngerjain', 'soal', 'sehariii', 'ya', 'dia', 'sandy', 'si', 'kerenn', 'wkwkkw', 'ngakak', 'banget', 'd', 'bagian', 'itu', 'dengernya', 'kuis', 'pintar', 'aduhay', 'ngakakk', 'gambar', 'kucingnya']","['sebenernya', 'ya', 'kaya', 'harihari', 'orang', 'ya', 'kaya', 'makan', 'nasi', 'ngerjain', 'sehari', 'makan', 'bayam', 'ngerjain', 'ya', 'kaya', 'orang', 'gwa', 'tanyaa', 'ngerjain', 'sehariii', 'ya', 'sandy', 'si', 'kerenn', 'wkwkkw', 'ngakak', 'banget', 'd', 'dengernya', 'kuis', 'pintar', 'aduhay', 'ngakakk', 'gambar', 'kucingnya']","['sebenernya', 'ya', 'kaya', 'harihari', 'orang', 'ya', 'kaya', 'makan', 'nasi', 'ngerjain', 'hari', 'makan', 'bayam', 'ngerjain', 'ya', 'kaya', 'orang', 'gwa', 'tanyaa', 'ngerjain', 'sehariii', 'ya', 'sandy', 'si', 'kerenn', 'wkwkkw', 'ngakak', 'banget', 'd', 'dengernya', 'kuis', 'pintar', 'aduhay', 'ngakakk', 'gambar', 'kucing']",sebenernya ya kaya harihari orang ya kaya makan nasi ngerjain hari makan bayam ngerjain ya kaya orang gwa tanyaa ngerjain sehariii ya sandy si kerenn wkwkkw ngakak banget d dengernya kuis pintar aduhay ngakakk gambar kucing,sebenernya ya kaya harihari orang ya kaya makan nasi ngerjain hari makan bayam ngerjain ya kaya orang gwa tanyaa ngerjain sehariii ya sandy si kerenn wkwkkw ngakak banget d dengernya kuis pintar aduhay ngakakk gambar kucing,Positif
CAPE BGTT KETAWA 😭,0,CAPE BGTT KETAWA,cape bgtt ketawa,"['cape', 'bgtt', 'ketawa']","['cape', 'bgtt', 'ketawa']","['cape', 'bgtt', 'ketawa']",cape bgtt ketawa,cape bgtt ketawa,Positif
"aku 2 mei, gmn?",0,aku 2 mei gmn,aku 2 mei gmn,"['aku', '2', 'mei', 'gmn']","['2', 'mei', 'gmn']","['2', 'mei', 'gmn']",2 mei gmn,2 mei gmn,Netral
SANDY SERU BGTT WKWK bisa nyambung ama hostnya yg (ga) waras,0,SANDY SERU BGTT WKWK bisa nyambung ama hostnya yang ga waras,sandy seru bgtt wkwk bisa nyambung ama hostnya yang ga waras,"['sandy', 'seru', 'bgtt', 'wkwk', 'bisa', 'nyambung', 'ama', 'hostnya', 'yang', 'ga', 'waras']","['sandy', 'seru', 'bgtt', 'wkwk', 'nyambung', 'ama', 'hostnya', 'ga', 'waras']","['sandy', 'seru', 'bgtt', 'wkwk', 'nyambung', 'ama', 'hostnya', 'ga', 'waras']",sandy seru bgtt wkwk nyambung ama hostnya ga waras,sandy seru bgtt wkwk nyambung ama hostnya ga waras,Positif
"<a href=""https://www.youtube.com/watch?v=CaklHISbki8&amp;t=1915"">31:55</a> gawat mereka menyanyikan lagu keramat",0,gawat mereka menyanyikan lagu keramat,gawat mereka menyanyikan lagu keramat,"['gawat', 'mereka', 'menyanyikan', 'lagu', 'keramat']","['gawat', 'menyanyikan', 'lagu', 'keramat']","['gawat', 'nyanyi', 'lagu', 'keramat']",gawat nyanyi lagu keramat,gawat nyanyi lagu keramat,Negatif
islam percaya zodiak??,0,islam percaya zodiak,islam percaya zodiak,"['islam', 'percaya', 'zodiak']","['islam', 'percaya', 'zodiak']","['islam', 'percaya', 'zodiak']",islam percaya zodiak,islam percaya zodiak,Negatif
Kok hitam layarnya,0,Kok hitam layarnya,kok hitam layarnya,"['kok', 'hitam', 'layarnya']","['hitam', 'layarnya']","['hitam', 'layar']",hitam layar,hitam layar,Negatif
"baru nonton, ternyata podcast ini seru bgttt",0,baru nonton ternyata podcast ini seru bgttt,baru nonton ternyata podcast ini seru bgttt,"['baru', 'nonton', 'ternyata', 'podcast', 'ini', 'seru', 'bgttt']","['nonton', 'podcast', 'seru', 'bgttt']","['nonton', 'podcast', 'seru', 'bgttt']",nonton podcast seru bgttt,nonton podcast seru bgttt,Positif
habis ini IQ sandy turun 12,0,habis ini IQ sandy turun 12,habis ini iq sandy turun 12,"['habis', 'ini', 'iq', 'sandy', 'turun', '12']","['habis', 'iq', 'sandy', 'turun', '12']","['habis', 'iq', 'sandy', 'turun', '12']",habis iq sandy turun 12,habis iq sandy turun 12,Positif
"<a href=""https://www.youtube.com/watch?v=CaklHISbki8&amp;t=286"">4:46</a>  tenangin diri lo",0,tenangin diri lo,tenangin diri lo,"['tenangin', 'diri', 'lo']","['tenangin', 'lo']","['tenangin', 'lo']",tenangin lo,tenangin lo,Positif
podcast gak waras. makin stress gw nontonnya. tapi gpp sih.,2,podcast gak waras makin stress saya nontonnya tapi gapapa sih,podcast gak waras makin stress saya nontonnya tapi gapapa sih,"['podcast', 'gak', 'waras', 'makin', 'stress', 'saya', 'nontonnya', 'tapi', 'gapapa', 'sih']","['podcast', 'gak', 'waras', 'stress', 'nontonnya', 'gapapa', 'sih']","['podcast', 'gak', 'waras', 'stress', 'nontonnya', 'gapapa', 'sih']",podcast gak waras stress nontonnya gapapa sih,podcast gak waras stress nontonnya gapapa sih,Negatif
nonton ini aman nggak?,0,nonton ini aman nggak,nonton ini aman nggak,"['nonton', 'ini', 'aman', 'nggak']","['nonton', 'aman', 'nggak']","['nonton', 'aman', 'nggak']",nonton aman nggak,nonton aman nggak,Positif
Saya suka komedi penebalan orang waras,1,Saya suka komedi penebalan orang waras,saya suka komedi penebalan orang waras,"['saya', 'suka', 'komedi', 'penebalan', 'orang', 'waras']","['suka', 'komedi', 'penebalan', 'orang', 'waras']","['suka', 'komedi', 'tebal', 'orang', 'waras']",suka komedi tebal orang waras,suka komedi tebal orang waras,Positif
"<a href=""https://www.youtube.com/watch?v=CaklHISbki8&amp;t=650"">10:50</a> ULTRAMAN MENTIONED",0,ULTRAMAN MENTIONED,ultraman mentioned,"['ultraman', 'mentioned']","['ultraman', 'mentioned']","['ultraman', 'mentioned']",ultraman mentioned,ultraman mentioned,Netral
asbun nya ngasbun bgt,10,asbun nya ngasbun banget,asbun nya ngasbun banget,"['asbun', 'nya', 'ngasbun', 'banget']","['asbun', 'nya', 'ngasbun', 'banget']","['asbun', 'nya', 'ngasbun', 'banget']",asbun nya ngasbun banget,asbun nya ngasbun banget,Negatif
"Halo kak. Mau request undang CHNCE main ke tempat kakak, CHNCE redebut dari UN1TY dan CHNCE baru banget ngeluarin single pertama mereka as CHNCE ditanggal 28 november 2025. Ditunggu ya, kak. Terimakasih banyak kak",1,Halo kak Mau request undang CHNCE main ke tempat kakak CHNCE redebut dari UN1TY dan CHNCE baru banget ngeluarin single pertama mereka as CHNCE ditanggal 28 november Ditunggu ya kak Terimakasih banyak kak,halo kak mau request undang chnce main ke tempat kakak chnce redebut dari un1ty dan chnce baru banget ngeluarin single pertama mereka as chnce ditanggal 28 november ditunggu ya kak terimakasih banyak kak,"['halo', 'kak', 'mau', 'request', 'undang', 'chnce', 'main', 'ke', 'tempat', 'kakak', 'chnce', 'redebut', 'dari', 'un1ty', 'dan', 'chnce', 'baru', 'banget', 'ngeluarin', 'single', 'pertama', 'mereka', 'as', 'chnce', 'ditanggal', '28', 'november', 'ditunggu', 'ya', 'kak', 'terimakasih', 'banyak', 'kak']","['halo', 'kak', 'request', 'undang', 'chnce', 'main', 'kakak', 'chnce', 'redebut', 'un1ty', 'chnce', 'banget', 'ngeluarin', 'single', 'as', 'chnce', 'ditanggal', '28', 'november', 'ditunggu', 'ya', 'kak', 'terimakasih', 'kak']","['halo', 'kak', 'request', 'undang', 'chnce', 'main', 'kakak', 'chnce', 'redebut', 'un1ty', 'chnce', 'banget', 'ngeluarin', 'single', 'as', 'chnce', 'tanggal', '28', 'november', 'tunggu', 'ya', 'kak', 'terimakasih', 'kak']",halo kak request undang chnce main kakak chnce redebut un1ty chnce banget ngeluarin single as chnce tanggal 28 november tunggu ya kak terimakasih kak,halo kak request undang chnce main kakak chnce redebut un1ty chnce banget ngeluarin single as chnce tanggal 28 november tunggu ya kak terimakasih kak,Netral
"SORRY OOT, katanyaaa klo 40 orng nge aminin insyaAllah bakal dikabulin. doain aku Juara Umum 1 , AAMIIN..",0,SORRY OOT katanyaaa kalau 40 orng nge aminin insyaAllah bakal dikabulin doain aku Juara Umum 1 AAMIIN,sorry oot katanyaaa kalau 40 orng nge aminin insyaallah bakal dikabulin doain aku juara umum 1 aamiin,"['sorry', 'oot', 'katanyaaa', 'kalau', '40', 'orng', 'nge', 'aminin', 'insyaallah', 'bakal', 'dikabulin', 'doain', 'aku', 'juara', 'umum', '1', 'aamiin']","['sorry', 'oot', 'katanyaaa', '40', 'orng', 'nge', 'aminin', 'insyaallah', 'dikabulin', 'doain', 'juara', '1', 'aamiin']","['sorry', 'oot', 'katanyaaa', '40', 'orng', 'nge', 'aminin', 'insyaallah', 'dikabulin', 'doain', 'juara', '1', 'aamiin']",sorry oot katanyaaa 40 orng nge aminin insyaallah dikabulin doain juara 1 aamiin,sorry oot katanyaaa 40 orng nge aminin insyaallah dikabulin doain juara 1 aamiin,Positif
Gue takut banget anak orang gajadi pinter lagi 😭😭😭,1,Gue takut banget anak orang gajadi pinter lagi,gue takut banget anak orang gajadi pinter lagi,"['gue', 'takut', 'banget', 'anak', 'orang', 'gajadi', 'pinter', 'lagi']","['gue', 'takut', 'banget', 'anak', 'orang', 'gajadi', 'pinter']","['gue', 'takut', 'banget', 'anak', 'orang', 'gajadi', 'pinter']",gue takut banget anak orang gajadi pinter,gue takut banget anak orang gajadi pinter,Negatif
Undang Jerome dong,0,Undang Jerome dong,undang jerome dong,"['undang', 'jerome', 'dong']","['undang', 'jerome']","['undang', 'jerome']",undang jerome,undang jerome,Netral
Yakin lo k*mon pinter?pikir2 lagi deh kalo ga tau hubungan  family 100 spotify ama dancow 😌 mending lo masuk circle ini.,0,Yakin lo kmon pinterpikir2 lagi deh kalo ga tau hubungan family spotify ama dancow mending lo masuk circle ini,yakin lo kmon pinterpikir2 lagi deh kalo ga tau hubungan family spotify ama dancow mending lo masuk circle ini,"['yakin', 'lo', 'kmon', 'pinterpikir2', 'lagi', 'deh', 'kalo', 'ga', 'tau', 'hubungan', 'family', 'spotify', 'ama', 'dancow', 'mending', 'lo', 'masuk', 'circle', 'ini']","['lo', 'kmon', 'pinterpikir2', 'deh', 'kalo', 'ga', 'tau', 'hubungan', 'family', 'spotify', 'ama', 'dancow', 'mending', 'lo', 'masuk', 'circle']","['lo', 'kmon', 'pinterpikir2', 'deh', 'kalo', 'ga', 'tau', 'hubung', 'family', 'spotify', 'ama', 'dancow', 'mending', 'lo', 'masuk', 'circle']",lo kmon pinterpikir2 deh kalo ga tau hubung family spotify ama dancow mending lo masuk circle,lo kmon pinterpikir2 deh kalo ga tau hubung family spotify ama dancow mending lo masuk circle,Negatif
"<a href=""https://www.youtube.com/watch?v=CaklHISbki8&amp;t=214"">3:34</a> GONG BGT WNAKKWIWKWKWKWKA",0,GONG banget WNAKKWIWKWKWKWKA,gong banget wnakkwiwkwkwkwka,"['gong', 'banget', 'wnakkwiwkwkwkwka']","['gong', 'banget', 'wnakkwiwkwkwkwka']","['gong', 'banget', 'wnakkwiwkwkwkwka']",gong banget wnakkwiwkwkwkwka,gong banget wnakkwiwkwkwkwka,Positif
mereka sefrekuensi njirrr,0,mereka sefrekuensi njirrr,mereka sefrekuensi njirrr,"['mereka', 'sefrekuensi', 'njirrr']","['sefrekuensi', 'njirrr']","['frekuensi', 'njirrr']",frekuensi njirrr,frekuensi njirrr,Positif
Kalian yakin mereka waras?,0,Kalian yakin mereka waras,kalian yakin mereka waras,"['kalian', 'yakin', 'mereka', 'waras']",['waras'],['waras'],waras,waras,Negatif
"ini ky nya sandy liat di podcast yg eps sm teh yaya ya yg niki bilang dia bilang seharusnya keren kalo tiba tiba surprise buka kemeja pamer baju jg tapi ga ada, ya ga si😭",0,ini kayak nya sandy liat di podcast yang eps sama teh yaya ya yang niki bilang dia bilang seharusnya keren kalo tiba tiba surprise buka kemeja pamer baju juga tapi ga ada ya ga si,ini kayak nya sandy liat di podcast yang eps sama teh yaya ya yang niki bilang dia bilang seharusnya keren kalo tiba tiba surprise buka kemeja pamer baju juga tapi ga ada ya ga si,"['ini', 'kayak', 'nya', 'sandy', 'liat', 'di', 'podcast', 'yang', 'eps', 'sama', 'teh', 'yaya', 'ya', 'yang', 'niki', 'bilang', 'dia', 'bilang', 'seharusnya', 'keren', 'kalo', 'tiba', 'tiba', 'surprise', 'buka', 'kemeja', 'pamer', 'baju', 'juga', 'tapi', 'ga', 'ada', 'ya', 'ga', 'si']","['kayak', 'nya', 'sandy', 'liat', 'podcast', 'eps', 'teh', 'yaya', 'ya', 'niki', 'bilang', 'bilang', 'keren', 'kalo', 'surprise', 'buka', 'kemeja', 'pamer', 'baju', 'ga', 'ya', 'ga', 'si']","['kayak', 'nya', 'sandy', 'liat', 'podcast', 'eps', 'teh', 'yaya', 'ya', 'nik', 'bilang', 'bilang', 'keren', 'kalo', 'surprise', 'buka', 'kemeja', 'pamer', 'baju', 'ga', 'ya', 'ga', 'si']",kayak nya sandy liat podcast eps teh yaya ya nik bilang bilang keren kalo surprise buka kemeja pamer baju ga ya ga si,kayak nya sandy liat podcast eps teh yaya ya nik bilang bilang keren kalo surprise buka kemeja pamer baju ga ya ga si,Netral
LUCUUUU BGT WKWKWKWKW,0,LUCUUUU banget WKWKWKWKW,lucuuuu banget wkwkwkwkw,"['lucuuuu', 'banget', 'wkwkwkwkw']","['lucuuuu', 'banget', 'wkwkwkwkw']","['lucuuuu', 'banget', 'wkwkwkwkw']",lucuuuu banget wkwkwkwkw,lucuuuu banget wkwkwkwkw,Positif
Sejak kapan sandy kayak begini,0,Sejak kapan sandy kayak begini,sejak kapan sandy kayak begini,"['sejak', 'kapan', 'sandy', 'kayak', 'begini']","['sandy', 'kayak']","['sandy', 'kayak']",sandy kayak,sandy kayak,Negatif
meleng dikit ganti topik 😭,0,meleng dikit ganti topik,meleng dikit ganti topik,"['meleng', 'dikit', 'ganti', 'topik']","['meleng', 'dikit', 'ganti', 'topik']","['meleng', 'dikit', 'ganti', 'topik']",meleng dikit ganti topik,meleng dikit ganti topik,Negatif
EP TERKOCYAAAAAAAK,0,EP TERKOCYAAAAAAAK,ep terkocyaaaaaaak,"['ep', 'terkocyaaaaaaak']","['ep', 'terkocyaaaaaaak']","['ep', 'terkocyaaaaaaak']",ep terkocyaaaaaaak,ep terkocyaaaaaaak,Positif
Bwahahaaa ganyangka kalian nyambung,0,Bwahahaaa ganyangka kalian nyambung,bwahahaaa ganyangka kalian nyambung,"['bwahahaaa', 'ganyangka', 'kalian', 'nyambung']","['bwahahaaa', 'ganyangka', 'nyambung']","['bwahahaaa', 'ganyangka', 'nyambung']",bwahahaaa ganyangka nyambung,bwahahaaa ganyangka nyambung,Positif
baru kali ini dalam podcast ini yg d undang waras,0,baru kali ini dalam podcast ini yang d undang waras,baru kali ini dalam podcast ini yang d undang waras,"['baru', 'kali', 'ini', 'dalam', 'podcast', 'ini', 'yang', 'd', 'undang', 'waras']","['kali', 'podcast', 'd', 'undang', 'waras']","['kali', 'podcast', 'd', 'undang', 'waras']",kali podcast d undang waras,kali podcast d undang waras,Netral
🗣&quot;Lu pinter emang&quot; sandy:👀🥶🤨,0,Lu pinter emang sandy,lu pinter emang sandy,"['lu', 'pinter', 'emang', 'sandy']","['lu', 'pinter', 'emang', 'sandy']","['lu', 'pinter', 'emang', 'sandy']",lu pinter emang sandy,lu pinter emang sandy,Positif
ngalor ngidul gini pembahasan nya😭,1,ngalor ngidul gini pembahasan nya,ngalor ngidul gini pembahasan nya,"['ngalor', 'ngidul', 'gini', 'pembahasan', 'nya']","['ngalor', 'ngidul', 'gini', 'pembahasan', 'nya']","['ngalor', 'ngidul', 'gin', 'bahas', 'nya']",ngalor ngidul gin bahas nya,ngalor ngidul gin bahas nya,Negatif
Pokoknya harus jadi tuh family 100,1,Pokoknya harus jadi tuh family,pokoknya harus jadi tuh family,"['pokoknya', 'harus', 'jadi', 'tuh', 'family']","['pokoknya', 'tuh', 'family']","['pokok', 'tuh', 'family']",pokok tuh family,pokok tuh family,Positif
Gelisah ih nontonnya,1,Gelisah ih nontonnya,gelisah ih nontonnya,"['gelisah', 'ih', 'nontonnya']","['gelisah', 'ih', 'nontonnya']","['gelisah', 'ih', 'nontonnya']",gelisah ih nontonnya,gelisah ih nontonnya,Negatif
wkwkwk,0,wkwkwk,wkwkwk,['wkwkwk'],['wkwkwk'],['wkwkwk'],wkwkwk,wkwkwk,Positif
satu spesies ternyata,0,satu spesies ternyata,satu spesies ternyata,"['satu', 'spesies', 'ternyata']",['spesies'],['spesies'],spesies,spesies,Positif
sakit perut aku wak 😭😭😭😭🤣🤣🤣,0,sakit perut aku wak,sakit perut aku wak,"['sakit', 'perut', 'aku', 'wak']","['sakit', 'perut', 'wak']","['sakit', 'perut', 'wak']",sakit perut wak,sakit perut wak,Positif
here i am liking the comments from waras peeps,0,here i am liking the comments from waras peeps,here i am liking the comments from waras peeps,"['here', 'i', 'am', 'liking', 'the', 'comments', 'from', 'waras', 'peeps']","['here', 'i', 'am', 'liking', 'the', 'comments', 'from', 'waras', 'peeps']","['here', 'i', 'am', 'liking', 'the', 'comments', 'from', 'waras', 'peeps']",here i am liking the comments from waras peeps,here i am liking the comments from waras peeps,Netral
nyangka gak lu pada,0,nyangka gak lu pada,nyangka gak lu pada,"['nyangka', 'gak', 'lu', 'pada']","['nyangka', 'gak', 'lu']","['nyangka', 'gak', 'lu']",nyangka gak lu,nyangka gak lu,Negatif
sandy definisi orang pinter tapi bisa lucu 😂,0,sandy definisi orang pinter tapi bisa lucu,sandy definisi orang pinter tapi bisa lucu,"['sandy', 'definisi', 'orang', 'pinter', 'tapi', 'bisa', 'lucu']","['sandy', 'definisi', 'orang', 'pinter', 'lucu']","['sandy', 'definisi', 'orang', 'pinter', 'lucu']",sandy definisi orang pinter lucu,sandy definisi orang pinter lucu,Positif
bru jg mulai dh kejawa w,0,bru juga mulai dh ketawa w,bru juga mulai dh ketawa w,"['bru', 'juga', 'mulai', 'dh', 'ketawa', 'w']","['bru', 'dh', 'ketawa', 'w']","['bru', 'dh', 'ketawa', 'w']",bru dh ketawa w,bru dh ketawa w,Positif
12 kali 12 144<br>It&#39;s so easy,0,12 kali 12 Its so easy,12 kali 12 its so easy,"['12', 'kali', '12', 'its', 'so', 'easy']","['12', 'kali', '12', 'its', 'so', 'easy']","['12', 'kali', '12', 'its', 'so', 'easy']",12 kali 12 its so easy,12 kali 12 its so easy,Netral
30 kuadrat 900<br>100 kali 100 10.000,0,30 kuadrat kali 10,30 kuadrat kali 10,"['30', 'kuadrat', 'kali', '10']","['30', 'kuadrat', 'kali', '10']","['30', 'kuadrat', 'kali', '10']",30 kuadrat kali 10,30 kuadrat kali 10,Netral
waras bgt yang pake baju warna biru,0,waras banget yang pake baju warna biru,waras banget yang pake baju warna biru,"['waras', 'banget', 'yang', 'pake', 'baju', 'warna', 'biru']","['waras', 'banget', 'pake', 'baju', 'warna', 'biru']","['waras', 'banget', 'pake', 'baju', 'warna', 'biru']",waras banget pake baju warna biru,waras banget pake baju warna biru,Positif
Undang pak benny bapaknya abe 😭,0,Undang pak benny bapaknya abe,undang pak benny bapaknya abe,"['undang', 'pak', 'benny', 'bapaknya', 'abe']","['undang', 'benny', 'bapaknya', 'abe']","['undang', 'benny', 'bapak', 'abe']",undang benny bapak abe,undang benny bapak abe,Netral
NGAKAK,0,NGAKAK,ngakak,['ngakak'],['ngakak'],['ngakak'],ngakak,ngakak,Positif
Kok nyambung sii wkwk,0,Kok nyambung sii wkwk,kok nyambung sii wkwk,"['kok', 'nyambung', 'sii', 'wkwk']","['nyambung', 'sii', 'wkwk']","['nyambung', 'sii', 'wkwk']",nyambung sii wkwk,nyambung sii wkwk,Positif
syeryu byangyet 😢,0,syeryu byangyet,syeryu byangyet,"['syeryu', 'byangyet']","['syeryu', 'byangyet']","['syeryu', 'byangyet']",syeryu byangyet,syeryu byangyet,Positif
ternyata sandy setipe GAKUAT,2,ternyata sandy setipe GAKUAT,ternyata sandy setipe gakuat,"['ternyata', 'sandy', 'setipe', 'gakuat']","['sandy', 'setipe', 'gakuat']","['sandy', 'tipe', 'gakuat']",sandy tipe gakuat,sandy tipe gakuat,Negatif
kalo rewatch ini jd inget perna ketemu niky terus fyi bgt bilang aku juga lahir 1 mei literally 1999 jugak hahaha malu bgt lagi kalo diinget tp seneng ketemu niky!111!!!!,0,kalo rewatch ini jadi inget perna ketemu niky terus fyi banget bilang aku juga lahir 1 mei literally jugak hahaha malu banget lagi kalo diinget tapi seneng ketemu niky,kalo rewatch ini jadi inget perna ketemu niky terus fyi banget bilang aku juga lahir 1 mei literally jugak hahaha malu banget lagi kalo diinget tapi seneng ketemu niky,"['kalo', 'rewatch', 'ini', 'jadi', 'inget', 'perna', 'ketemu', 'niky', 'terus', 'fyi', 'banget', 'bilang', 'aku', 'juga', 'lahir', '1', 'mei', 'literally', 'jugak', 'hahaha', 'malu', 'banget', 'lagi', 'kalo', 'diinget', 'tapi', 'seneng', 'ketemu', 'niky']","['kalo', 'rewatch', 'inget', 'perna', 'ketemu', 'niky', 'fyi', 'banget', 'bilang', 'lahir', '1', 'mei', 'literally', 'jugak', 'hahaha', 'malu', 'banget', 'kalo', 'diinget', 'seneng', 'ketemu', 'niky']","['kalo', 'rewatch', 'inget', 'perna', 'ketemu', 'niky', 'fyi', 'banget', 'bilang', 'lahir', '1', 'mei', 'literally', 'jugak', 'hahaha', 'malu', 'banget', 'kalo', 'diinget', 'neng', 'ketemu', 'niky']",kalo rewatch inget perna ketemu niky fyi banget bilang lahir 1 mei literally jugak hahaha malu banget kalo diinget neng ketemu niky,kalo rewatch inget perna ketemu niky fyi banget bilang lahir 1 mei literally jugak hahaha malu banget kalo diinget neng ketemu niky,Positif
sandy salah pergaulan,1,sandy salah pergaulan,sandy salah pergaulan,"['sandy', 'salah', 'pergaulan']","['sandy', 'salah', 'pergaulan']","['sandy', 'salah', 'gaul']",sandy salah gaul,sandy salah gaul,Negatif
Seruu lanjut ep2 sm sandyy,0,Seruu lanjut ep2 sama sandyy,seruu lanjut ep2 sama sandyy,"['seruu', 'lanjut', 'ep2', 'sama', 'sandyy']","['seruu', 'ep2', 'sandyy']","['seruu', 'ep2', 'sandyy']",seruu ep2 sandyy,seruu ep2 sandyy,Positif
bahagia in aku dong sandy,0,bahagia in aku dong sandy,bahagia in aku dong sandy,"['bahagia', 'in', 'aku', 'dong', 'sandy']","['bahagia', 'in', 'sandy']","['bahagia', 'in', 'sandy']",bahagia in sandy,bahagia in sandy,Positif
Ngakak banget ngelihat 3 manusia super jenius ini 😂,0,Ngakak banget ngelihat 3 manusia super jenius ini,ngakak banget ngelihat 3 manusia super jenius ini,"['ngakak', 'banget', 'ngelihat', '3', 'manusia', 'super', 'jenius', 'ini']","['ngakak', 'banget', 'ngelihat', '3', 'manusia', 'super', 'jenius']","['ngakak', 'banget', 'ngelihat', '3', 'manusia', 'super', 'jenius']",ngakak banget ngelihat 3 manusia super jenius,ngakak banget ngelihat 3 manusia super jenius,Positif
gwhh jugaa 1 mayy bedaa tahun ajaa,0,gwhh jugaa 1 mayy bedaa tahun ajaa,gwhh jugaa 1 mayy bedaa tahun ajaa,"['gwhh', 'jugaa', '1', 'mayy', 'bedaa', 'tahun', 'ajaa']","['gwhh', 'jugaa', '1', 'mayy', 'bedaa', 'ajaa']","['gwhh', 'jugaa', '1', 'mayy', 'bedaa', 'ajaa']",gwhh jugaa 1 mayy bedaa ajaa,gwhh jugaa 1 mayy bedaa ajaa,Positif
ini temannya emng ADHD gini? 😢,0,ini temannya emng ADHD gini,ini temannya emng adhd gini,"['ini', 'temannya', 'emng', 'adhd', 'gini']","['temannya', 'emng', 'adhd', 'gini']","['teman', 'emng', 'adhd', 'gin']",teman emng adhd gin,teman emng adhd gin,Netral
"sebenernya ak lgi nonton apa ini, kok ga terarah kyk hubunganku dengannya😢",0,sebenernya saya lgi nonton apa ini kok ga terarah kyk hubunganku dengannya,sebenernya saya lgi nonton apa ini kok ga terarah kyk hubunganku dengannya,"['sebenernya', 'saya', 'lgi', 'nonton', 'apa', 'ini', 'kok', 'ga', 'terarah', 'kyk', 'hubunganku', 'dengannya']","['sebenernya', 'lgi', 'nonton', 'ga', 'terarah', 'kyk', 'hubunganku', 'dengannya']","['sebenernya', 'lgi', 'nonton', 'ga', 'arah', 'kyk', 'hubung', 'dengan']",sebenernya lgi nonton ga arah kyk hubung dengan,sebenernya lgi nonton ga arah kyk hubung dengan,Negatif
"stop mario ikut ngomong waktu sandy spill rumusnya, ngga denger woy 😭😭",2,stop mario ikut ngomong waktu sandy spill rumusnya ngga denger woy,stop mario ikut ngomong waktu sandy spill rumusnya ngga denger woy,"['stop', 'mario', 'ikut', 'ngomong', 'waktu', 'sandy', 'spill', 'rumusnya', 'ngga', 'denger', 'woy']","['stop', 'mario', 'ngomong', 'sandy', 'spill', 'rumusnya', 'ngga', 'denger', 'woy']","['stop', 'mario', 'ngomong', 'sandy', 'spill', 'rumus', 'ngga', 'denger', 'woy']",stop mario ngomong sandy spill rumus ngga denger woy,stop mario ngomong sandy spill rumus ngga denger woy,Negatif
Waduh pertama kali liat podcast nih,0,Waduh pertama kali liat podcast nih,waduh pertama kali liat podcast nih,"['waduh', 'pertama', 'kali', 'liat', 'podcast', 'nih']","['kali', 'liat', 'podcast', 'nih']","['kali', 'liat', 'podcast', 'nih']",kali liat podcast nih,kali liat podcast nih,Netral
Kok bisa nyambung Shandy..... 😅😅😅,0,Kok bisa nyambung Shandy,kok bisa nyambung shandy,"['kok', 'bisa', 'nyambung', 'shandy']","['nyambung', 'shandy']","['nyambung', 'shandy']",nyambung shandy,nyambung shandy,Positif
Spiker bisa mendengar...kn ada spiker yg bisa rekam,1,Spiker bisa mendengarkn ada spiker yang bisa rekam,spiker bisa mendengarkn ada spiker yang bisa rekam,"['spiker', 'bisa', 'mendengarkn', 'ada', 'spiker', 'yang', 'bisa', 'rekam']","['spiker', 'mendengarkn', 'spiker', 'rekam']","['spiker', 'mendengarkn', 'spiker', 'rekam']",spiker mendengarkn spiker rekam,spiker mendengarkn spiker rekam,Netral
episode aneh banget wkwkwkkwkw,0,episode aneh banget wkwkwkkwkw,episode aneh banget wkwkwkkwkw,"['episode', 'aneh', 'banget', 'wkwkwkkwkw']","['episode', 'aneh', 'banget', 'wkwkwkkwkw']","['episode', 'aneh', 'banget', 'wkwkwkkwkw']",episode aneh banget wkwkwkkwkw,episode aneh banget wkwkwkkwkw,Negatif
"Demi apapun gua ga berenti ketawa anjir😭😭 posisinya lagi beberes rumah, tapi telinga nempel dihp dan kerjaan rumah jdi lama slesai krna gua ketawa mulu",0,Demi apapun gua ga berenti ketawa anjir posisinya lagi beberes rumah tapi telinga nempel dihp dan kerjaan rumah jdi lama slesai krna gua ketawa mulu,demi apapun gua ga berenti ketawa anjir posisinya lagi beberes rumah tapi telinga nempel dihp dan kerjaan rumah jdi lama slesai krna gua ketawa mulu,"['demi', 'apapun', 'gua', 'ga', 'berenti', 'ketawa', 'anjir', 'posisinya', 'lagi', 'beberes', 'rumah', 'tapi', 'telinga', 'nempel', 'dihp', 'dan', 'kerjaan', 'rumah', 'jdi', 'lama', 'slesai', 'krna', 'gua', 'ketawa', 'mulu']","['apapun', 'gua', 'ga', 'berenti', 'ketawa', 'anjir', 'posisinya', 'beberes', 'rumah', 'telinga', 'nempel', 'dihp', 'kerjaan', 'rumah', 'jdi', 'slesai', 'krna', 'gua', 'ketawa', 'mulu']","['apa', 'gua', 'ga', 'renti', 'ketawa', 'anjir', 'posisi', 'beberes', 'rumah', 'telinga', 'nempel', 'dihp', 'kerja', 'rumah', 'jdi', 'slesai', 'krna', 'gua', 'ketawa', 'mulu']",apa gua ga renti ketawa anjir posisi beberes rumah telinga nempel dihp kerja rumah jdi slesai krna gua ketawa mulu,apa gua ga renti ketawa anjir posisi beberes rumah telinga nempel dihp kerja rumah jdi slesai krna gua ketawa mulu,Positif
Sandy selalu sebut nama Axel begitupun Axel slalu sbut nama Sandy🥺,0,Sandy selalu sebut nama Axel begitupun Axel slalu sbut nama Sandy,sandy selalu sebut nama axel begitupun axel slalu sbut nama sandy,"['sandy', 'selalu', 'sebut', 'nama', 'axel', 'begitupun', 'axel', 'slalu', 'sbut', 'nama', 'sandy']","['sandy', 'nama', 'axel', 'axel', 'slalu', 'sbut', 'nama', 'sandy']","['sandy', 'nama', 'axel', 'axel', 'slalu', 'sbut', 'nama', 'sandy']",sandy nama axel axel slalu sbut nama sandy,sandy nama axel axel slalu sbut nama sandy,Netral
ending nya ga pernah gagal T.T,0,ending nya ga pernah gagal TT,ending nya ga pernah gagal tt,"['ending', 'nya', 'ga', 'pernah', 'gagal', 'tt']","['ending', 'nya', 'ga', 'gagal', 'tt']","['ending', 'nya', 'ga', 'gagal', 'tt']",ending nya ga gagal tt,ending nya ga gagal tt,Positif
k podcast nemu kembaran,0,k podcast nemu kembaran,k podcast nemu kembaran,"['k', 'podcast', 'nemu', 'kembaran']","['k', 'podcast', 'nemu', 'kembaran']","['k', 'podcast', 'nemu', 'kembar']",k podcast nemu kembar,k podcast nemu kembar,Netral
gua nonton nya pas tgl 25 lagi 😅,0,gua nonton nya pas tanggal 25 lagi,gua nonton nya pas tanggal 25 lagi,"['gua', 'nonton', 'nya', 'pas', 'tanggal', '25', 'lagi']","['gua', 'nonton', 'nya', 'pas', 'tanggal', '25']","['gua', 'nonton', 'nya', 'pas', 'tanggal', '25']",gua nonton nya pas tanggal 25,gua nonton nya pas tanggal 25,Netral
"ditegur org kantor karna ketawa sendiri, padahal w cuman dengar lewat headset ga sambil liat gambarnyaa pun bisa lucu😭😭",0,ditegur org kantor karna ketawa sendiri padahal w cuman dengar lewat headset ga sambil liat gambarnyaa pun bisa lucu,ditegur org kantor karna ketawa sendiri padahal w cuman dengar lewat headset ga sambil liat gambarnyaa pun bisa lucu,"['ditegur', 'org', 'kantor', 'karna', 'ketawa', 'sendiri', 'padahal', 'w', 'cuman', 'dengar', 'lewat', 'headset', 'ga', 'sambil', 'liat', 'gambarnyaa', 'pun', 'bisa', 'lucu']","['ditegur', 'org', 'kantor', 'karna', 'ketawa', 'w', 'cuman', 'dengar', 'headset', 'ga', 'liat', 'gambarnyaa', 'lucu']","['tegur', 'org', 'kantor', 'karna', 'ketawa', 'w', 'cuman', 'dengar', 'headset', 'ga', 'liat', 'gambarnyaa', 'lucu']",tegur org kantor karna ketawa w cuman dengar headset ga liat gambarnyaa lucu,tegur org kantor karna ketawa w cuman dengar headset ga liat gambarnyaa lucu,Positif
Nungguin part 2 nya,0,Nungguin part 2 nya,nungguin part 2 nya,"['nungguin', 'part', '2', 'nya']","['nungguin', 'part', '2', 'nya']","['nungguin', 'part', '2', 'nya']",nungguin part 2 nya,nungguin part 2 nya,Positif
Kak sandy mau tanya cara biar masuk coc aku mei 11,0,Kak sandy mau tanya cara biar masuk coc aku mei 11,kak sandy mau tanya cara biar masuk coc aku mei 11,"['kak', 'sandy', 'mau', 'tanya', 'cara', 'biar', 'masuk', 'coc', 'aku', 'mei', '11']","['kak', 'sandy', 'biar', 'masuk', 'coc', 'mei', '11']","['kak', 'sandy', 'biar', 'masuk', 'coc', 'mei', '11']",kak sandy biar masuk coc mei 11,kak sandy biar masuk coc mei 11,Netral
gg,0,gg,gg,['gg'],['gg'],['gg'],gg,gg,Positif
&quot;gausa ikutan&quot; KWKKWKKWKWKW,0,gausa ikutan KWKKWKKWKWKW,gausa ikutan kwkkwkkwkwkw,"['gausa', 'ikutan', 'kwkkwkkwkwkw']","['gausa', 'ikutan', 'kwkkwkkwkwkw']","['gausa', 'ikut', 'kwkkwkkwkwkw']",gausa ikut kwkkwkkwkwkw,gausa ikut kwkkwkkwkwkw,Positif
"ih gila lucu banget lagi. nyambuuungg bener si sandy, kacauuuu",0,ih gila lucu banget lagi nyambuuungg bener si sandy kacauuuu,ih gila lucu banget lagi nyambuuungg bener si sandy kacauuuu,"['ih', 'gila', 'lucu', 'banget', 'lagi', 'nyambuuungg', 'bener', 'si', 'sandy', 'kacauuuu']","['ih', 'gila', 'lucu', 'banget', 'nyambuuungg', 'bener', 'si', 'sandy', 'kacauuuu']","['ih', 'gila', 'lucu', 'banget', 'nyambuuungg', 'bener', 'si', 'sandy', 'kacauuuu']",ih gila lucu banget nyambuuungg bener si sandy kacauuuu,ih gila lucu banget nyambuuungg bener si sandy kacauuuu,Positif
Kenapa Sandy bisa nyambung ngobrol sm ni pulu pulu ya?,0,Kenapa Sandy bisa nyambung ngobrol sama ni pulu pulu ya,kenapa sandy bisa nyambung ngobrol sama ni pulu pulu ya,"['kenapa', 'sandy', 'bisa', 'nyambung', 'ngobrol', 'sama', 'ni', 'pulu', 'pulu', 'ya']","['sandy', 'nyambung', 'ngobrol', 'ni', 'pulu', 'pulu', 'ya']","['sandy', 'nyambung', 'ngobrol', 'ni', 'pulu', 'pulu', 'ya']",sandy nyambung ngobrol ni pulu pulu ya,sandy nyambung ngobrol ni pulu pulu ya,Negatif
"rewatch ini ampe 3x lebih,seru bgt pokonyaaa!!!!!!❤❤❤",0,rewatch ini ampe 3x lebihseru banget pokonyaaa,rewatch ini ampe 3x lebihseru banget pokonyaaa,"['rewatch', 'ini', 'ampe', '3x', 'lebihseru', 'banget', 'pokonyaaa']","['rewatch', 'ampe', '3x', 'lebihseru', 'banget', 'pokonyaaa']","['rewatch', 'ampe', '3x', 'lebihseru', 'banget', 'pokonyaaa']",rewatch ampe 3x lebihseru banget pokonyaaa,rewatch ampe 3x lebihseru banget pokonyaaa,Positif
isi podcast ini kaya pikiran gw kalo lagi demam tinggi,0,isi podcast ini kaya pikiran saya kalo lagi demam tinggi,isi podcast ini kaya pikiran saya kalo lagi demam tinggi,"['isi', 'podcast', 'ini', 'kaya', 'pikiran', 'saya', 'kalo', 'lagi', 'demam', 'tinggi']","['isi', 'podcast', 'kaya', 'pikiran', 'kalo', 'demam']","['isi', 'podcast', 'kaya', 'pikir', 'kalo', 'demam']",isi podcast kaya pikir kalo demam,isi podcast kaya pikir kalo demam,Negatif
WOI DEMI SUMPAH GUA YANG NONTON JUGA 1 MEIIII<br><br>cheerss!!❤,0,WOI DEMI SUMPAH GUA YANG NONTON JUGA 1 MEIIII cheerss,woi demi sumpah gua yang nonton juga 1 meiiii cheerss,"['woi', 'demi', 'sumpah', 'gua', 'yang', 'nonton', 'juga', '1', 'meiiii', 'cheerss']","['woi', 'sumpah', 'gua', 'nonton', '1', 'meiiii', 'cheerss']","['woi', 'sumpah', 'gua', 'nonton', '1', 'meiiii', 'cheerss']",woi sumpah gua nonton 1 meiiii cheerss,woi sumpah gua nonton 1 meiiii cheerss,Positif
WKWKWK KOCAK BGT SEFREKUENSI WARASNYEEEE,0,WKWKWK KOCAK banget SEFREKUENSI WARASNYEEEE,wkwkwk kocak banget sefrekuensi warasnyeeee,"['wkwkwk', 'kocak', 'banget', 'sefrekuensi', 'warasnyeeee']","['wkwkwk', 'kocak', 'banget', 'sefrekuensi', 'warasnyeeee']","['wkwkwk', 'kocak', 'banget', 'frekuensi', 'warasnyeeee']",wkwkwk kocak banget frekuensi warasnyeeee,wkwkwk kocak banget frekuensi warasnyeeee,Positif
Makin kebelakang makin ngakak😂,0,Makin kebelakang makin ngakak,makin kebelakang makin ngakak,"['makin', 'kebelakang', 'makin', 'ngakak']","['kebelakang', 'ngakak']","['belakang', 'ngakak']",belakang ngakak,belakang ngakak,Positif
"<a href=""https://www.youtube.com/watch?v=CaklHISbki8&amp;t=1195"">19:55</a> gejala turun iq😂",3,gejala turun iq,gejala turun iq,"['gejala', 'turun', 'iq']","['gejala', 'turun', 'iq']","['gejala', 'turun', 'iq']",gejala turun iq,gejala turun iq,Negatif
Ksinii gara²liatt kepo di tiktokk😢😢,0,Ksinii garaliatt kepo di tiktokk,ksinii garaliatt kepo di tiktokk,"['ksinii', 'garaliatt', 'kepo', 'di', 'tiktokk']","['ksinii', 'garaliatt', 'kepo', 'tiktokk']","['ksinii', 'garaliatt', 'kepo', 'tiktokk']",ksinii garaliatt kepo tiktokk,ksinii garaliatt kepo tiktokk,Netral
"Dear the future wife of orang waras ini, sabar yaaa 😊",0,Dear the future wife of orang waras ini sabar yaaa,dear the future wife of orang waras ini sabar yaaa,"['dear', 'the', 'future', 'wife', 'of', 'orang', 'waras', 'ini', 'sabar', 'yaaa']","['dear', 'the', 'future', 'wife', 'of', 'orang', 'waras', 'sabar', 'yaaa']","['dear', 'the', 'future', 'wife', 'of', 'orang', 'waras', 'sabar', 'yaaa']",dear the future wife of orang waras sabar yaaa,dear the future wife of orang waras sabar yaaa,Positif
"STOP, MASKER GUA RETAK GRAGRA NONTON NI PODCAST",0,STOP MASKER GUA RETAK GRAGRA NONTON NI PODCAST,stop masker gua retak gragra nonton ni podcast,"['stop', 'masker', 'gua', 'retak', 'gragra', 'nonton', 'ni', 'podcast']","['stop', 'masker', 'gua', 'retak', 'gragra', 'nonton', 'ni', 'podcast']","['stop', 'masker', 'gua', 'retak', 'gragra', 'nonton', 'ni', 'podcast']",stop masker gua retak gragra nonton ni podcast,stop masker gua retak gragra nonton ni podcast,Netral
"apaaan sih WKWKWKW, ga berhenti ngakak",0,apaaan sih WKWKWKW ga berhenti ngakak,apaaan sih wkwkwkw ga berhenti ngakak,"['apaaan', 'sih', 'wkwkwkw', 'ga', 'berhenti', 'ngakak']","['apaaan', 'sih', 'wkwkwkw', 'ga', 'berhenti', 'ngakak']","['apaaan', 'sih', 'wkwkwkw', 'ga', 'henti', 'ngakak']",apaaan sih wkwkwkw ga henti ngakak,apaaan sih wkwkwkw ga henti ngakak,Positif
Sandy lucu banget,0,Sandy lucu banget,sandy lucu banget,"['sandy', 'lucu', 'banget']","['sandy', 'lucu', 'banget']","['sandy', 'lucu', 'banget']",sandy lucu banget,sandy lucu banget,Positif
ngakak bgt pls 😭😭,0,ngakak banget pls,ngakak banget pls,"['ngakak', 'banget', 'pls']","['ngakak', 'banget', 'pls']","['ngakak', 'banget', 'pls']",ngakak banget pls,ngakak banget pls,Positif
"niky ih, i love mihu mihu🤭",0,niky ih i love mihu mihu,niky ih i love mihu mihu,"['niky', 'ih', 'i', 'love', 'mihu', 'mihu']","['niky', 'ih', 'i', 'love', 'mihu', 'mihu']","['niky', 'ih', 'i', 'love', 'mihu', 'mihu']",niky ih i love mihu mihu,niky ih i love mihu mihu,Positif
sandy humble dan masuk semua jalur yaa😂,0,sandy humble dan masuk semua jalur yaa,sandy humble dan masuk semua jalur yaa,"['sandy', 'humble', 'dan', 'masuk', 'semua', 'jalur', 'yaa']","['sandy', 'humble', 'masuk', 'jalur', 'yaa']","['sandy', 'humble', 'masuk', 'jalur', 'yaa']",sandy humble masuk jalur yaa,sandy humble masuk jalur yaa,Netral
"Sandyyy tuh manusia yang sangat flexible ya, the real jenius 😭🤏🏻<br>Ayok bikin podcast lagi kalian bertigaaaa",0,Sandyyy tuh manusia yang sangat flexible ya the real jenius Ayok bikin podcast lagi kalian bertigaaaa,sandyyy tuh manusia yang sangat flexible ya the real jenius ayok bikin podcast lagi kalian bertigaaaa,"['sandyyy', 'tuh', 'manusia', 'yang', 'sangat', 'flexible', 'ya', 'the', 'real', 'jenius', 'ayok', 'bikin', 'podcast', 'lagi', 'kalian', 'bertigaaaa']","['sandyyy', 'tuh', 'manusia', 'flexible', 'ya', 'the', 'real', 'jenius', 'ayok', 'bikin', 'podcast', 'bertigaaaa']","['sandyyy', 'tuh', 'manusia', 'flexible', 'ya', 'the', 'real', 'jenius', 'ayok', 'bikin', 'podcast', 'bertigaaaa']",sandyyy tuh manusia flexible ya the real jenius ayok bikin podcast bertigaaaa,sandyyy tuh manusia flexible ya the real jenius ayok bikin podcast bertigaaaa,Positif
takut pas nonton ini langsung keterima di universitas negeri Singapore,2,takut pas nonton ini langsung keterima di universitas negeri Singapore,takut pas nonton ini langsung keterima di universitas negeri singapore,"['takut', 'pas', 'nonton', 'ini', 'langsung', 'keterima', 'di', 'universitas', 'negeri', 'singapore']","['takut', 'pas', 'nonton', 'langsung', 'keterima', 'universitas', 'negeri', 'singapore']","['takut', 'pas', 'nonton', 'langsung', 'terima', 'universitas', 'negeri', 'singapore']",takut pas nonton langsung terima universitas negeri singapore,takut pas nonton langsung terima universitas negeri singapore,Negatif
sandy pulang nak,1,sandy pulang nak,sandy pulang nak,"['sandy', 'pulang', 'nak']","['sandy', 'pulang', 'nak']","['sandy', 'pulang', 'nak']",sandy pulang nak,sandy pulang nak,Netral
"<a href=""https://www.youtube.com/watch?v=CaklHISbki8&amp;t=1912"">31:52</a> mendengar pun tak sudi",0,mendengar pun tak sudi,mendengar pun tak sudi,"['mendengar', 'pun', 'tak', 'sudi']","['mendengar', 'sudi']","['dengar', 'sudi']",dengar sudi,dengar sudi,Negatif
si sandy modal banget datang ke podcast ini wkwkwkwk,2,si sandy modal banget datang ke podcast ini wkwkwkwk,si sandy modal banget datang ke podcast ini wkwkwkwk,"['si', 'sandy', 'modal', 'banget', 'datang', 'ke', 'podcast', 'ini', 'wkwkwkwk']","['si', 'sandy', 'modal', 'banget', 'podcast', 'wkwkwkwk']","['si', 'sandy', 'modal', 'banget', 'podcast', 'wkwkwkwk']",si sandy modal banget podcast wkwkwkwk,si sandy modal banget podcast wkwkwkwk,Positif
DEMI ALLAH PIPI GW SAKIT BGT NYENGIR MLU,0,DEMI ALLAH PIPI saya SAKIT banget NYENGIR MLU,demi allah pipi saya sakit banget nyengir mlu,"['demi', 'allah', 'pipi', 'saya', 'sakit', 'banget', 'nyengir', 'mlu']","['allah', 'pipi', 'sakit', 'banget', 'nyengir', 'mlu']","['allah', 'pipi', 'sakit', 'banget', 'nyengir', 'mlu']",allah pipi sakit banget nyengir mlu,allah pipi sakit banget nyengir mlu,Positif
"Satu episode setara dengan 3 loli milkita. Makasih banyak, berkat nonton ini aku jadi punya semangat ikut CoC, Clash of Cipung karena aku adalah keluarga artis",0,Satu episode setara dengan 3 loli milkita Makasih banyak berkat nonton ini aku jadi punya semangat ikut CoC Clash of Cipung karena aku adalah keluarga artis,satu episode setara dengan 3 loli milkita makasih banyak berkat nonton ini aku jadi punya semangat ikut coc clash of cipung karena aku adalah keluarga artis,"['satu', 'episode', 'setara', 'dengan', '3', 'loli', 'milkita', 'makasih', 'banyak', 'berkat', 'nonton', 'ini', 'aku', 'jadi', 'punya', 'semangat', 'ikut', 'coc', 'clash', 'of', 'cipung', 'karena', 'aku', 'adalah', 'keluarga', 'artis']","['episode', 'setara', '3', 'loli', 'milkita', 'makasih', 'berkat', 'nonton', 'semangat', 'coc', 'clash', 'of', 'cipung', 'keluarga', 'artis']","['episode', 'tara', '3', 'loli', 'milkita', 'makasih', 'berkat', 'nonton', 'semangat', 'coc', 'clash', 'of', 'cipung', 'keluarga', 'artis']",episode tara 3 loli milkita makasih berkat nonton semangat coc clash of cipung keluarga artis,episode tara 3 loli milkita makasih berkat nonton semangat coc clash of cipung keluarga artis,Positif
seruu banget 🤣,0,seruu banget,seruu banget,"['seruu', 'banget']","['seruu', 'banget']","['seruu', 'banget']",seruu banget,seruu banget,Positif
salah bgtt gw nonton ini sambil makan 😭😭,0,salah bgtt saya nonton ini sambil makan,salah bgtt saya nonton ini sambil makan,"['salah', 'bgtt', 'saya', 'nonton', 'ini', 'sambil', 'makan']","['salah', 'bgtt', 'nonton', 'makan']","['salah', 'bgtt', 'nonton', 'makan']",salah bgtt nonton makan,salah bgtt nonton makan,Negatif
sandy PULANGG!,0,sandy PULANGG,sandy pulangg,"['sandy', 'pulangg']","['sandy', 'pulangg']","['sandy', 'pulangg']",sandy pulangg,sandy pulangg,Netral
CAPEK BANGEEET😂😂 GURUKU YANG SANGAT BUNCIT,0,CAPEK BANGEEET GURUKU YANG SANGAT BUNCIT,capek bangeeet guruku yang sangat buncit,"['capek', 'bangeeet', 'guruku', 'yang', 'sangat', 'buncit']","['capek', 'bangeeet', 'guruku', 'buncit']","['capek', 'bangeeet', 'guru', 'buncit']",capek bangeeet guru buncit,capek bangeeet guru buncit,Negatif
"aku masih mempertanyakan pada diriku, kenapa aku menonton ini",0,aku masih mempertanyakan pada diriku kenapa aku menonton ini,aku masih mempertanyakan pada diriku kenapa aku menonton ini,"['aku', 'masih', 'mempertanyakan', 'pada', 'diriku', 'kenapa', 'aku', 'menonton', 'ini']","['diriku', 'menonton']","['diri', 'tonton']",diri tonton,diri tonton,Negatif
gua nonton apa sih😊😊,0,gua nonton apa sih,gua nonton apa sih,"['gua', 'nonton', 'apa', 'sih']","['gua', 'nonton', 'sih']","['gua', 'nonton', 'sih']",gua nonton sih,gua nonton sih,Positif
coba maxwel,0,coba maxwel,coba maxwel,"['coba', 'maxwel']","['coba', 'maxwel']","['coba', 'maxwel']",coba maxwel,coba maxwel,Netral
Lucu bgt adekk,0,Lucu banget adekk,lucu banget adekk,"['lucu', 'banget', 'adekk']","['lucu', 'banget', 'adekk']","['lucu', 'banget', 'adekk']",lucu banget adekk,lucu banget adekk,Positif
"<a href=""https://www.youtube.com/watch?v=CaklHISbki8&amp;t=1189"">19:49</a> tapi kan family 100 mah survey soalnya wkwkw",0,tapi kan family mah survey soalnya wkwkw,tapi kan family mah survey soalnya wkwkw,"['tapi', 'kan', 'family', 'mah', 'survey', 'soalnya', 'wkwkw']","['family', 'mah', 'survey', 'wkwkw']","['family', 'mah', 'survey', 'wkwkw']",family mah survey wkwkw,family mah survey wkwkw,Negatif
Habis nonton ini iq nurun gaksih😭,0,Habis nonton ini iq nurun gaksih,habis nonton ini iq nurun gaksih,"['habis', 'nonton', 'ini', 'iq', 'nurun', 'gaksih']","['habis', 'nonton', 'iq', 'nurun', 'gaksih']","['habis', 'nonton', 'iq', 'nurun', 'gaksih']",habis nonton iq nurun gaksih,habis nonton iq nurun gaksih,Negatif
GA EKSPEK BGT SANNNNN ENDINGNYA😭,0,GA EKSPEK banget SANNNNN ENDINGNYA,ga ekspek banget sannnnn endingnya,"['ga', 'ekspek', 'banget', 'sannnnn', 'endingnya']","['ga', 'ekspek', 'banget', 'sannnnn', 'endingnya']","['ga', 'ekspek', 'banget', 'sannnnn', 'endingnya']",ga ekspek banget sannnnn endingnya,ga ekspek banget sannnnn endingnya,Positif
Habitat sandy inimah 😭,0,Habitat sandy inimah,habitat sandy inimah,"['habitat', 'sandy', 'inimah']","['habitat', 'sandy', 'inimah']","['habitat', 'sandy', 'inimah']",habitat sandy inimah,habitat sandy inimah,Positif
Ngakak bgttttt😂,0,Ngakak bgttttt,ngakak bgttttt,"['ngakak', 'bgttttt']","['ngakak', 'bgttttt']","['ngakak', 'bgttttt']",ngakak bgttttt,ngakak bgttttt,Positif
Mihu mihu,0,Mihu mihu,mihu mihu,"['mihu', 'mihu']","['mihu', 'mihu']","['mihu', 'mihu']",mihu mihu,mihu mihu,Positif
"Yok pulang sandy, jgn kama2",0,Yok pulang sandy jangan kama2,yok pulang sandy jangan kama2,"['yok', 'pulang', 'sandy', 'jangan', 'kama2']","['yok', 'pulang', 'sandy', 'kama2']","['yok', 'pulang', 'sandy', 'kama2']",yok pulang sandy kama2,yok pulang sandy kama2,Netral
"WOEE SERUU BANGETT,<a href=""http://www.youtube.com/results?search_query=%23salam"">#SALAM</a> ORANG WARAS",0,WOEE SERUU BANGETT ORANG WARAS,woee seruu bangett orang waras,"['woee', 'seruu', 'bangett', 'orang', 'waras']","['woee', 'seruu', 'bangett', 'orang', 'waras']","['woee', 'seruu', 'bangett', 'orang', 'waras']",woee seruu bangett orang waras,woee seruu bangett orang waras,Positif
Seumur hidup podcast pertama yg gue ttn 😭🙏,0,Seumur hidup podcast pertama yang gue ttn,seumur hidup podcast pertama yang gue ttn,"['seumur', 'hidup', 'podcast', 'pertama', 'yang', 'gue', 'ttn']","['seumur', 'hidup', 'podcast', 'gue', 'ttn']","['umur', 'hidup', 'podcast', 'gue', 'ttn']",umur hidup podcast gue ttn,umur hidup podcast gue ttn,Netral
HAHAH ngakak sepanjang nonton,0,HAHAH ngakak sepanjang nonton,hahah ngakak sepanjang nonton,"['hahah', 'ngakak', 'sepanjang', 'nonton']","['hahah', 'ngakak', 'nonton']","['hahah', 'ngakak', 'nonton']",hahah ngakak nonton,hahah ngakak nonton,Positif
KOCAK BGT PLIS NGONTEN BARENG LAGI,0,KOCAK banget PLIS NGONTEN BARENG LAGI,kocak banget plis ngonten bareng lagi,"['kocak', 'banget', 'plis', 'ngonten', 'bareng', 'lagi']","['kocak', 'banget', 'plis', 'ngonten', 'bareng']","['kocak', 'banget', 'plis', 'ngonten', 'bareng']",kocak banget plis ngonten bareng,kocak banget plis ngonten bareng,Positif
sandy ternyata extrovert😂😂😂😂,1,sandy ternyata extrovert,sandy ternyata extrovert,"['sandy', 'ternyata', 'extrovert']","['sandy', 'extrovert']","['sandy', 'extrovert']",sandy extrovert,sandy extrovert,Netral
kak undang andreas coc,1,kak undang andreas coc,kak undang andreas coc,"['kak', 'undang', 'andreas', 'coc']","['kak', 'undang', 'andreas', 'coc']","['kak', 'undang', 'andreas', 'coc']",kak undang andreas coc,kak undang andreas coc,Netral
"pulang san, main lu kejauhan",0,pulang san main lu kejauhan,pulang san main lu kejauhan,"['pulang', 'san', 'main', 'lu', 'kejauhan']","['pulang', 'san', 'main', 'lu', 'kejauhan']","['pulang', 'san', 'main', 'lu', 'jauh']",pulang san main lu jauh,pulang san main lu jauh,Negatif
penurun iq banget 😭😭😭,0,penurun iq banget,penurun iq banget,"['penurun', 'iq', 'banget']","['penurun', 'iq', 'banget']","['turun', 'iq', 'banget']",turun iq banget,turun iq banget,Negatif
Please undang cast CoC season 2 jugaaaa,0,Please undang cast CoC season 2 jugaaaa,please undang cast coc season 2 jugaaaa,"['please', 'undang', 'cast', 'coc', 'season', '2', 'jugaaaa']","['please', 'undang', 'cast', 'coc', 'season', '2', 'jugaaaa']","['please', 'undang', 'cast', 'coc', 'season', '2', 'jugaaaa']",please undang cast coc season 2 jugaaaa,please undang cast coc season 2 jugaaaa,Netral
Sepanjang video ngakak pol🤣🤣,0,Sepanjang video ngakak pol,sepanjang video ngakak pol,"['sepanjang', 'video', 'ngakak', 'pol']","['video', 'ngakak', 'pol']","['video', 'ngakak', 'pol']",video ngakak pol,video ngakak pol,Positif
Tersandy sandy,0,Tersandy sandy,tersandy sandy,"['tersandy', 'sandy']","['tersandy', 'sandy']","['tersandy', 'sandy']",tersandy sandy,tersandy sandy,Netral
TERAKHIR NYA LUCU BGT ANJRIT,0,TERAKHIR NYA LUCU banget ANJRIT,terakhir nya lucu banget anjrit,"['terakhir', 'nya', 'lucu', 'banget', 'anjrit']","['nya', 'lucu', 'banget', 'anjrit']","['nya', 'lucu', 'banget', 'anjrit']",nya lucu banget anjrit,nya lucu banget anjrit,Positif
Demi allah freak dan alay bgt isinyaaa mo nangis,0,Demi allah freak dan alay banget isinyaaa mo nangis,demi allah freak dan alay banget isinyaaa mo nangis,"['demi', 'allah', 'freak', 'dan', 'alay', 'banget', 'isinyaaa', 'mo', 'nangis']","['allah', 'freak', 'alay', 'banget', 'isinyaaa', 'mo', 'nangis']","['allah', 'freak', 'alay', 'banget', 'isinyaaa', 'mo', 'nang']",allah freak alay banget isinyaaa mo nang,allah freak alay banget isinyaaa mo nang,Negatif
Undang David Goh😂😂😂😂,0,Undang David Goh,undang david goh,"['undang', 'david', 'goh']","['undang', 'david', 'goh']","['undang', 'david', 'goh']",undang david goh,undang david goh,Netral
emg gambar ny kucing gtu kah??,0,memang gambar ny kucing gtu kah,memang gambar ny kucing gtu kah,"['memang', 'gambar', 'ny', 'kucing', 'gtu', 'kah']","['gambar', 'ny', 'kucing', 'gtu', 'kah']","['gambar', 'ny', 'kucing', 'gtu', 'kah']",gambar ny kucing gtu kah,gambar ny kucing gtu kah,Netral
Lucu banget subscribe ahhh,0,Lucu banget subscribe ahhh,lucu banget subscribe ahhh,"['lucu', 'banget', 'subscribe', 'ahhh']","['lucu', 'banget', 'subscribe', 'ahhh']","['lucu', 'banget', 'subscribe', 'ahhh']",lucu banget subscribe ahhh,lucu banget subscribe ahhh,Positif
MIHU MIHU MIHU I LOVE YOU😮😮,0,MIHU MIHU MIHU I LOVE YOU,mihu mihu mihu i love you,"['mihu', 'mihu', 'mihu', 'i', 'love', 'you']","['mihu', 'mihu', 'mihu', 'i', 'love', 'you']","['mihu', 'mihu', 'mihu', 'i', 'love', 'you']",mihu mihu mihu i love you,mihu mihu mihu i love you,Positif
GONG BGT PAS BUKA KAOS NYA WOILAH 😭😭😭,0,GONG banget PAS BUKA KAOS NYA WOILAH,gong banget pas buka kaos nya woilah,"['gong', 'banget', 'pas', 'buka', 'kaos', 'nya', 'woilah']","['gong', 'banget', 'pas', 'buka', 'kaos', 'nya', 'woilah']","['gong', 'banget', 'pas', 'buka', 'kaos', 'nya', 'woilah']",gong banget pas buka kaos nya woilah,gong banget pas buka kaos nya woilah,Positif
AK 1 MEI JUGA AOWKWKKWKW BANGGA BGT,0,saya 1 MEI JUGA AOWKWKKWKW BANGGA banget,saya 1 mei juga aowkwkkwkw bangga banget,"['saya', '1', 'mei', 'juga', 'aowkwkkwkw', 'bangga', 'banget']","['1', 'mei', 'aowkwkkwkw', 'bangga', 'banget']","['1', 'mei', 'aowkwkkwkw', 'bangga', 'banget']",1 mei aowkwkkwkw bangga banget,1 mei aowkwkkwkw bangga banget,Positif
Orang² jenius lagi pada ngobrol nichhhh,0,Orang jenius lagi pada ngobrol nichhhh,orang jenius lagi pada ngobrol nichhhh,"['orang', 'jenius', 'lagi', 'pada', 'ngobrol', 'nichhhh']","['orang', 'jenius', 'ngobrol', 'nichhhh']","['orang', 'jenius', 'ngobrol', 'nichhhh']",orang jenius ngobrol nichhhh,orang jenius ngobrol nichhhh,Netral
Lah w juga 1 mei 99 wkkwk,0,Lah w juga 1 mei 99 wkkwk,lah w juga 1 mei 99 wkkwk,"['lah', 'w', 'juga', '1', 'mei', '99', 'wkkwk']","['w', '1', 'mei', '99', 'wkkwk']","['w', '1', 'mei', '99', 'wkkwk']",w 1 mei 99 wkkwk,w 1 mei 99 wkkwk,Netral
LUCU BANGETTTTTTTTTTTTTTTTTTTTTTTTTTTTTTTTTTD,0,LUCU BANGETTTTTTTTTTTTTTTTTTTTTTTTTTTTTTTTTTD,lucu bangettttttttttttttttttttttttttttttttttd,"['lucu', 'bangettttttttttttttttttttttttttttttttttd']","['lucu', 'bangettttttttttttttttttttttttttttttttttd']","['lucu', 'bangettttttttttttttttttttttttttttttttttd']",lucu bangettttttttttttttttttttttttttttttttttd,lucu bangettttttttttttttttttttttttttttttttttd,Positif
banggg am i oke?😭,0,banggg am i oke,banggg am i oke,"['banggg', 'am', 'i', 'oke']","['banggg', 'am', 'i', 'oke']","['banggg', 'am', 'i', 'oke']",banggg am i oke,banggg am i oke,Positif
wkwkwkw gajelas bjirr,0,wkwkwkw gajelas bjirr,wkwkwkw gajelas bjirr,"['wkwkwkw', 'gajelas', 'bjirr']","['wkwkwkw', 'gajelas', 'bjirr']","['wkwkwkw', 'gajelas', 'bjirr']",wkwkwkw gajelas bjirr,wkwkwkw gajelas bjirr,Positif
MASKERKU KRIPUT PLS😭😭,0,MASKERKU KRIPUT PLS,maskerku kriput pls,"['maskerku', 'kriput', 'pls']","['maskerku', 'kriput', 'pls']","['masker', 'kriput', 'pls']",masker kriput pls,masker kriput pls,Netral
"Undang Lutfhi,David s,andreas,coc season 2 dong",1,Undang LutfhiDavid sandreascoc season 2 dong,undang lutfhidavid sandreascoc season 2 dong,"['undang', 'lutfhidavid', 'sandreascoc', 'season', '2', 'dong']","['undang', 'lutfhidavid', 'sandreascoc', 'season', '2']","['undang', 'lutfhidavid', 'sandreascoc', 'season', '2']",undang lutfhidavid sandreascoc season 2,undang lutfhidavid sandreascoc season 2,Netral
kenapa mereka sefrekuensi 😭😭,0,kenapa mereka sefrekuensi,kenapa mereka sefrekuensi,"['kenapa', 'mereka', 'sefrekuensi']",['sefrekuensi'],['frekuensi'],frekuensi,frekuensi,Positif
&quot;ayo baca bismillah dulu&quot;,0,ayo baca bismillah dulu,ayo baca bismillah dulu,"['ayo', 'baca', 'bismillah', 'dulu']","['ayo', 'baca', 'bismillah']","['ayo', 'baca', 'bismillah']",ayo baca bismillah,ayo baca bismillah,Netral
Ngakak anjerrr😂,0,Ngakak anjerrr,ngakak anjerrr,"['ngakak', 'anjerrr']","['ngakak', 'anjerrr']","['ngakak', 'anjerrr']",ngakak anjerrr,ngakak anjerrr,Positif
ga kuat s nya sandy 😂😂😂,0,ga kuat s nya sandy,ga kuat s nya sandy,"['ga', 'kuat', 's', 'nya', 'sandy']","['ga', 'kuat', 's', 'nya', 'sandy']","['ga', 'kuat', 's', 'nya', 'sandy']",ga kuat s nya sandy,ga kuat s nya sandy,Positif
Seru juga ya ternyata nonton podcast,0,Seru juga ya ternyata nonton podcast,seru juga ya ternyata nonton podcast,"['seru', 'juga', 'ya', 'ternyata', 'nonton', 'podcast']","['seru', 'ya', 'nonton', 'podcast']","['seru', 'ya', 'nonton', 'podcast']",seru ya nonton podcast,seru ya nonton podcast,Positif
HAHAHAHAHAH menit 29 ngakak bgt ga expect,0,HAHAHAHAHAH menit 29 ngakak banget ga expect,hahahahahah menit 29 ngakak banget ga expect,"['hahahahahah', 'menit', '29', 'ngakak', 'banget', 'ga', 'expect']","['hahahahahah', 'menit', '29', 'ngakak', 'banget', 'ga', 'expect']","['hahahahahah', 'menit', '29', 'ngakak', 'banget', 'ga', 'expect']",hahahahahah menit 29 ngakak banget ga expect,hahahahahah menit 29 ngakak banget ga expect,Positif
y,0,y,y,['y'],['y'],['y'],y,y,Positif
"kak, next undang luthfi bima putra peserta coc season 2 ya kak",2,kak next undang luthfi bima putra peserta coc season 2 ya kak,kak next undang luthfi bima putra peserta coc season 2 ya kak,"['kak', 'next', 'undang', 'luthfi', 'bima', 'putra', 'peserta', 'coc', 'season', '2', 'ya', 'kak']","['kak', 'next', 'undang', 'luthfi', 'bima', 'putra', 'peserta', 'coc', 'season', '2', 'ya', 'kak']","['kak', 'next', 'undang', 'luthfi', 'bima', 'putra', 'serta', 'coc', 'season', '2', 'ya', 'kak']",kak next undang luthfi bima putra serta coc season 2 ya kak,kak next undang luthfi bima putra serta coc season 2 ya kak,Netral
gue juga 1 mei🤭,0,gue juga 1 mei,gue juga 1 mei,"['gue', 'juga', '1', 'mei']","['gue', '1', 'mei']","['gue', '1', 'mei']",gue 1 mei,gue 1 mei,Netral
PECAH BANGET KETAWA AKU PAS pak timbul pak arif guruku yang sangat buncit NIKII STOPP,1,PECAH BANGET KETAWA AKU PAS pak timbul pak arif guruku yang sangat buncit NIKII STOPP,pecah banget ketawa aku pas pak timbul pak arif guruku yang sangat buncit nikii stopp,"['pecah', 'banget', 'ketawa', 'aku', 'pas', 'pak', 'timbul', 'pak', 'arif', 'guruku', 'yang', 'sangat', 'buncit', 'nikii', 'stopp']","['pecah', 'banget', 'ketawa', 'pas', 'timbul', 'arif', 'guruku', 'buncit', 'nikii', 'stopp']","['pecah', 'banget', 'ketawa', 'pas', 'timbul', 'arif', 'guru', 'buncit', 'nikii', 'stopp']",pecah banget ketawa pas timbul arif guru buncit nikii stopp,pecah banget ketawa pas timbul arif guru buncit nikii stopp,Positif
"menit <a href=""https://www.youtube.com/watch?v=CaklHISbki8&amp;t=1120"">18:40</a> di eps berapa guys?",0,menit di eps berapa guys,menit di eps berapa guys,"['menit', 'di', 'eps', 'berapa', 'guys']","['menit', 'eps', 'guys']","['menit', 'eps', 'guys']",menit eps guys,menit eps guys,Netral
AHAHAHHAHAH KOCAAKK,0,AHAHAHHAHAH KOCAAKK,ahahahhahah kocaakk,"['ahahahhahah', 'kocaakk']","['ahahahhahah', 'kocaakk']","['ahahahhahah', 'kocaakk']",ahahahhahah kocaakk,ahahahhahah kocaakk,Positif
GONG BNGT WAKTU SOAL YG TERAKHIR 😭😭😭😭😭😭🤟🤟,0,GONG BNGT WAKTU SOAL yang TERAKHIR,gong bngt waktu soal yang terakhir,"['gong', 'bngt', 'waktu', 'soal', 'yang', 'terakhir']","['gong', 'bngt']","['gong', 'bngt']",gong bngt,gong bngt,Positif
the ending😭😭,0,the ending,the ending,"['the', 'ending']","['the', 'ending']","['the', 'ending']",the ending,the ending,Positif
"<a href=""https://www.youtube.com/watch?v=CaklHISbki8&amp;t=1736"">28:56</a> WKWKWKWKKAKAKAKAKAKAKKWKWK GONG BANGET WKWKWK 😭🤣🤣🤣",0,WKWKWKWKKAKAKAKAKAKAKKWKWK GONG BANGET WKWKWK,wkwkwkwkkakakakakakakkwkwk gong banget wkwkwk,"['wkwkwkwkkakakakakakakkwkwk', 'gong', 'banget', 'wkwkwk']","['wkwkwkwkkakakakakakakkwkwk', 'gong', 'banget', 'wkwkwk']","['wkwkwkwkkakakakakakakkwkwk', 'gong', 'banget', 'wkwkwk']",wkwkwkwkkakakakakakakkwkwk gong banget wkwkwk,wkwkwkwkkakakakakakakkwkwk gong banget wkwkwk,Positif
"<a href=""https://www.youtube.com/watch?v=CaklHISbki8&amp;t=214"">3:34</a> DANGGG WKKWKWKWKWKKKWKWK 😂",0,DANGGG WKKWKWKWKWKKKWKWK,danggg wkkwkwkwkwkkkwkwk,"['danggg', 'wkkwkwkwkwkkkwkwk']","['danggg', 'wkkwkwkwkwkkkwkwk']","['danggg', 'wkkwkwkwkwkkkwkwk']",danggg wkkwkwkwkwkkkwkwk,danggg wkkwkwkwkwkkkwkwk,Positif
Aku bisa sempoa,0,Aku bisa sempoa,aku bisa sempoa,"['aku', 'bisa', 'sempoa']",['sempoa'],['sempoa'],sempoa,sempoa,Netral
Resah bgt,0,Resah banget,resah banget,"['resah', 'banget']","['resah', 'banget']","['resah', 'banget']",resah banget,resah banget,Negatif
HAHAHAHA GA EXPECT,0,HAHAHAHA GA EXPECT,hahahaha ga expect,"['hahahaha', 'ga', 'expect']","['hahahaha', 'ga', 'expect']","['hahahaha', 'ga', 'expect']",hahahaha ga expect,hahahaha ga expect,Positif
ada yg salah dari gua nntn ini sampe selesai,0,ada yang salah dari gua nntn ini sampe selesai,ada yang salah dari gua nntn ini sampe selesai,"['ada', 'yang', 'salah', 'dari', 'gua', 'nntn', 'ini', 'sampe', 'selesai']","['salah', 'gua', 'nntn', 'sampe', 'selesai']","['salah', 'gua', 'nntn', 'sampe', 'selesai']",salah gua nntn sampe selesai,salah gua nntn sampe selesai,Negatif
Infokan lagu sahabat muncul dispotify min,0,Infokan lagu sahabat muncul dispotify min,infokan lagu sahabat muncul dispotify min,"['infokan', 'lagu', 'sahabat', 'muncul', 'dispotify', 'min']","['infokan', 'lagu', 'sahabat', 'muncul', 'dispotify', 'min']","['info', 'lagu', 'sahabat', 'muncul', 'dispotify', 'min']",info lagu sahabat muncul dispotify min,info lagu sahabat muncul dispotify min,Netral
GAKUATTT TRIO SAHABAT WARAS😭😭😭😭😭😩😩😩😩,0,GAKUATTT TRIO SAHABAT WARAS,gakuattt trio sahabat waras,"['gakuattt', 'trio', 'sahabat', 'waras']","['gakuattt', 'trio', 'sahabat', 'waras']","['gakuattt', 'trio', 'sahabat', 'waras']",gakuattt trio sahabat waras,gakuattt trio sahabat waras,Positif
durasi 10jam gue jabanin ini mah,0,durasi 10jam gue jabanin ini mah,durasi 10jam gue jabanin ini mah,"['durasi', '10jam', 'gue', 'jabanin', 'ini', 'mah']","['durasi', '10jam', 'gue', 'jabanin', 'mah']","['durasi', '10jam', 'gue', 'jabanin', 'mah']",durasi 10jam gue jabanin mah,durasi 10jam gue jabanin mah,Positif
Gk jls sumpah😂🤣🤣,0,tidak jls sumpah,tidak jls sumpah,"['tidak', 'jls', 'sumpah']","['jls', 'sumpah']","['jls', 'sumpah']",jls sumpah,jls sumpah,Negatif
Ya Allah ngakak bgt sama uns 😂 universitas negeri Singapur 😭,0,Ya Allah ngakak banget sama uns universitas negeri Singapur,ya allah ngakak banget sama uns universitas negeri singapur,"['ya', 'allah', 'ngakak', 'banget', 'sama', 'uns', 'universitas', 'negeri', 'singapur']","['ya', 'allah', 'ngakak', 'banget', 'uns', 'universitas', 'negeri', 'singapur']","['ya', 'allah', 'ngakak', 'banget', 'uns', 'universitas', 'negeri', 'singapur']",ya allah ngakak banget uns universitas negeri singapur,ya allah ngakak banget uns universitas negeri singapur,Positif
sebenernya kita semua tuh orang gila cuma kita males keluyuran aja,0,sebenernya kita semua tuh orang gila cuma kita males keluyuran aja,sebenernya kita semua tuh orang gila cuma kita males keluyuran aja,"['sebenernya', 'kita', 'semua', 'tuh', 'orang', 'gila', 'cuma', 'kita', 'males', 'keluyuran', 'aja']","['sebenernya', 'tuh', 'orang', 'gila', 'males', 'keluyuran', 'aja']","['sebenernya', 'tuh', 'orang', 'gila', 'males', 'keluyur', 'aja']",sebenernya tuh orang gila males keluyur aja,sebenernya tuh orang gila males keluyur aja,Negatif
Wkwkwk jimmy neutron 😅😅,0,Wkwkwk jimmy neutron,wkwkwk jimmy neutron,"['wkwkwk', 'jimmy', 'neutron']","['wkwkwk', 'jimmy', 'neutron']","['wkwkwk', 'jimmy', 'neutron']",wkwkwk jimmy neutron,wkwkwk jimmy neutron,Netral
Ampuuuuunnn😂😂😂😂😂,0,Ampuuuuunnn,ampuuuuunnn,['ampuuuuunnn'],['ampuuuuunnn'],['ampuuuuunnn'],ampuuuuunnn,ampuuuuunnn,Positif
"Wkakaka berapa kali nonton podcast ini gw masih nahan diri buat subscribe, setelah nonton episode ini… ok fine, gw butuh denger obrolan yg daging bgt kaya gini 😂 Gw subscribe! 🤣",0,Wkakaka berapa kali nonton podcast ini saya masih nahan diri buat subscribe setelah nonton episode ini ok fine saya butuh denger obrolan yang daging banget kaya gini saya subscribe,wkakaka berapa kali nonton podcast ini saya masih nahan diri buat subscribe setelah nonton episode ini ok fine saya butuh denger obrolan yang daging banget kaya gini saya subscribe,"['wkakaka', 'berapa', 'kali', 'nonton', 'podcast', 'ini', 'saya', 'masih', 'nahan', 'diri', 'buat', 'subscribe', 'setelah', 'nonton', 'episode', 'ini', 'ok', 'fine', 'saya', 'butuh', 'denger', 'obrolan', 'yang', 'daging', 'banget', 'kaya', 'gini', 'saya', 'subscribe']","['wkakaka', 'kali', 'nonton', 'podcast', 'nahan', 'subscribe', 'nonton', 'episode', 'ok', 'fine', 'butuh', 'denger', 'obrolan', 'daging', 'banget', 'kaya', 'gini', 'subscribe']","['wkakaka', 'kali', 'nonton', 'podcast', 'nahan', 'subscribe', 'nonton', 'episode', 'ok', 'fine', 'butuh', 'denger', 'obrol', 'daging', 'banget', 'kaya', 'gin', 'subscribe']",wkakaka kali nonton podcast nahan subscribe nonton episode ok fine butuh denger obrol daging banget kaya gin subscribe,wkakaka kali nonton podcast nahan subscribe nonton episode ok fine butuh denger obrol daging banget kaya gin subscribe,Positif
"KOCAK, SEMUANYA KOCAK 😭😭😭😭😭<br><a href=""https://www.youtube.com/watch?v=CaklHISbki8&amp;t=418"">6:58</a> semua serba salah",1,KOCAK SEMUANYA KOCAK semua serba salah,kocak semuanya kocak semua serba salah,"['kocak', 'semuanya', 'kocak', 'semua', 'serba', 'salah']","['kocak', 'kocak', 'serba', 'salah']","['kocak', 'kocak', 'serba', 'salah']",kocak kocak serba salah,kocak kocak serba salah,Positif
d menit pecah bngt ketawa gwaa,0,d menit pecah bngt ketawa gwaa,d menit pecah bngt ketawa gwaa,"['d', 'menit', 'pecah', 'bngt', 'ketawa', 'gwaa']","['d', 'menit', 'pecah', 'bngt', 'ketawa', 'gwaa']","['d', 'menit', 'pecah', 'bngt', 'ketawa', 'gwaa']",d menit pecah bngt ketawa gwaa,d menit pecah bngt ketawa gwaa,Positif
ditunggu di family 100 yaaa!!,0,ditunggu di family yaaa,ditunggu di family yaaa,"['ditunggu', 'di', 'family', 'yaaa']","['ditunggu', 'family', 'yaaa']","['tunggu', 'family', 'yaaa']",tunggu family yaaa,tunggu family yaaa,Netral
Kok sandy keliatan agak waras yaa disini 😭,0,Kok sandy keliatan agak waras yaa disini,kok sandy keliatan agak waras yaa disini,"['kok', 'sandy', 'keliatan', 'agak', 'waras', 'yaa', 'disini']","['sandy', 'keliatan', 'waras', 'yaa']","['sandy', 'liat', 'waras', 'yaa']",sandy liat waras yaa,sandy liat waras yaa,Netral
kayanya abis ntn podcast ini nilai ipk ku pasti naik 500 digit,0,kayanya abis ntn podcast ini nilai ipk ku pasti naik digit,kayanya abis ntn podcast ini nilai ipk ku pasti naik digit,"['kayanya', 'abis', 'ntn', 'podcast', 'ini', 'nilai', 'ipk', 'ku', 'pasti', 'naik', 'digit']","['kayanya', 'abis', 'ntn', 'podcast', 'nilai', 'ipk', 'ku', 'digit']","['kaya', 'abis', 'ntn', 'podcast', 'nilai', 'ipk', 'ku', 'digit']",kaya abis ntn podcast nilai ipk ku digit,kaya abis ntn podcast nilai ipk ku digit,Negatif
Kocak absurd bgt,0,Kocak absurd banget,kocak absurd banget,"['kocak', 'absurd', 'banget']","['kocak', 'absurd', 'banget']","['kocak', 'absurd', 'banget']",kocak absurd banget,kocak absurd banget,Positif
HAHAHAHA SERU BGT PLS,0,HAHAHAHA SERU banget PLS,hahahaha seru banget pls,"['hahahaha', 'seru', 'banget', 'pls']","['hahahaha', 'seru', 'banget', 'pls']","['hahahaha', 'seru', 'banget', 'pls']",hahahaha seru banget pls,hahahaha seru banget pls,Positif
"<a href=""https://www.youtube.com/watch?v=CaklHISbki8&amp;t=951"">15:51</a> nyesel deh lebih milih Sempol daripada sempoa hiks",18,nyesel deh lebih milih Sempol daripada sempoa hiks,nyesel deh lebih milih sempol daripada sempoa hiks,"['nyesel', 'deh', 'lebih', 'milih', 'sempol', 'daripada', 'sempoa', 'hiks']","['nyesel', 'deh', 'milih', 'sempol', 'sempoa', 'hiks']","['nyesel', 'deh', 'milih', 'sempol', 'sempoa', 'hiks']",nyesel deh milih sempol sempoa hiks,nyesel deh milih sempol sempoa hiks,Negatif
TRAKHIR NYA DPT BGT GURUKU YG SANGAT???😭😭😭,0,TRAKHIR NYA DPT banget GURUKU yang SANGAT,trakhir nya dpt banget guruku yang sangat,"['trakhir', 'nya', 'dpt', 'banget', 'guruku', 'yang', 'sangat']","['trakhir', 'nya', 'dpt', 'banget', 'guruku']","['trakhir', 'nya', 'dpt', 'banget', 'guru']",trakhir nya dpt banget guru,trakhir nya dpt banget guru,Positif
GK kuatt😭😭🤣,0,tidak kuatt,tidak kuatt,"['tidak', 'kuatt']",['kuatt'],['kuatt'],kuatt,kuatt,Positif
Undang halda dan Arafah please pasti seru,2,Undang halda dan Arafah please pasti seru,undang halda dan arafah please pasti seru,"['undang', 'halda', 'dan', 'arafah', 'please', 'pasti', 'seru']","['undang', 'halda', 'arafah', 'please', 'seru']","['undang', 'halda', 'arafah', 'please', 'seru']",undang halda arafah please seru,undang halda arafah please seru,Netral
"Sandy beneran Jenius, bisa ikutin alur mainnya tanpa menghilangkan Kharismanya, tapi tetap terlihat lucu tanpa Effort yang over ❤",620,Sandy beneran Jenius bisa ikutin alur mainnya tanpa menghilangkan Kharismanya tapi tetap terlihat lucu tanpa Effort yang over,sandy beneran jenius bisa ikutin alur mainnya tanpa menghilangkan kharismanya tapi tetap terlihat lucu tanpa effort yang over,"['sandy', 'beneran', 'jenius', 'bisa', 'ikutin', 'alur', 'mainnya', 'tanpa', 'menghilangkan', 'kharismanya', 'tapi', 'tetap', 'terlihat', 'lucu', 'tanpa', 'effort', 'yang', 'over']","['sandy', 'beneran', 'jenius', 'ikutin', 'alur', 'mainnya', 'menghilangkan', 'kharismanya', 'lucu', 'effort', 'over']","['sandy', 'beneran', 'jenius', 'ikutin', 'alur', 'main', 'hilang', 'kharismanya', 'lucu', 'effort', 'over']",sandy beneran jenius ikutin alur main hilang kharismanya lucu effort over,sandy beneran jenius ikutin alur main hilang kharismanya lucu effort over,Positif
ga nyangka sandy jadi sefrekuensi😭,1,ga nyangka sandy jadi sefrekuensi,ga nyangka sandy jadi sefrekuensi,"['ga', 'nyangka', 'sandy', 'jadi', 'sefrekuensi']","['ga', 'nyangka', 'sandy', 'sefrekuensi']","['ga', 'nyangka', 'sandy', 'frekuensi']",ga nyangka sandy frekuensi,ga nyangka sandy frekuensi,Positif
NGAKAK BANGET GJ BGT 😭😭😭,1,NGAKAK BANGET GJ banget,ngakak banget gj banget,"['ngakak', 'banget', 'gj', 'banget']","['ngakak', 'banget', 'gj', 'banget']","['ngakak', 'banget', 'gj', 'banget']",ngakak banget gj banget,ngakak banget gj banget,Positif
Alur nya bikin nebak-nebak ya.. Entah mentality atau ada hasutan dari hal lain hoahh manteppp❤,0,Alur nya bikin nebaknebak ya Entah mentality atau ada hasutan dari hal lain hoahh manteppp,alur nya bikin nebaknebak ya entah mentality atau ada hasutan dari hal lain hoahh manteppp,"['alur', 'nya', 'bikin', 'nebaknebak', 'ya', 'entah', 'mentality', 'atau', 'ada', 'hasutan', 'dari', 'hal', 'lain', 'hoahh', 'manteppp']","['alur', 'nya', 'bikin', 'nebaknebak', 'ya', 'mentality', 'hasutan', 'hoahh', 'manteppp']","['alur', 'nya', 'bikin', 'nebaknebak', 'ya', 'mentality', 'hasut', 'hoahh', 'manteppp']",alur nya bikin nebaknebak ya mentality hasut hoahh manteppp,alur nya bikin nebaknebak ya mentality hasut hoahh manteppp,Positif
gangerti knp gw nonton ini sampe slese😭,13,gangerti kenapa saya nonton ini sampe slese,gangerti kenapa saya nonton ini sampe slese,"['gangerti', 'kenapa', 'saya', 'nonton', 'ini', 'sampe', 'slese']","['gangerti', 'nonton', 'sampe', 'slese']","['gangerti', 'nonton', 'sampe', 'slese']",gangerti nonton sampe slese,gangerti nonton sampe slese,Negatif
podcast apaan sihh iniii😭😭,2,podcast apaan sihh iniii,podcast apaan sihh iniii,"['podcast', 'apaan', 'sihh', 'iniii']","['podcast', 'sihh', 'iniii']","['podcast', 'sihh', 'iniii']",podcast sihh iniii,podcast sihh iniii,Positif
lucu bangeeetettetetetetetetet,0,lucu bangeeetettetetetetetetet,lucu bangeeetettetetetetetetet,"['lucu', 'bangeeetettetetetetetetet']","['lucu', 'bangeeetettetetetetetetet']","['lucu', 'bangeeetettetetetetetetet']",lucu bangeeetettetetetetetetet,lucu bangeeetettetetetetetetet,Positif
Ngakak bangetttt nontonnya🤣🤣🤣🤣🤣😭😭😭,0,Ngakak bangetttt nontonnya,ngakak bangetttt nontonnya,"['ngakak', 'bangetttt', 'nontonnya']","['ngakak', 'bangetttt', 'nontonnya']","['ngakak', 'bangetttt', 'nontonnya']",ngakak bangetttt nontonnya,ngakak bangetttt nontonnya,Positif
Episode fav 😂 bener ya ternyata lingkungan berpengaruh. Sandy abis ini mandi kembang ya nak 😂,1,Episode fav bener ya ternyata lingkungan berpengaruh Sandy abis ini mandi kembang ya nak,episode fav bener ya ternyata lingkungan berpengaruh sandy abis ini mandi kembang ya nak,"['episode', 'fav', 'bener', 'ya', 'ternyata', 'lingkungan', 'berpengaruh', 'sandy', 'abis', 'ini', 'mandi', 'kembang', 'ya', 'nak']","['episode', 'fav', 'bener', 'ya', 'lingkungan', 'berpengaruh', 'sandy', 'abis', 'mandi', 'kembang', 'ya', 'nak']","['episode', 'fav', 'bener', 'ya', 'lingkung', 'pengaruh', 'sandy', 'abis', 'mandi', 'kembang', 'ya', 'nak']",episode fav bener ya lingkung pengaruh sandy abis mandi kembang ya nak,episode fav bener ya lingkung pengaruh sandy abis mandi kembang ya nak,Positif
"merekaa ngomongg,gw ikut mikir juga😦😭",3,merekaa ngomongggw ikut mikir juga,merekaa ngomongggw ikut mikir juga,"['merekaa', 'ngomongggw', 'ikut', 'mikir', 'juga']","['merekaa', 'ngomongggw', 'mikir']","['merekaa', 'ngomongggw', 'mikir']",merekaa ngomongggw mikir,merekaa ngomongggw mikir,Negatif
Apa-apaan ini 😂😂,1,Apaapaan ini,apaapaan ini,"['apaapaan', 'ini']",['apaapaan'],['apaapaan'],apaapaan,apaapaan,Negatif
Bisa2nya dr awal sampek akhir ngakak. Adain lagi dong trio cringe ini 😂 menghibur bgt,0,Bisa2nya dari awal sampek akhir ngakak Adain lagi dong trio cringe ini menghibur banget,bisa2nya dari awal sampek akhir ngakak adain lagi dong trio cringe ini menghibur banget,"['bisa2nya', 'dari', 'awal', 'sampek', 'akhir', 'ngakak', 'adain', 'lagi', 'dong', 'trio', 'cringe', 'ini', 'menghibur', 'banget']","['bisa2nya', 'sampek', 'ngakak', 'adain', 'trio', 'cringe', 'menghibur', 'banget']","['bisa2nya', 'sampek', 'ngakak', 'adain', 'trio', 'cringe', 'hibur', 'banget']",bisa2nya sampek ngakak adain trio cringe hibur banget,bisa2nya sampek ngakak adain trio cringe hibur banget,Positif
sandy masuk bgt sama niki mario asli.. ini eps terlucu mnrut gue😂,0,sandy masuk banget sama niki mario asli ini eps terlucu mnrut gue,sandy masuk banget sama niki mario asli ini eps terlucu mnrut gue,"['sandy', 'masuk', 'banget', 'sama', 'niki', 'mario', 'asli', 'ini', 'eps', 'terlucu', 'mnrut', 'gue']","['sandy', 'masuk', 'banget', 'niki', 'mario', 'asli', 'eps', 'terlucu', 'mnrut', 'gue']","['sandy', 'masuk', 'banget', 'nik', 'mario', 'asli', 'eps', 'lucu', 'mnrut', 'gue']",sandy masuk banget nik mario asli eps lucu mnrut gue,sandy masuk banget nik mario asli eps lucu mnrut gue,Positif
salam orang waras,0,salam orang waras,salam orang waras,"['salam', 'orang', 'waras']","['salam', 'orang', 'waras']","['salam', 'orang', 'waras']",salam orang waras,salam orang waras,Positif
Seruuu poll podcast kali ini👏,0,Seruuu poll podcast kali ini,seruuu poll podcast kali ini,"['seruuu', 'poll', 'podcast', 'kali', 'ini']","['seruuu', 'poll', 'podcast', 'kali']","['seruuu', 'poll', 'podcast', 'kali']",seruuu poll podcast kali,seruuu poll podcast kali,Positif
Beneran yg terakhir emang paling syok🤟😭🤟😭,0,Beneran yang terakhir emang paling syok,beneran yang terakhir emang paling syok,"['beneran', 'yang', 'terakhir', 'emang', 'paling', 'syok']","['beneran', 'emang', 'syok']","['beneran', 'emang', 'syok']",beneran emang syok,beneran emang syok,Positif
WKWKWKW SANDY MULTITALENT YA BAKAT JADI PELAWAK🤣,9,WKWKWKW SANDY MULTITALENT YA BAKAT JADI PELAWAK,wkwkwkw sandy multitalent ya bakat jadi pelawak,"['wkwkwkw', 'sandy', 'multitalent', 'ya', 'bakat', 'jadi', 'pelawak']","['wkwkwkw', 'sandy', 'multitalent', 'ya', 'bakat', 'pelawak']","['wkwkwkw', 'sandy', 'multitalent', 'ya', 'bakat', 'lawak']",wkwkwkw sandy multitalent ya bakat lawak,wkwkwkw sandy multitalent ya bakat lawak,Positif
naikin gaji editor,1,naikin gaji editor,naikin gaji editor,"['naikin', 'gaji', 'editor']","['naikin', 'gaji', 'editor']","['naikin', 'gaji', 'editor']",naikin gaji editor,naikin gaji editor,Positif
&quot;SOLD OUTT&quot; YAALLAHHH,0,SOLD OUTT YAALLAHHH,sold outt yaallahhh,"['sold', 'outt', 'yaallahhh']","['sold', 'outt', 'yaallahhh']","['sold', 'outt', 'yaallahhh']",sold outt yaallahhh,sold outt yaallahhh,Positif
"kak iyo, tamunya ditaro di tengah dong supaya mukanya keliatan dan jd ga nengookk",0,kak iyo tamunya ditaro di tengah dong supaya mukanya keliatan dan jadi ga nengookk,kak iyo tamunya ditaro di tengah dong supaya mukanya keliatan dan jadi ga nengookk,"['kak', 'iyo', 'tamunya', 'ditaro', 'di', 'tengah', 'dong', 'supaya', 'mukanya', 'keliatan', 'dan', 'jadi', 'ga', 'nengookk']","['kak', 'iyo', 'tamunya', 'ditaro', 'mukanya', 'keliatan', 'ga', 'nengookk']","['kak', 'iyo', 'tamu', 'ditaro', 'muka', 'liat', 'ga', 'nengookk']",kak iyo tamu ditaro muka liat ga nengookk,kak iyo tamu ditaro muka liat ga nengookk,Negatif
Lanjut ngundang ifood,0,Lanjut ngundang ifood,lanjut ngundang ifood,"['lanjut', 'ngundang', 'ifood']","['ngundang', 'ifood']","['ngundang', 'ifood']",ngundang ifood,ngundang ifood,Netral
diantara mereka bertiga ternyata yg waras cm penonton😂,9,diantara mereka bertiga ternyata yang waras cm penonton,diantara mereka bertiga ternyata yang waras cm penonton,"['diantara', 'mereka', 'bertiga', 'ternyata', 'yang', 'waras', 'cm', 'penonton']","['bertiga', 'waras', 'cm', 'penonton']","['tiga', 'waras', 'cm', 'tonton']",tiga waras cm tonton,tiga waras cm tonton,Netral
"<a href=""https://www.youtube.com/watch?v=CaklHISbki8&amp;t=1048"">17:28</a> NGACO GUE LG SEKOLAH KETAWA KETIWI KAYA ORGIL",0,NGACO GUE LG SEKOLAH KETAWA KETIWI KAYA ORGIL,ngaco gue lg sekolah ketawa ketiwi kaya orgil,"['ngaco', 'gue', 'lg', 'sekolah', 'ketawa', 'ketiwi', 'kaya', 'orgil']","['ngaco', 'gue', 'lg', 'sekolah', 'ketawa', 'ketiwi', 'kaya', 'orgil']","['ngaco', 'gue', 'lg', 'sekolah', 'ketawa', 'ketiwi', 'kaya', 'orgil']",ngaco gue lg sekolah ketawa ketiwi kaya orgil,ngaco gue lg sekolah ketawa ketiwi kaya orgil,Positif
"<a href=""https://www.youtube.com/watch?v=CaklHISbki8&amp;t=849"">14:09</a> iya WKWKW😊",0,iya WKWKW,iya wkwkw,"['iya', 'wkwkw']","['iya', 'wkwkw']","['iya', 'wkwkw']",iya wkwkw,iya wkwkw,Positif
"<a href=""https://www.youtube.com/watch?v=CaklHISbki8&amp;t=296"">4:56</a> NGAKAK BGT TAI",0,NGAKAK banget TAI,ngakak banget tai,"['ngakak', 'banget', 'tai']","['ngakak', 'banget', 'tai']","['ngakak', 'banget', 'tai']",ngakak banget tai,ngakak banget tai,Positif
Yaampun sakit ni perut ketawa mulu😂,3,Yaampun sakit ni perut ketawa mulu,yaampun sakit ni perut ketawa mulu,"['yaampun', 'sakit', 'ni', 'perut', 'ketawa', 'mulu']","['yaampun', 'sakit', 'ni', 'perut', 'ketawa', 'mulu']","['yaampun', 'sakit', 'ni', 'perut', 'ketawa', 'mulu']",yaampun sakit ni perut ketawa mulu,yaampun sakit ni perut ketawa mulu,Positif
seruu banget sannnn wkwkwkwk ga berhenti ngakak,1,seruu banget sannnn wkwkwkwk ga berhenti ngakak,seruu banget sannnn wkwkwkwk ga berhenti ngakak,"['seruu', 'banget', 'sannnn', 'wkwkwkwk', 'ga', 'berhenti', 'ngakak']","['seruu', 'banget', 'sannnn', 'wkwkwkwk', 'ga', 'berhenti', 'ngakak']","['seruu', 'banget', 'sannnn', 'wkwkwkwk', 'ga', 'henti', 'ngakak']",seruu banget sannnn wkwkwkwk ga henti ngakak,seruu banget sannnn wkwkwkwk ga henti ngakak,Positif
Detik-detik iq sandy turun dalam waktu kurang 1 jam,4,Detikdetik iq sandy turun dalam waktu kurang 1 jam,detikdetik iq sandy turun dalam waktu kurang 1 jam,"['detikdetik', 'iq', 'sandy', 'turun', 'dalam', 'waktu', 'kurang', '1', 'jam']","['detikdetik', 'iq', 'sandy', 'turun', '1', 'jam']","['detikdetik', 'iq', 'sandy', 'turun', '1', 'jam']",detikdetik iq sandy turun 1 jam,detikdetik iq sandy turun 1 jam,Negatif
i love mihu mihu,0,i love mihu mihu,i love mihu mihu,"['i', 'love', 'mihu', 'mihu']","['i', 'love', 'mihu', 'mihu']","['i', 'love', 'mihu', 'mihu']",i love mihu mihu,i love mihu mihu,Positif
keren,0,keren,keren,['keren'],['keren'],['keren'],keren,keren,Positif
Heboh banget pas sama&quot; 1 mei 😂😭,1,Heboh banget pas sama 1 mei,heboh banget pas sama 1 mei,"['heboh', 'banget', 'pas', 'sama', '1', 'mei']","['heboh', 'banget', 'pas', '1', 'mei']","['heboh', 'banget', 'pas', '1', 'mei']",heboh banget pas 1 mei,heboh banget pas 1 mei,Positif
Asli kocak bgt bertiga😅,0,Asli kocak banget bertiga,asli kocak banget bertiga,"['asli', 'kocak', 'banget', 'bertiga']","['asli', 'kocak', 'banget', 'bertiga']","['asli', 'kocak', 'banget', 'tiga']",asli kocak banget tiga,asli kocak banget tiga,Positif
mood banget dari awal sampe akhir😭😭😭😭,0,mood banget dari awal sampe akhir,mood banget dari awal sampe akhir,"['mood', 'banget', 'dari', 'awal', 'sampe', 'akhir']","['mood', 'banget', 'sampe']","['mood', 'banget', 'sampe']",mood banget sampe,mood banget sampe,Positif
Abis nonton ini IQ aku jadi berkuadrat,1,Abis nonton ini IQ aku jadi berkuadrat,abis nonton ini iq aku jadi berkuadrat,"['abis', 'nonton', 'ini', 'iq', 'aku', 'jadi', 'berkuadrat']","['abis', 'nonton', 'iq', 'berkuadrat']","['abis', 'nonton', 'iq', 'kuadrat']",abis nonton iq kuadrat,abis nonton iq kuadrat,Negatif
gakuattt,1,gakuattt,gakuattt,['gakuattt'],['gakuattt'],['gakuattt'],gakuattt,gakuattt,Positif
ngakak banget😭,1,ngakak banget,ngakak banget,"['ngakak', 'banget']","['ngakak', 'banget']","['ngakak', 'banget']",ngakak banget,ngakak banget,Positif
omg.. iq aku naik wak 🤭🤭,0,omg iq aku naik wak,omg iq aku naik wak,"['omg', 'iq', 'aku', 'naik', 'wak']","['omg', 'iq', 'wak']","['omg', 'iq', 'wak']",omg iq wak,omg iq wak,Negatif
"Muka bintng tamu gk keliatan, harusnya duduk nya di trngah",0,Muka bintng tamu tidak keliatan harusnya duduk nya di trngah,muka bintng tamu tidak keliatan harusnya duduk nya di trngah,"['muka', 'bintng', 'tamu', 'tidak', 'keliatan', 'harusnya', 'duduk', 'nya', 'di', 'trngah']","['muka', 'bintng', 'tamu', 'keliatan', 'duduk', 'nya', 'trngah']","['muka', 'bintng', 'tamu', 'liat', 'duduk', 'nya', 'trngah']",muka bintng tamu liat duduk nya trngah,muka bintng tamu liat duduk nya trngah,Negatif
HAHAHAHAHAH capek banget ngetawain ini😭😭😂,0,HAHAHAHAHAH capek banget ngetawain ini,hahahahahah capek banget ngetawain ini,"['hahahahahah', 'capek', 'banget', 'ngetawain', 'ini']","['hahahahahah', 'capek', 'banget', 'ngetawain']","['hahahahahah', 'capek', 'banget', 'ngetawain']",hahahahahah capek banget ngetawain,hahahahahah capek banget ngetawain,Positif
"abis nonton podcast pak gita wirjawan, mencet ini.. <br><br>aku kaya langsung mempertanyakan kembali tujuan hidupku..",14,abis nonton podcast pak gita wirjawan mencet ini aku kaya langsung mempertanyakan kembali tujuan hidupku,abis nonton podcast pak gita wirjawan mencet ini aku kaya langsung mempertanyakan kembali tujuan hidupku,"['abis', 'nonton', 'podcast', 'pak', 'gita', 'wirjawan', 'mencet', 'ini', 'aku', 'kaya', 'langsung', 'mempertanyakan', 'kembali', 'tujuan', 'hidupku']","['abis', 'nonton', 'podcast', 'gita', 'wirjawan', 'mencet', 'kaya', 'langsung', 'tujuan', 'hidupku']","['abis', 'nonton', 'podcast', 'gita', 'wirjawan', 'mencet', 'kaya', 'langsung', 'tuju', 'hidup']",abis nonton podcast gita wirjawan mencet kaya langsung tuju hidup,abis nonton podcast gita wirjawan mencet kaya langsung tuju hidup,Netral
CAPEE BGTTT,0,CAPEE BGTTT,capee bgttt,"['capee', 'bgttt']","['capee', 'bgttt']","['capee', 'bgttt']",capee bgttt,capee bgttt,Positif
Beneran kembar lagi ngakak banget 😭😭😭,0,Beneran kembar lagi ngakak banget,beneran kembar lagi ngakak banget,"['beneran', 'kembar', 'lagi', 'ngakak', 'banget']","['beneran', 'kembar', 'ngakak', 'banget']","['beneran', 'kembar', 'ngakak', 'banget']",beneran kembar ngakak banget,beneran kembar ngakak banget,Positif
keknya w sepinter mereka deh,1,keknya w sepinter mereka deh,keknya w sepinter mereka deh,"['keknya', 'w', 'sepinter', 'mereka', 'deh']","['keknya', 'w', 'sepinter', 'deh']","['kek', 'w', 'sepinter', 'deh']",kek w sepinter deh,kek w sepinter deh,Netral
mood banget nontonnya😭,0,mood banget nontonnya,mood banget nontonnya,"['mood', 'banget', 'nontonnya']","['mood', 'banget', 'nontonnya']","['mood', 'banget', 'nontonnya']",mood banget nontonnya,mood banget nontonnya,Positif
"sandy emang entertaining bgt sii, di tiap podcast selalu seruuu 🤩👊",1,sandy emang entertaining banget sii di tiap podcast selalu seruuu,sandy emang entertaining banget sii di tiap podcast selalu seruuu,"['sandy', 'emang', 'entertaining', 'banget', 'sii', 'di', 'tiap', 'podcast', 'selalu', 'seruuu']","['sandy', 'emang', 'entertaining', 'banget', 'sii', 'podcast', 'seruuu']","['sandy', 'emang', 'entertaining', 'banget', 'sii', 'podcast', 'seruuu']",sandy emang entertaining banget sii podcast seruuu,sandy emang entertaining banget sii podcast seruuu,Positif
"Pertama kali nonton, lngsg heran podcast apaan ini, gk jelas aneh, tapi nagih napa nonton sampe habis, sihir apa ini?!! 😂😂",1,Pertama kali nonton lngsg heran podcast apaan ini tidak jelas aneh tapi nagih napa nonton sampe habis sihir apa ini,pertama kali nonton lngsg heran podcast apaan ini tidak jelas aneh tapi nagih napa nonton sampe habis sihir apa ini,"['pertama', 'kali', 'nonton', 'lngsg', 'heran', 'podcast', 'apaan', 'ini', 'tidak', 'jelas', 'aneh', 'tapi', 'nagih', 'napa', 'nonton', 'sampe', 'habis', 'sihir', 'apa', 'ini']","['kali', 'nonton', 'lngsg', 'heran', 'podcast', 'aneh', 'nagih', 'napa', 'nonton', 'sampe', 'habis', 'sihir']","['kali', 'nonton', 'lngsg', 'heran', 'podcast', 'aneh', 'nagih', 'napa', 'nonton', 'sampe', 'habis', 'sihir']",kali nonton lngsg heran podcast aneh nagih napa nonton sampe habis sihir,kali nonton lngsg heran podcast aneh nagih napa nonton sampe habis sihir,Positif
Sukakk bgt podcast iniii wkwkwk,0,Sukakk banget podcast iniii wkwkwk,sukakk banget podcast iniii wkwkwk,"['sukakk', 'banget', 'podcast', 'iniii', 'wkwkwk']","['sukakk', 'banget', 'podcast', 'iniii', 'wkwkwk']","['sukakk', 'banget', 'podcast', 'iniii', 'wkwkwk']",sukakk banget podcast iniii wkwkwk,sukakk banget podcast iniii wkwkwk,Positif
"makasih mario dan niki, berkat ngikutin ilmu kalian aku bisa cumlaude",0,makasih mario dan niki berkat ngikutin ilmu kalian aku bisa cumlaude,makasih mario dan niki berkat ngikutin ilmu kalian aku bisa cumlaude,"['makasih', 'mario', 'dan', 'niki', 'berkat', 'ngikutin', 'ilmu', 'kalian', 'aku', 'bisa', 'cumlaude']","['makasih', 'mario', 'niki', 'berkat', 'ngikutin', 'ilmu', 'cumlaude']","['makasih', 'mario', 'nik', 'berkat', 'ngikutin', 'ilmu', 'cumlaude']",makasih mario nik berkat ngikutin ilmu cumlaude,makasih mario nik berkat ngikutin ilmu cumlaude,Positif
1 MEI ngakak bgt + orang waras s nya sandy😂😂😂,0,1 MEI ngakak banget orang waras s nya sandy,1 mei ngakak banget orang waras s nya sandy,"['1', 'mei', 'ngakak', 'banget', 'orang', 'waras', 's', 'nya', 'sandy']","['1', 'mei', 'ngakak', 'banget', 'orang', 'waras', 's', 'nya', 'sandy']","['1', 'mei', 'ngakak', 'banget', 'orang', 'waras', 's', 'nya', 'sandy']",1 mei ngakak banget orang waras s nya sandy,1 mei ngakak banget orang waras s nya sandy,Positif
LUCU BGT PLS SERING2 BUAT PODCAST BERTIGA🤣,0,LUCU banget PLS SERING2 BUAT PODCAST BERTIGA,lucu banget pls sering2 buat podcast bertiga,"['lucu', 'banget', 'pls', 'sering2', 'buat', 'podcast', 'bertiga']","['lucu', 'banget', 'pls', 'sering2', 'podcast', 'bertiga']","['lucu', 'banget', 'pls', 'sering2', 'podcast', 'tiga']",lucu banget pls sering2 podcast tiga,lucu banget pls sering2 podcast tiga,Positif
ko bisa jadi guruku yang paling buncittt nikk😭😭,0,ko bisa jadi guruku yang paling buncittt nikk,ko bisa jadi guruku yang paling buncittt nikk,"['ko', 'bisa', 'jadi', 'guruku', 'yang', 'paling', 'buncittt', 'nikk']","['ko', 'guruku', 'buncittt', 'nikk']","['ko', 'guru', 'buncittt', 'nikk']",ko guru buncittt nikk,ko guru buncittt nikk,Negatif
"👑𝗔𝗟𝗘𝗫𝗜𝗦𝟭𝟳👑 bikin semua jadi soft spoken, s speechless!",60,bikin semua jadi soft spoken s speechless,bikin semua jadi soft spoken s speechless,"['bikin', 'semua', 'jadi', 'soft', 'spoken', 's', 'speechless']","['bikin', 'soft', 'spoken', 's', 'speechless']","['bikin', 'soft', 'spoken', 's', 'speechless']",bikin soft spoken s speechless,bikin soft spoken s speechless,Positif
"Very demure, itu 👑𝗔𝗟𝗘𝗫𝗜𝗦𝟭𝟳👑 banget!",0,Very demure itu banget,very demure itu banget,"['very', 'demure', 'itu', 'banget']","['very', 'demure', 'banget']","['very', 'demure', 'banget']",very demure banget,very demure banget,Positif
Bop banget lagu yang dipakai 👑𝗔𝗟𝗘𝗫𝗜𝗦𝟭𝟳👑!,0,Bop banget lagu yang dipakai,bop banget lagu yang dipakai,"['bop', 'banget', 'lagu', 'yang', 'dipakai']","['bop', 'banget', 'lagu', 'dipakai']","['bop', 'banget', 'lagu', 'pakai']",bop banget lagu pakai,bop banget lagu pakai,Positif
"Asli ini video lucu banget wkwk, ketawa sambil buka 𝐀𝐋𝐄𝐗𝐈𝐒𝟏𝟕, ini sih wajib trending! 🚀",0,Asli ini video lucu banget wkwk ketawa sambil buka ini sih wajib trending,asli ini video lucu banget wkwk ketawa sambil buka ini sih wajib trending,"['asli', 'ini', 'video', 'lucu', 'banget', 'wkwk', 'ketawa', 'sambil', 'buka', 'ini', 'sih', 'wajib', 'trending']","['asli', 'video', 'lucu', 'banget', 'wkwk', 'ketawa', 'buka', 'sih', 'wajib', 'trending']","['asli', 'video', 'lucu', 'banget', 'wkwk', 'ketawa', 'buka', 'sih', 'wajib', 'trending']",asli video lucu banget wkwk ketawa buka sih wajib trending,asli video lucu banget wkwk ketawa buka sih wajib trending,Positif
Afgan banget kalau gak bisa ketemu 👑𝗔𝗟𝗘𝗫𝗜𝗦𝟭𝟳👑.,0,Afgan banget kalau gak bisa ketemu,afgan banget kalau gak bisa ketemu,"['afgan', 'banget', 'kalau', 'gak', 'bisa', 'ketemu']","['afgan', 'banget', 'gak', 'ketemu']","['afgan', 'banget', 'gak', 'ketemu']",afgan banget gak ketemu,afgan banget gak ketemu,Netral
"Lagi gabut, eh nemu konten 👑𝗔𝗟𝗘𝗫𝗜𝗦𝟭𝟳👑, langsung gercep!",0,Lagi gabut eh nemu konten langsung gercep,lagi gabut eh nemu konten langsung gercep,"['lagi', 'gabut', 'eh', 'nemu', 'konten', 'langsung', 'gercep']","['gabut', 'eh', 'nemu', 'konten', 'langsung', 'gercep']","['gabut', 'eh', 'nemu', 'konten', 'langsung', 'gercep']",gabut eh nemu konten langsung gercep,gabut eh nemu konten langsung gercep,Positif
Gyatt 👑𝗔𝗟𝗘𝗫𝗜𝗦𝟭𝟳👑 bikin semua terpukau!,0,Gyatt bikin semua terpukau,gyatt bikin semua terpukau,"['gyatt', 'bikin', 'semua', 'terpukau']","['gyatt', 'bikin', 'terpukau']","['gyatt', 'bikin', 'pukau']",gyatt bikin pukau,gyatt bikin pukau,Positif
"Mewing ala 👑𝗔𝗟𝗘𝗫𝗜𝗦𝟭𝟳👑, makin cakep!",0,Mewing ala makin cakep,mewing ala makin cakep,"['mewing', 'ala', 'makin', 'cakep']","['mewing', 'ala', 'cakep']","['wing', 'ala', 'cakep']",wing ala cakep,wing ala cakep,Positif
Tahun ini kami mengunjungi 🥂ＡＬＥＸＩＳ１７🥂  ️ konsep unik saat sendirian.,0,Tahun ini kami mengunjungi konsep unik saat sendirian,tahun ini kami mengunjungi konsep unik saat sendirian,"['tahun', 'ini', 'kami', 'mengunjungi', 'konsep', 'unik', 'saat', 'sendirian']","['mengunjungi', 'konsep', 'unik']","['unjung', 'konsep', 'unik']",unjung konsep unik,unjung konsep unik,Positif
Aura maghrib 👑𝗔𝗟𝗘𝗫𝗜𝗦𝟭𝟳👑 bikin adem.,0,Aura maghrib bikin adem,aura maghrib bikin adem,"['aura', 'maghrib', 'bikin', 'adem']","['aura', 'maghrib', 'bikin', 'adem']","['aura', 'maghrib', 'bikin', 'adem']",aura maghrib bikin adem,aura maghrib bikin adem,Positif
"Asap, butuh konten 👑𝗔𝗟𝗘𝗫𝗜𝗦𝟭𝟳👑 sekarang!",0,Asap butuh konten sekarang,asap butuh konten sekarang,"['asap', 'butuh', 'konten', 'sekarang']","['asap', 'butuh', 'konten']","['asap', 'butuh', 'konten']",asap butuh konten,asap butuh konten,Netral
"👑𝗔𝗟𝗘𝗫𝗜𝗦𝟭𝟳👑 bikin otakku brain rot, saking kerennya!",0,bikin otakku brain rot saking kerennya,bikin otakku brain rot saking kerennya,"['bikin', 'otakku', 'brain', 'rot', 'saking', 'kerennya']","['bikin', 'otakku', 'brain', 'rot', 'saking', 'kerennya']","['bikin', 'otak', 'brain', 'rot', 'saking', 'keren']",bikin otak brain rot saking keren,bikin otak brain rot saking keren,Positif
"👑𝗔𝗟𝗘𝗫𝗜𝗦𝟭𝟳👑 bikin baper, saking gemesnya!",0,bikin baper saking gemesnya,bikin baper saking gemesnya,"['bikin', 'baper', 'saking', 'gemesnya']","['bikin', 'baper', 'saking', 'gemesnya']","['bikin', 'baper', 'saking', 'gemesnya']",bikin baper saking gemesnya,bikin baper saking gemesnya,Positif
"👑𝗔𝗟𝗘𝗫𝗜𝗦𝟭𝟳👑 itu sigma, mandiri dan keren!",0,itu sigma mandiri dan keren,itu sigma mandiri dan keren,"['itu', 'sigma', 'mandiri', 'dan', 'keren']","['sigma', 'mandiri', 'keren']","['sigma', 'mandiri', 'keren']",sigma mandiri keren,sigma mandiri keren,Positif
"Yauds, 👑𝗔𝗟𝗘𝗫𝗜𝗦𝟭𝟳👑 emang paling oke!",0,Yauds emang paling oke,yauds emang paling oke,"['yauds', 'emang', 'paling', 'oke']","['yauds', 'emang', 'oke']","['yauds', 'emang', 'oke']",yauds emang oke,yauds emang oke,Positif
Selama perjalanan dia mencari 🥂ＡＬＥＸＩＳ１７🥂  ️ cerita lucu dengan teman baik.,0,Selama perjalanan dia mencari cerita lucu dengan teman baik,selama perjalanan dia mencari cerita lucu dengan teman baik,"['selama', 'perjalanan', 'dia', 'mencari', 'cerita', 'lucu', 'dengan', 'teman', 'baik']","['perjalanan', 'mencari', 'cerita', 'lucu', 'teman']","['jalan', 'cari', 'cerita', 'lucu', 'teman']",jalan cari cerita lucu teman,jalan cari cerita lucu teman,Netral
sandy disitu yang paling muda😅 20th,0,sandy disitu yang paling muda 20th,sandy disitu yang paling muda 20th,"['sandy', 'disitu', 'yang', 'paling', 'muda', '20th']","['sandy', 'disitu', 'muda', '20th']","['sandy', 'situ', 'muda', '20th']",sandy situ muda 20th,sandy situ muda 20th,Netral
sandy menemukan jati diri nya😂,0,sandy menemukan jati diri nya,sandy menemukan jati diri nya,"['sandy', 'menemukan', 'jati', 'diri', 'nya']","['sandy', 'menemukan', 'jati', 'nya']","['sandy', 'temu', 'jati', 'nya']",sandy temu jati nya,sandy temu jati nya,Netral
Semangat kak sandy,0,Semangat kak sandy,semangat kak sandy,"['semangat', 'kak', 'sandy']","['semangat', 'kak', 'sandy']","['semangat', 'kak', 'sandy']",semangat kak sandy,semangat kak sandy,Positif
Typo kalau nulis nama 👑𝗔𝗟𝗘𝗫𝗜𝗦𝟭𝟳👑.,55,Typo kalau nulis nama,typo kalau nulis nama,"['typo', 'kalau', 'nulis', 'nama']","['typo', 'nulis', 'nama']","['typo', 'nulis', 'nama']",typo nulis nama,typo nulis nama,Negatif
Wibu kalau suka banget sama 👑𝗔𝗟𝗘𝗫𝗜𝗦𝟭𝟳👑.,54,Wibu kalau suka banget sama,wibu kalau suka banget sama,"['wibu', 'kalau', 'suka', 'banget', 'sama']","['wibu', 'suka', 'banget']","['wibu', 'suka', 'banget']",wibu suka banget,wibu suka banget,Positif
Setelah makan malam kita belajar tentang 🥂ＡＬＥＸＩＳ１７🥂  ️ kejadian aneh di dalam ruangan.,50,Setelah makan malam kita belajar tentang kejadian aneh di dalam ruangan,setelah makan malam kita belajar tentang kejadian aneh di dalam ruangan,"['setelah', 'makan', 'malam', 'kita', 'belajar', 'tentang', 'kejadian', 'aneh', 'di', 'dalam', 'ruangan']","['makan', 'malam', 'belajar', 'kejadian', 'aneh', 'ruangan']","['makan', 'malam', 'ajar', 'jadi', 'aneh', 'ruang']",makan malam ajar jadi aneh ruang,makan malam ajar jadi aneh ruang,Negatif
Receh banget jokes 👑𝗔𝗟𝗘𝗫𝗜𝗦𝟭𝟳👑!,0,Receh banget jokes,receh banget jokes,"['receh', 'banget', 'jokes']","['receh', 'banget', 'jokes']","['receh', 'banget', 'jokes']",receh banget jokes,receh banget jokes,Positif
Santuy bareng 👑𝗔𝗟𝗘𝗫𝗜𝗦𝟭𝟳👑.,0,Santuy bareng,santuy bareng,"['santuy', 'bareng']","['santuy', 'bareng']","['santuy', 'bareng']",santuy bareng,santuy bareng,Positif
Waktu istirahat dia bertanya tentang 🥂ＡＬＥＸＩＳ１７🥂  ️ kejadian aneh secara diam-diam.,0,Waktu istirahat dia bertanya tentang kejadian aneh secara diamdiam,waktu istirahat dia bertanya tentang kejadian aneh secara diamdiam,"['waktu', 'istirahat', 'dia', 'bertanya', 'tentang', 'kejadian', 'aneh', 'secara', 'diamdiam']","['istirahat', 'kejadian', 'aneh', 'diamdiam']","['istirahat', 'jadi', 'aneh', 'diamdiam']",istirahat jadi aneh diamdiam,istirahat jadi aneh diamdiam,Negatif
Sabi banget 👑𝗔𝗟𝗘𝗫𝗜𝗦𝟭𝟳👑!,0,Sabi banget,sabi banget,"['sabi', 'banget']","['sabi', 'banget']","['sabi', 'banget']",sabi banget,sabi banget,Positif
Pagi ini dia mencari 🥂ＡＬＥＸＩＳ１７🥂  ️ kenangan manis sambil tertawa.,50,Pagi ini dia mencari kenangan manis sambil tertawa,pagi ini dia mencari kenangan manis sambil tertawa,"['pagi', 'ini', 'dia', 'mencari', 'kenangan', 'manis', 'sambil', 'tertawa']","['pagi', 'mencari', 'kenangan', 'manis', 'tertawa']","['pagi', 'cari', 'kenang', 'manis', 'tertawa']",pagi cari kenang manis tertawa,pagi cari kenang manis tertawa,Positif
Setelah makan malam kita menunggu 🥂ＡＬＥＸＩＳ１７🥂  ️ momen spesial bersama keluarga.,51,Setelah makan malam kita menunggu momen spesial bersama keluarga,setelah makan malam kita menunggu momen spesial bersama keluarga,"['setelah', 'makan', 'malam', 'kita', 'menunggu', 'momen', 'spesial', 'bersama', 'keluarga']","['makan', 'malam', 'menunggu', 'momen', 'spesial', 'keluarga']","['makan', 'malam', 'tunggu', 'momen', 'spesial', 'keluarga']",makan malam tunggu momen spesial keluarga,makan malam tunggu momen spesial keluarga,Netral
Waktu istirahat kita membahas 🥂ＡＬＥＸＩＳ１７🥂  ️ suara merdu di taman kota.,61,Waktu istirahat kita membahas suara merdu di taman kota,waktu istirahat kita membahas suara merdu di taman kota,"['waktu', 'istirahat', 'kita', 'membahas', 'suara', 'merdu', 'di', 'taman', 'kota']","['istirahat', 'membahas', 'suara', 'merdu', 'taman', 'kota']","['istirahat', 'bahas', 'suara', 'merdu', 'taman', 'kota']",istirahat bahas suara merdu taman kota,istirahat bahas suara merdu taman kota,Positif
Kemarin sore saya mencoba 🥂ＡＬＥＸＩＳ１７🥂  ️ peristiwa langka dengan gembira.,0,Kemarin sore saya mencoba peristiwa langka dengan gembira,kemarin sore saya mencoba peristiwa langka dengan gembira,"['kemarin', 'sore', 'saya', 'mencoba', 'peristiwa', 'langka', 'dengan', 'gembira']","['kemarin', 'sore', 'mencoba', 'peristiwa', 'langka', 'gembira']","['kemarin', 'sore', 'coba', 'peristiwa', 'langka', 'gembira']",kemarin sore coba peristiwa langka gembira,kemarin sore coba peristiwa langka gembira,Positif
Di akhir pekan kami menemukan 🥂ＡＬＥＸＩＳ１７🥂  ️ momen spesial penuh harapan.,0,Di akhir pekan kami menemukan momen spesial penuh harapan,di akhir pekan kami menemukan momen spesial penuh harapan,"['di', 'akhir', 'pekan', 'kami', 'menemukan', 'momen', 'spesial', 'penuh', 'harapan']","['pekan', 'menemukan', 'momen', 'spesial', 'penuh', 'harapan']","['pekan', 'temu', 'momen', 'spesial', 'penuh', 'harap']",pekan temu momen spesial penuh harap,pekan temu momen spesial penuh harap,Positif
Setelah makan malam saya membeli 🥂ＡＬＥＸＩＳ１７🥂  ️ solusi cerdas di sekolah.,0,Setelah makan malam saya membeli solusi cerdas di sekolah,setelah makan malam saya membeli solusi cerdas di sekolah,"['setelah', 'makan', 'malam', 'saya', 'membeli', 'solusi', 'cerdas', 'di', 'sekolah']","['makan', 'malam', 'membeli', 'solusi', 'cerdas', 'sekolah']","['makan', 'malam', 'beli', 'solusi', 'cerdas', 'sekolah']",makan malam beli solusi cerdas sekolah,makan malam beli solusi cerdas sekolah,Positif
Waktu istirahat mereka membicarakan 🥂ＡＬＥＸＩＳ１７🥂  ️ momen spesial penuh harapan.,0,Waktu istirahat mereka membicarakan momen spesial penuh harapan,waktu istirahat mereka membicarakan momen spesial penuh harapan,"['waktu', 'istirahat', 'mereka', 'membicarakan', 'momen', 'spesial', 'penuh', 'harapan']","['istirahat', 'membicarakan', 'momen', 'spesial', 'penuh', 'harapan']","['istirahat', 'bicara', 'momen', 'spesial', 'penuh', 'harap']",istirahat bicara momen spesial penuh harap,istirahat bicara momen spesial penuh harap,Positif
Selama perjalanan kami mengunjungi 🥂ＡＬＥＸＩＳ１７🥂  ️ peluang baru di keramaian.,0,Selama perjalanan kami mengunjungi peluang baru di keramaian,selama perjalanan kami mengunjungi peluang baru di keramaian,"['selama', 'perjalanan', 'kami', 'mengunjungi', 'peluang', 'baru', 'di', 'keramaian']","['perjalanan', 'mengunjungi', 'peluang', 'keramaian']","['jalan', 'unjung', 'peluang', 'ramai']",jalan unjung peluang ramai,jalan unjung peluang ramai,Positif
Waktu istirahat dia mengingat 🥂ＡＬＥＸＩＳ１７🥂  ️ suara merdu di dalam ruangan.,0,Waktu istirahat dia mengingat suara merdu di dalam ruangan,waktu istirahat dia mengingat suara merdu di dalam ruangan,"['waktu', 'istirahat', 'dia', 'mengingat', 'suara', 'merdu', 'di', 'dalam', 'ruangan']","['istirahat', 'suara', 'merdu', 'ruangan']","['istirahat', 'suara', 'merdu', 'ruang']",istirahat suara merdu ruang,istirahat suara merdu ruang,Positif
Sejak pagi tadi mereka membicarakan 🥂ＡＬＥＸＩＳ１７🥂  ️ sebuah rahasia sambil tertawa.,0,Sejak pagi tadi mereka membicarakan sebuah rahasia sambil tertawa,sejak pagi tadi mereka membicarakan sebuah rahasia sambil tertawa,"['sejak', 'pagi', 'tadi', 'mereka', 'membicarakan', 'sebuah', 'rahasia', 'sambil', 'tertawa']","['pagi', 'membicarakan', 'rahasia', 'tertawa']","['pagi', 'bicara', 'rahasia', 'tertawa']",pagi bicara rahasia tertawa,pagi bicara rahasia tertawa,Positif
Di pertemuan itu saya mencoba 🥂ＡＬＥＸＩＳ１７🥂  ️ kenangan manis di sekolah.,0,Di pertemuan itu saya mencoba kenangan manis di sekolah,di pertemuan itu saya mencoba kenangan manis di sekolah,"['di', 'pertemuan', 'itu', 'saya', 'mencoba', 'kenangan', 'manis', 'di', 'sekolah']","['pertemuan', 'mencoba', 'kenangan', 'manis', 'sekolah']","['temu', 'coba', 'kenang', 'manis', 'sekolah']",temu coba kenang manis sekolah,temu coba kenang manis sekolah,Positif
"Asli ini video lucu banget wkwk, ketawa sambil buka 𝐀𝐋𝐄𝐗𝐈𝐒𝟏𝟕, lanjut upload terus ya bang! 🙌",0,Asli ini video lucu banget wkwk ketawa sambil buka lanjut upload terus ya bang,asli ini video lucu banget wkwk ketawa sambil buka lanjut upload terus ya bang,"['asli', 'ini', 'video', 'lucu', 'banget', 'wkwk', 'ketawa', 'sambil', 'buka', 'lanjut', 'upload', 'terus', 'ya', 'bang']","['asli', 'video', 'lucu', 'banget', 'wkwk', 'ketawa', 'buka', 'upload', 'ya', 'bang']","['asli', 'video', 'lucu', 'banget', 'wkwk', 'ketawa', 'buka', 'upload', 'ya', 'bang']",asli video lucu banget wkwk ketawa buka upload ya bang,asli video lucu banget wkwk ketawa buka upload ya bang,Positif
"Kapan terakhir kali gue ketawa segini kerasnya 😂, sambil mantau 𝐀𝐋𝐄𝐗𝐈𝐒𝟏𝟕, bagi yang nonton pasti relate dah 🤪",0,Kapan terakhir kali gue ketawa segini kerasnya sambil mantau bagi yang nonton pasti relate dah,kapan terakhir kali gue ketawa segini kerasnya sambil mantau bagi yang nonton pasti relate dah,"['kapan', 'terakhir', 'kali', 'gue', 'ketawa', 'segini', 'kerasnya', 'sambil', 'mantau', 'bagi', 'yang', 'nonton', 'pasti', 'relate', 'dah']","['kali', 'gue', 'ketawa', 'segini', 'kerasnya', 'mantau', 'nonton', 'relate', 'dah']","['kali', 'gue', 'ketawa', 'gin', 'keras', 'mantau', 'nonton', 'relate', 'dah']",kali gue ketawa gin keras mantau nonton relate dah,kali gue ketawa gin keras mantau nonton relate dah,Positif
"Kok bisa ya sekocak ini 🤪, sambil scroll 𝐀𝐋𝐄𝐗𝐈𝐒𝟏𝟕, ini sih wajib trending! 🚀",0,Kok bisa ya sekocak ini sambil scroll ini sih wajib trending,kok bisa ya sekocak ini sambil scroll ini sih wajib trending,"['kok', 'bisa', 'ya', 'sekocak', 'ini', 'sambil', 'scroll', 'ini', 'sih', 'wajib', 'trending']","['ya', 'sekocak', 'scroll', 'sih', 'wajib', 'trending']","['ya', 'kocak', 'scroll', 'sih', 'wajib', 'trending']",ya kocak scroll sih wajib trending,ya kocak scroll sih wajib trending,Positif
Bertemu kembaran artiss,0,Bertemu kembaran artiss,bertemu kembaran artiss,"['bertemu', 'kembaran', 'artiss']","['bertemu', 'kembaran', 'artiss']","['temu', 'kembar', 'artiss']",temu kembar artiss,temu kembar artiss,Netral
Woilaahhh,0,Woilaahhh,woilaahhh,['woilaahhh'],['woilaahhh'],['woilaahhh'],woilaahhh,woilaahhh,Netral
"<a href=""https://www.youtube.com/watch?v=CaklHISbki8&amp;t=1950"">32:30</a> ASTAGA GONG BGT, dan ini paling gong kaget bgt bapak ku disebut (Pak arif)😂 mana beneran guru matematika lagi😭😭 auto kecilin volume takut dia dengar😭",0,ASTAGA GONG banget dan ini paling gong kaget banget bapak ku disebut Pak arif mana beneran guru matematika lagi auto kecilin volume takut dia dengar,astaga gong banget dan ini paling gong kaget banget bapak ku disebut pak arif mana beneran guru matematika lagi auto kecilin volume takut dia dengar,"['astaga', 'gong', 'banget', 'dan', 'ini', 'paling', 'gong', 'kaget', 'banget', 'bapak', 'ku', 'disebut', 'pak', 'arif', 'mana', 'beneran', 'guru', 'matematika', 'lagi', 'auto', 'kecilin', 'volume', 'takut', 'dia', 'dengar']","['astaga', 'gong', 'banget', 'gong', 'kaget', 'banget', 'ku', 'arif', 'beneran', 'guru', 'matematika', 'auto', 'kecilin', 'volume', 'takut', 'dengar']","['astaga', 'gong', 'banget', 'gong', 'kaget', 'banget', 'ku', 'arif', 'beneran', 'guru', 'matematika', 'auto', 'kecilin', 'volume', 'takut', 'dengar']",astaga gong banget gong kaget banget ku arif beneran guru matematika auto kecilin volume takut dengar,astaga gong banget gong kaget banget ku arif beneran guru matematika auto kecilin volume takut dengar,Positif
HAHAHAH seruuu bgt🎉🎉,0,HAHAHAH seruuu banget,hahahah seruuu banget,"['hahahah', 'seruuu', 'banget']","['hahahah', 'seruuu', 'banget']","['hahahah', 'seruuu', 'banget']",hahahah seruuu banget,hahahah seruuu banget,Positif
"mereka ga gila, yang nonton kurang kewarasan nya 😌🥰",0,mereka ga gila yang nonton kurang kewarasan nya,mereka ga gila yang nonton kurang kewarasan nya,"['mereka', 'ga', 'gila', 'yang', 'nonton', 'kurang', 'kewarasan', 'nya']","['ga', 'gila', 'nonton', 'kewarasan', 'nya']","['ga', 'gila', 'nonton', 'waras', 'nya']",ga gila nonton waras nya,ga gila nonton waras nya,Positif
Ngakak bngt plisss 😭😭😭😭😭,0,Ngakak bngt plisss,ngakak bngt plisss,"['ngakak', 'bngt', 'plisss']","['ngakak', 'bngt', 'plisss']","['ngakak', 'bngt', 'plisss']",ngakak bngt plisss,ngakak bngt plisss,Positif
"Ngakakkk banget <a href=""https://www.youtube.com/watch?v=CaklHISbki8&amp;t=1960"">32:40</a>😂",0,Ngakakkk banget,ngakakkk banget,"['ngakakkk', 'banget']","['ngakakkk', 'banget']","['ngakakkk', 'banget']",ngakakkk banget,ngakakkk banget,Positif
kok blm update lg yaa,0,kok blm update lg yaa,kok blm update lg yaa,"['kok', 'blm', 'update', 'lg', 'yaa']","['blm', 'update', 'lg', 'yaa']","['blm', 'update', 'lg', 'yaa']",blm update lg yaa,blm update lg yaa,Netral
sandy cocokk yaa diliat2😭😭😭,0,sandy cocokk yaa diliat2,sandy cocokk yaa diliat2,"['sandy', 'cocokk', 'yaa', 'diliat2']","['sandy', 'cocokk', 'yaa', 'diliat2']","['sandy', 'cocokk', 'yaa', 'diliat2']",sandy cocokk yaa diliat2,sandy cocokk yaa diliat2,Positif
"sandy keren banget, bikin anak-anak muda terinspirasi karena kepintarannya termasuk aku❤",4,sandy keren banget bikin anakanak muda terinspirasi karena kepintarannya termasuk aku,sandy keren banget bikin anakanak muda terinspirasi karena kepintarannya termasuk aku,"['sandy', 'keren', 'banget', 'bikin', 'anakanak', 'muda', 'terinspirasi', 'karena', 'kepintarannya', 'termasuk', 'aku']","['sandy', 'keren', 'banget', 'bikin', 'anakanak', 'muda', 'terinspirasi', 'kepintarannya']","['sandy', 'keren', 'banget', 'bikin', 'anakanak', 'muda', 'inspirasi', 'pintar']",sandy keren banget bikin anakanak muda inspirasi pintar,sandy keren banget bikin anakanak muda inspirasi pintar,Positif
PLIS BAKAL NYAMBUNG BANGET KALO SAMA ISYANA,0,PLIS BAKAL NYAMBUNG BANGET KALO SAMA ISYANA,plis bakal nyambung banget kalo sama isyana,"['plis', 'bakal', 'nyambung', 'banget', 'kalo', 'sama', 'isyana']","['plis', 'nyambung', 'banget', 'kalo', 'isyana']","['plis', 'nyambung', 'banget', 'kalo', 'isyana']",plis nyambung banget kalo isyana,plis nyambung banget kalo isyana,Positif
endingnyaa plsss😭😭,0,endingnyaa plsss,endingnyaa plsss,"['endingnyaa', 'plsss']","['endingnyaa', 'plsss']","['endingnyaa', 'plsss']",endingnyaa plsss,endingnyaa plsss,Positif
Next undang komeng plis,0,Next undang komeng plis,next undang komeng plis,"['next', 'undang', 'komeng', 'plis']","['next', 'undang', 'komeng', 'plis']","['next', 'undang', 'komeng', 'plis']",next undang komeng plis,next undang komeng plis,Netral
sandy bahagiain aku juga dong,0,sandy bahagiain aku juga dong,sandy bahagiain aku juga dong,"['sandy', 'bahagiain', 'aku', 'juga', 'dong']","['sandy', 'bahagiain']","['sandy', 'bahagiain']",sandy bahagiain,sandy bahagiain,Positif
SHIT--  kalo yang ngomong sandy walaupun ngaco aku hampir saja percaya,0,SHIT kalo yang ngomong sandy walaupun ngaco aku hampir saja percaya,shit kalo yang ngomong sandy walaupun ngaco aku hampir saja percaya,"['shit', 'kalo', 'yang', 'ngomong', 'sandy', 'walaupun', 'ngaco', 'aku', 'hampir', 'saja', 'percaya']","['shit', 'kalo', 'ngomong', 'sandy', 'ngaco', 'percaya']","['shit', 'kalo', 'ngomong', 'sandy', 'ngaco', 'percaya']",shit kalo ngomong sandy ngaco percaya,shit kalo ngomong sandy ngaco percaya,Netral
podcast yg untuk apa di denger sepanjang abad 😂,0,podcast yang untuk apa di denger sepanjang abad,podcast yang untuk apa di denger sepanjang abad,"['podcast', 'yang', 'untuk', 'apa', 'di', 'denger', 'sepanjang', 'abad']","['podcast', 'denger', 'abad']","['podcast', 'denger', 'abad']",podcast denger abad,podcast denger abad,Netral
that &quot;universitas singapore airlines&quot; HAHAHHAHAA,0,that universitas singapore airlines HAHAHHAHAA,that universitas singapore airlines hahahhahaa,"['that', 'universitas', 'singapore', 'airlines', 'hahahhahaa']","['that', 'universitas', 'singapore', 'airlines', 'hahahhahaa']","['that', 'universitas', 'singapore', 'airlines', 'hahahhahaa']",that universitas singapore airlines hahahhahaa,that universitas singapore airlines hahahhahaa,Netral
udah di fase pengen nabok niki 😭😭👆🏻👆🏻,0,udah di fase pengen nabok niki,udah di fase pengen nabok niki,"['udah', 'di', 'fase', 'pengen', 'nabok', 'niki']","['udah', 'fase', 'pengen', 'nabok', 'niki']","['udah', 'fase', 'ken', 'nabok', 'nik']",udah fase ken nabok nik,udah fase ken nabok nik,Negatif
"<a href=""https://www.youtube.com/watch?v=CaklHISbki8&amp;t=1736"">28:56</a> WOY😭😭 KOK BISA KEPIKIRAN",1,WOY KOK BISA KEPIKIRAN,woy kok bisa kepikiran,"['woy', 'kok', 'bisa', 'kepikiran']","['woy', 'kepikiran']","['woy', 'pikir']",woy pikir,woy pikir,Negatif
Miki gue laporin guru lo nih,0,Miki gue laporin guru lo nih,miki gue laporin guru lo nih,"['miki', 'gue', 'laporin', 'guru', 'lo', 'nih']","['miki', 'gue', 'laporin', 'guru', 'lo', 'nih']","['mik', 'gue', 'laporin', 'guru', 'lo', 'nih']",mik gue laporin guru lo nih,mik gue laporin guru lo nih,Negatif
Kok singkat banget sih😭,0,Kok singkat banget sih,kok singkat banget sih,"['kok', 'singkat', 'banget', 'sih']","['singkat', 'banget', 'sih']","['singkat', 'banget', 'sih']",singkat banget sih,singkat banget sih,Negatif
syok mereka nyambung ternyataaa,0,syok mereka nyambung ternyataaa,syok mereka nyambung ternyataaa,"['syok', 'mereka', 'nyambung', 'ternyataaa']","['syok', 'nyambung', 'ternyataaa']","['syok', 'nyambung', 'ternyataaa']",syok nyambung ternyataaa,syok nyambung ternyataaa,Positif
ngakak banget,0,ngakak banget,ngakak banget,"['ngakak', 'banget']","['ngakak', 'banget']","['ngakak', 'banget']",ngakak banget,ngakak banget,Positif
GAKUWAT LUCU BANGET PAS NUNJUKIN BAJU SANDY😭😭😭,0,GAKUWAT LUCU BANGET PAS NUNJUKIN BAJU SANDY,gakuwat lucu banget pas nunjukin baju sandy,"['gakuwat', 'lucu', 'banget', 'pas', 'nunjukin', 'baju', 'sandy']","['gakuwat', 'lucu', 'banget', 'pas', 'nunjukin', 'baju', 'sandy']","['gakuwat', 'lucu', 'banget', 'pas', 'nunjukin', 'baju', 'sandy']",gakuwat lucu banget pas nunjukin baju sandy,gakuwat lucu banget pas nunjukin baju sandy,Positif
"niky : 1 mei<br>sandy : 1 mei<br>gw : 11 mei?<br>kesenjangan orang waras<br><a href=""http://www.youtube.com/results?search_query=%23salamorangwaras"">#salamorangwaras</a>",4,niky 1 mei sandy 1 mei saya 11 mei kesenjangan orang waras,niky 1 mei sandy 1 mei saya 11 mei kesenjangan orang waras,"['niky', '1', 'mei', 'sandy', '1', 'mei', 'saya', '11', 'mei', 'kesenjangan', 'orang', 'waras']","['niky', '1', 'mei', 'sandy', '1', 'mei', '11', 'mei', 'kesenjangan', 'orang', 'waras']","['niky', '1', 'mei', 'sandy', '1', 'mei', '11', 'mei', 'senjang', 'orang', 'waras']",niky 1 mei sandy 1 mei 11 mei senjang orang waras,niky 1 mei sandy 1 mei 11 mei senjang orang waras,Netral
podcast terwow yg prnh kulihat😭,0,podcast terwow yang prnh kulihat,podcast terwow yang prnh kulihat,"['podcast', 'terwow', 'yang', 'prnh', 'kulihat']","['podcast', 'terwow', 'prnh', 'kulihat']","['podcast', 'terwow', 'prnh', 'lihat']",podcast terwow prnh lihat,podcast terwow prnh lihat,Positif
"Kok bisa ya sekocak ini 😭, barengan buka 𝗔𝗟𝗘𝗫𝗜𝗦𝟭𝟳✨, temen gua sampe jatuh dari kursi wkwk 😭",45,Kok bisa ya sekocak ini barengan buka temen gua sampe jatuh dari kursi wkwk,kok bisa ya sekocak ini barengan buka temen gua sampe jatuh dari kursi wkwk,"['kok', 'bisa', 'ya', 'sekocak', 'ini', 'barengan', 'buka', 'temen', 'gua', 'sampe', 'jatuh', 'dari', 'kursi', 'wkwk']","['ya', 'sekocak', 'barengan', 'buka', 'temen', 'gua', 'sampe', 'jatuh', 'kursi', 'wkwk']","['ya', 'kocak', 'bareng', 'buka', 'temen', 'gua', 'sampe', 'jatuh', 'kursi', 'wkwk']",ya kocak bareng buka temen gua sampe jatuh kursi wkwk,ya kocak bareng buka temen gua sampe jatuh kursi wkwk,Positif
"Asli ini video lucu banget wkwk, pas main 𝗔𝗟𝗘𝗫𝗜𝗦𝟭𝟳✨ barusan, next upload harus lebih lucu dari ini ya! 😄",0,Asli ini video lucu banget wkwk pas main barusan next upload harus lebih lucu dari ini ya,asli ini video lucu banget wkwk pas main barusan next upload harus lebih lucu dari ini ya,"['asli', 'ini', 'video', 'lucu', 'banget', 'wkwk', 'pas', 'main', 'barusan', 'next', 'upload', 'harus', 'lebih', 'lucu', 'dari', 'ini', 'ya']","['asli', 'video', 'lucu', 'banget', 'wkwk', 'pas', 'main', 'barusan', 'next', 'upload', 'lucu', 'ya']","['asli', 'video', 'lucu', 'banget', 'wkwk', 'pas', 'main', 'barusan', 'next', 'upload', 'lucu', 'ya']",asli video lucu banget wkwk pas main barusan next upload lucu ya,asli video lucu banget wkwk pas main barusan next upload lucu ya,Positif
"Kok bisa ya sekocak ini 😭, barengan buka 𝗔𝗟𝗘𝗫𝗜𝗦𝟭𝟳✨, makasih udah upload konten ginian 😆",0,Kok bisa ya sekocak ini barengan buka makasih udah upload konten ginian,kok bisa ya sekocak ini barengan buka makasih udah upload konten ginian,"['kok', 'bisa', 'ya', 'sekocak', 'ini', 'barengan', 'buka', 'makasih', 'udah', 'upload', 'konten', 'ginian']","['ya', 'sekocak', 'barengan', 'buka', 'makasih', 'udah', 'upload', 'konten', 'ginian']","['ya', 'kocak', 'bareng', 'buka', 'makasih', 'udah', 'upload', 'konten', 'ginian']",ya kocak bareng buka makasih udah upload konten ginian,ya kocak bareng buka makasih udah upload konten ginian,Positif
"Kapan terakhir kali gue ketawa segini kerasnya 😂, ditemani 𝗔𝗟𝗘𝗫𝗜𝗦𝟭𝟳✨, makasih udah upload konten ginian 😆",0,Kapan terakhir kali gue ketawa segini kerasnya ditemani makasih udah upload konten ginian,kapan terakhir kali gue ketawa segini kerasnya ditemani makasih udah upload konten ginian,"['kapan', 'terakhir', 'kali', 'gue', 'ketawa', 'segini', 'kerasnya', 'ditemani', 'makasih', 'udah', 'upload', 'konten', 'ginian']","['kali', 'gue', 'ketawa', 'segini', 'kerasnya', 'ditemani', 'makasih', 'udah', 'upload', 'konten', 'ginian']","['kali', 'gue', 'ketawa', 'gin', 'keras', 'tani', 'makasih', 'udah', 'upload', 'konten', 'ginian']",kali gue ketawa gin keras tani makasih udah upload konten ginian,kali gue ketawa gin keras tani makasih udah upload konten ginian,Positif
"Ga kuat anjir ketawa mulu 🤣, pas buka 𝗔𝗟𝗘𝗫𝗜𝗦𝟭𝟳✨ juga, yang setuju like! 🔥",0,Ga kuat anjir ketawa mulu pas buka juga yang setuju like,ga kuat anjir ketawa mulu pas buka juga yang setuju like,"['ga', 'kuat', 'anjir', 'ketawa', 'mulu', 'pas', 'buka', 'juga', 'yang', 'setuju', 'like']","['ga', 'kuat', 'anjir', 'ketawa', 'mulu', 'pas', 'buka', 'setuju', 'like']","['ga', 'kuat', 'anjir', 'ketawa', 'mulu', 'pas', 'buka', 'tuju', 'like']",ga kuat anjir ketawa mulu pas buka tuju like,ga kuat anjir ketawa mulu pas buka tuju like,Positif
"Tolong ini udah di level dewa lucunya 🤣, pas nemu ini di 𝗔𝗟𝗘𝗫𝗜𝗦𝟭𝟳✨, makasih udah upload konten ginian 😆",0,Tolong ini udah di level dewa lucunya pas nemu ini di makasih udah upload konten ginian,tolong ini udah di level dewa lucunya pas nemu ini di makasih udah upload konten ginian,"['tolong', 'ini', 'udah', 'di', 'level', 'dewa', 'lucunya', 'pas', 'nemu', 'ini', 'di', 'makasih', 'udah', 'upload', 'konten', 'ginian']","['tolong', 'udah', 'level', 'dewa', 'lucunya', 'pas', 'nemu', 'makasih', 'udah', 'upload', 'konten', 'ginian']","['tolong', 'udah', 'level', 'dewa', 'lucu', 'pas', 'nemu', 'makasih', 'udah', 'upload', 'konten', 'ginian']",tolong udah level dewa lucu pas nemu makasih udah upload konten ginian,tolong udah level dewa lucu pas nemu makasih udah upload konten ginian,Positif
"Tolong ini udah di level dewa lucunya 🤣, pas nemu ini di 𝗔𝗟𝗘𝗫𝗜𝗦𝟭𝟳✨, next upload harus lebih lucu dari ini ya! 😄",0,Tolong ini udah di level dewa lucunya pas nemu ini di next upload harus lebih lucu dari ini ya,tolong ini udah di level dewa lucunya pas nemu ini di next upload harus lebih lucu dari ini ya,"['tolong', 'ini', 'udah', 'di', 'level', 'dewa', 'lucunya', 'pas', 'nemu', 'ini', 'di', 'next', 'upload', 'harus', 'lebih', 'lucu', 'dari', 'ini', 'ya']","['tolong', 'udah', 'level', 'dewa', 'lucunya', 'pas', 'nemu', 'next', 'upload', 'lucu', 'ya']","['tolong', 'udah', 'level', 'dewa', 'lucu', 'pas', 'nemu', 'next', 'upload', 'lucu', 'ya']",tolong udah level dewa lucu pas nemu next upload lucu ya,tolong udah level dewa lucu pas nemu next upload lucu ya,Netral
"Tolong ini udah di level dewa lucunya 🤣, ketawa sambil buka 𝗔𝗟𝗘𝗫𝗜𝗦𝟭𝟳✨, yang nonton pasti ngakak juga 😂",0,Tolong ini udah di level dewa lucunya ketawa sambil buka yang nonton pasti ngakak juga,tolong ini udah di level dewa lucunya ketawa sambil buka yang nonton pasti ngakak juga,"['tolong', 'ini', 'udah', 'di', 'level', 'dewa', 'lucunya', 'ketawa', 'sambil', 'buka', 'yang', 'nonton', 'pasti', 'ngakak', 'juga']","['tolong', 'udah', 'level', 'dewa', 'lucunya', 'ketawa', 'buka', 'nonton', 'ngakak']","['tolong', 'udah', 'level', 'dewa', 'lucu', 'ketawa', 'buka', 'nonton', 'ngakak']",tolong udah level dewa lucu ketawa buka nonton ngakak,tolong udah level dewa lucu ketawa buka nonton ngakak,Positif
"Ngakak parah liat ini 😭, sambil scroll 𝗔𝗟𝗘𝗫𝗜𝗦𝟭𝟳✨, next upload harus lebih lucu dari ini ya! 😄",0,Ngakak parah liat ini sambil scroll next upload harus lebih lucu dari ini ya,ngakak parah liat ini sambil scroll next upload harus lebih lucu dari ini ya,"['ngakak', 'parah', 'liat', 'ini', 'sambil', 'scroll', 'next', 'upload', 'harus', 'lebih', 'lucu', 'dari', 'ini', 'ya']","['ngakak', 'parah', 'liat', 'scroll', 'next', 'upload', 'lucu', 'ya']","['ngakak', 'parah', 'liat', 'scroll', 'next', 'upload', 'lucu', 'ya']",ngakak parah liat scroll next upload lucu ya,ngakak parah liat scroll next upload lucu ya,Positif
"Asli ini video lucu banget wkwk, barengan buka 𝗔𝗟𝗘𝗫𝗜𝗦𝟭𝟳✨, yang setuju like! 🔥",0,Asli ini video lucu banget wkwk barengan buka yang setuju like,asli ini video lucu banget wkwk barengan buka yang setuju like,"['asli', 'ini', 'video', 'lucu', 'banget', 'wkwk', 'barengan', 'buka', 'yang', 'setuju', 'like']","['asli', 'video', 'lucu', 'banget', 'wkwk', 'barengan', 'buka', 'setuju', 'like']","['asli', 'video', 'lucu', 'banget', 'wkwk', 'bareng', 'buka', 'tuju', 'like']",asli video lucu banget wkwk bareng buka tuju like,asli video lucu banget wkwk bareng buka tuju like,Positif
"Sambil makan malah keselek karena ngakak 🤣, scroll 𝗔𝗟𝗘𝗫𝗜𝗦𝟭𝟳✨ sambil nonton ini, lanjut upload terus ya bang! 🙌",0,Sambil makan malah keselek karena ngakak scroll sambil nonton ini lanjut upload terus ya bang,sambil makan malah keselek karena ngakak scroll sambil nonton ini lanjut upload terus ya bang,"['sambil', 'makan', 'malah', 'keselek', 'karena', 'ngakak', 'scroll', 'sambil', 'nonton', 'ini', 'lanjut', 'upload', 'terus', 'ya', 'bang']","['makan', 'keselek', 'ngakak', 'scroll', 'nonton', 'upload', 'ya', 'bang']","['makan', 'keselek', 'ngakak', 'scroll', 'nonton', 'upload', 'ya', 'bang']",makan keselek ngakak scroll nonton upload ya bang,makan keselek ngakak scroll nonton upload ya bang,Positif
"Gokil sih ini kontennya 😆, ditemani 𝗔𝗟𝗘𝗫𝗜𝗦𝟭𝟳✨, temen gua sampe jatuh dari kursi wkwk 😭",0,Gokil sih ini kontennya ditemani temen gua sampe jatuh dari kursi wkwk,gokil sih ini kontennya ditemani temen gua sampe jatuh dari kursi wkwk,"['gokil', 'sih', 'ini', 'kontennya', 'ditemani', 'temen', 'gua', 'sampe', 'jatuh', 'dari', 'kursi', 'wkwk']","['gokil', 'sih', 'kontennya', 'ditemani', 'temen', 'gua', 'sampe', 'jatuh', 'kursi', 'wkwk']","['gokil', 'sih', 'konten', 'tani', 'temen', 'gua', 'sampe', 'jatuh', 'kursi', 'wkwk']",gokil sih konten tani temen gua sampe jatuh kursi wkwk,gokil sih konten tani temen gua sampe jatuh kursi wkwk,Positif
"Asli ini video lucu banget wkwk, sekalian liat-liat 𝗔𝗟𝗘𝗫𝗜𝗦𝟭𝟳✨, semoga makin banyak video kayak gini 😁",0,Asli ini video lucu banget wkwk sekalian liatliat semoga makin banyak video kayak gini,asli ini video lucu banget wkwk sekalian liatliat semoga makin banyak video kayak gini,"['asli', 'ini', 'video', 'lucu', 'banget', 'wkwk', 'sekalian', 'liatliat', 'semoga', 'makin', 'banyak', 'video', 'kayak', 'gini']","['asli', 'video', 'lucu', 'banget', 'wkwk', 'liatliat', 'semoga', 'video', 'kayak', 'gini']","['asli', 'video', 'lucu', 'banget', 'wkwk', 'liatliat', 'moga', 'video', 'kayak', 'gin']",asli video lucu banget wkwk liatliat moga video kayak gin,asli video lucu banget wkwk liatliat moga video kayak gin,Positif
"Ngakak parah liat ini 😭, barengan buka 𝗔𝗟𝗘𝗫𝗜𝗦𝟭𝟳✨, yang nonton pasti ngakak juga 😂",0,Ngakak parah liat ini barengan buka yang nonton pasti ngakak juga,ngakak parah liat ini barengan buka yang nonton pasti ngakak juga,"['ngakak', 'parah', 'liat', 'ini', 'barengan', 'buka', 'yang', 'nonton', 'pasti', 'ngakak', 'juga']","['ngakak', 'parah', 'liat', 'barengan', 'buka', 'nonton', 'ngakak']","['ngakak', 'parah', 'liat', 'bareng', 'buka', 'nonton', 'ngakak']",ngakak parah liat bareng buka nonton ngakak,ngakak parah liat bareng buka nonton ngakak,Positif
"Kucing tetangga pun ikutan kaget gara-gara suara ketawa gua 😭, ditemani 𝗔𝗟𝗘𝗫𝗜𝗦𝟭𝟳✨, lanjut upload terus ya bang! 🙌",0,Kucing tetangga pun ikutan kaget garagara suara ketawa gua ditemani lanjut upload terus ya bang,kucing tetangga pun ikutan kaget garagara suara ketawa gua ditemani lanjut upload terus ya bang,"['kucing', 'tetangga', 'pun', 'ikutan', 'kaget', 'garagara', 'suara', 'ketawa', 'gua', 'ditemani', 'lanjut', 'upload', 'terus', 'ya', 'bang']","['kucing', 'tetangga', 'ikutan', 'kaget', 'garagara', 'suara', 'ketawa', 'gua', 'ditemani', 'upload', 'ya', 'bang']","['kucing', 'tetangga', 'ikut', 'kaget', 'garagara', 'suara', 'ketawa', 'gua', 'tani', 'upload', 'ya', 'bang']",kucing tetangga ikut kaget garagara suara ketawa gua tani upload ya bang,kucing tetangga ikut kaget garagara suara ketawa gua tani upload ya bang,Positif
"Sambil makan malah keselek karena ngakak 🤣, pas nemu ini di 𝗔𝗟𝗘𝗫𝗜𝗦𝟭𝟳✨, yang nonton pasti ngakak juga 😂",0,Sambil makan malah keselek karena ngakak pas nemu ini di yang nonton pasti ngakak juga,sambil makan malah keselek karena ngakak pas nemu ini di yang nonton pasti ngakak juga,"['sambil', 'makan', 'malah', 'keselek', 'karena', 'ngakak', 'pas', 'nemu', 'ini', 'di', 'yang', 'nonton', 'pasti', 'ngakak', 'juga']","['makan', 'keselek', 'ngakak', 'pas', 'nemu', 'nonton', 'ngakak']","['makan', 'keselek', 'ngakak', 'pas', 'nemu', 'nonton', 'ngakak']",makan keselek ngakak pas nemu nonton ngakak,makan keselek ngakak pas nemu nonton ngakak,Positif
"Kucing tetangga pun ikutan kaget gara-gara suara ketawa gua 🤪, pas buka 𝐀𝐋𝐄𝐗𝐈𝐒𝟏𝟕 juga, makasih udah upload konten ginian 😆",0,Kucing tetangga pun ikutan kaget garagara suara ketawa gua pas buka juga makasih udah upload konten ginian,kucing tetangga pun ikutan kaget garagara suara ketawa gua pas buka juga makasih udah upload konten ginian,"['kucing', 'tetangga', 'pun', 'ikutan', 'kaget', 'garagara', 'suara', 'ketawa', 'gua', 'pas', 'buka', 'juga', 'makasih', 'udah', 'upload', 'konten', 'ginian']","['kucing', 'tetangga', 'ikutan', 'kaget', 'garagara', 'suara', 'ketawa', 'gua', 'pas', 'buka', 'makasih', 'udah', 'upload', 'konten', 'ginian']","['kucing', 'tetangga', 'ikut', 'kaget', 'garagara', 'suara', 'ketawa', 'gua', 'pas', 'buka', 'makasih', 'udah', 'upload', 'konten', 'ginian']",kucing tetangga ikut kaget garagara suara ketawa gua pas buka makasih udah upload konten ginian,kucing tetangga ikut kaget garagara suara ketawa gua pas buka makasih udah upload konten ginian,Positif
"Gua replay bagian ini 5x masih ngakak juga 😂, pas buka 𝗔𝗟𝗘𝗫𝗜𝗦𝟭𝟳✨ juga, kapan lagi liat konten beginian 🤣",0,Gua replay bagian ini 5x masih ngakak juga pas buka juga kapan lagi liat konten beginian,gua replay bagian ini 5x masih ngakak juga pas buka juga kapan lagi liat konten beginian,"['gua', 'replay', 'bagian', 'ini', '5x', 'masih', 'ngakak', 'juga', 'pas', 'buka', 'juga', 'kapan', 'lagi', 'liat', 'konten', 'beginian']","['gua', 'replay', '5x', 'ngakak', 'pas', 'buka', 'liat', 'konten']","['gua', 'replay', '5x', 'ngakak', 'pas', 'buka', 'liat', 'konten']",gua replay 5x ngakak pas buka liat konten,gua replay 5x ngakak pas buka liat konten,Positif
"Sambil makan malah keselek karena ngakak 🤣, scroll 𝗔𝗟𝗘𝗫𝗜𝗦𝟭𝟳✨ sambil nonton ini, next upload harus lebih lucu dari ini ya! 😄",0,Sambil makan malah keselek karena ngakak scroll sambil nonton ini next upload harus lebih lucu dari ini ya,sambil makan malah keselek karena ngakak scroll sambil nonton ini next upload harus lebih lucu dari ini ya,"['sambil', 'makan', 'malah', 'keselek', 'karena', 'ngakak', 'scroll', 'sambil', 'nonton', 'ini', 'next', 'upload', 'harus', 'lebih', 'lucu', 'dari', 'ini', 'ya']","['makan', 'keselek', 'ngakak', 'scroll', 'nonton', 'next', 'upload', 'lucu', 'ya']","['makan', 'keselek', 'ngakak', 'scroll', 'nonton', 'next', 'upload', 'lucu', 'ya']",makan keselek ngakak scroll nonton next upload lucu ya,makan keselek ngakak scroll nonton next upload lucu ya,Positif
sold out 😭😭😭,0,sold out,sold out,"['sold', 'out']","['sold', 'out']","['sold', 'out']",sold out,sold out,Netral
"Ngakak parah liat ini 😭, pas main 𝗔𝗟𝗘𝗫𝗜𝗦𝟭𝟳✨ barusan, bagi yang nonton pasti relate dah 😭",0,Ngakak parah liat ini pas main barusan bagi yang nonton pasti relate dah,ngakak parah liat ini pas main barusan bagi yang nonton pasti relate dah,"['ngakak', 'parah', 'liat', 'ini', 'pas', 'main', 'barusan', 'bagi', 'yang', 'nonton', 'pasti', 'relate', 'dah']","['ngakak', 'parah', 'liat', 'pas', 'main', 'barusan', 'nonton', 'relate', 'dah']","['ngakak', 'parah', 'liat', 'pas', 'main', 'barusan', 'nonton', 'relate', 'dah']",ngakak parah liat pas main barusan nonton relate dah,ngakak parah liat pas main barusan nonton relate dah,Positif
"Tolong ini udah di level dewa lucunya 🤣, pas nemu ini di 𝗔𝗟𝗘𝗫𝗜𝗦𝟭𝟳✨, yang setuju like! 🔥",0,Tolong ini udah di level dewa lucunya pas nemu ini di yang setuju like,tolong ini udah di level dewa lucunya pas nemu ini di yang setuju like,"['tolong', 'ini', 'udah', 'di', 'level', 'dewa', 'lucunya', 'pas', 'nemu', 'ini', 'di', 'yang', 'setuju', 'like']","['tolong', 'udah', 'level', 'dewa', 'lucunya', 'pas', 'nemu', 'setuju', 'like']","['tolong', 'udah', 'level', 'dewa', 'lucu', 'pas', 'nemu', 'tuju', 'like']",tolong udah level dewa lucu pas nemu tuju like,tolong udah level dewa lucu pas nemu tuju like,Positif
"Kok bisa ya sekocak ini 😭, pas main 𝗔𝗟𝗘𝗫𝗜𝗦𝟭𝟳✨ barusan, makasih udah upload konten ginian 😆",0,Kok bisa ya sekocak ini pas main barusan makasih udah upload konten ginian,kok bisa ya sekocak ini pas main barusan makasih udah upload konten ginian,"['kok', 'bisa', 'ya', 'sekocak', 'ini', 'pas', 'main', 'barusan', 'makasih', 'udah', 'upload', 'konten', 'ginian']","['ya', 'sekocak', 'pas', 'main', 'barusan', 'makasih', 'udah', 'upload', 'konten', 'ginian']","['ya', 'kocak', 'pas', 'main', 'barusan', 'makasih', 'udah', 'upload', 'konten', 'ginian']",ya kocak pas main barusan makasih udah upload konten ginian,ya kocak pas main barusan makasih udah upload konten ginian,Positif
"Ga kuat anjir ketawa mulu 🤣, sambil scroll 𝗔𝗟𝗘𝗫𝗜𝗦𝟭𝟳✨, yang nonton pasti ngakak juga 😂",0,Ga kuat anjir ketawa mulu sambil scroll yang nonton pasti ngakak juga,ga kuat anjir ketawa mulu sambil scroll yang nonton pasti ngakak juga,"['ga', 'kuat', 'anjir', 'ketawa', 'mulu', 'sambil', 'scroll', 'yang', 'nonton', 'pasti', 'ngakak', 'juga']","['ga', 'kuat', 'anjir', 'ketawa', 'mulu', 'scroll', 'nonton', 'ngakak']","['ga', 'kuat', 'anjir', 'ketawa', 'mulu', 'scroll', 'nonton', 'ngakak']",ga kuat anjir ketawa mulu scroll nonton ngakak,ga kuat anjir ketawa mulu scroll nonton ngakak,Positif
"Ngakak parah liat ini 😭, pas main 𝗔𝗟𝗘𝗫𝗜𝗦𝟭𝟳✨ barusan, yang setuju like! 🔥",0,Ngakak parah liat ini pas main barusan yang setuju like,ngakak parah liat ini pas main barusan yang setuju like,"['ngakak', 'parah', 'liat', 'ini', 'pas', 'main', 'barusan', 'yang', 'setuju', 'like']","['ngakak', 'parah', 'liat', 'pas', 'main', 'barusan', 'setuju', 'like']","['ngakak', 'parah', 'liat', 'pas', 'main', 'barusan', 'tuju', 'like']",ngakak parah liat pas main barusan tuju like,ngakak parah liat pas main barusan tuju like,Positif
demi allah ga nemu intinya 😭😭😭,0,demi allah ga nemu intinya,demi allah ga nemu intinya,"['demi', 'allah', 'ga', 'nemu', 'intinya']","['allah', 'ga', 'nemu', 'intinya']","['allah', 'ga', 'nemu', 'inti']",allah ga nemu inti,allah ga nemu inti,Negatif
kurang panjanggg,0,kurang panjanggg,kurang panjanggg,"['kurang', 'panjanggg']",['panjanggg'],['panjanggg'],panjanggg,panjanggg,Negatif
ENDINGNYA ANJ😭😭😭😭😭😭😭😭😭 GAKUAT BGT😭😭😭😭😭,1,ENDINGNYA ANJ GAKUAT banget,endingnya anj gakuat banget,"['endingnya', 'anj', 'gakuat', 'banget']","['endingnya', 'anj', 'gakuat', 'banget']","['endingnya', 'anj', 'gakuat', 'banget']",endingnya anj gakuat banget,endingnya anj gakuat banget,Positif
Orang biasa ga ngerajain soal 325 sehari kali san 🙂‍↔️🙂‍↔️,0,Orang biasa ga ngerajain soal sehari kali san,orang biasa ga ngerajain soal sehari kali san,"['orang', 'biasa', 'ga', 'ngerajain', 'soal', 'sehari', 'kali', 'san']","['orang', 'ga', 'ngerajain', 'sehari', 'kali', 'san']","['orang', 'ga', 'ngerajain', 'hari', 'kali', 'san']",orang ga ngerajain hari kali san,orang ga ngerajain hari kali san,Negatif
"GAKUAT BGT wak😭😭😭😭😭😭😭😭 the another plot tak terduga of the show gang cpe bgtt🤣 <a href=""https://www.youtube.com/watch?v=CaklHISbki8&amp;t=1744"">29:04</a>",0,GAKUAT banget wak the another plot tak terduga of the show gang cpe bgtt,gakuat banget wak the another plot tak terduga of the show gang cpe bgtt,"['gakuat', 'banget', 'wak', 'the', 'another', 'plot', 'tak', 'terduga', 'of', 'the', 'show', 'gang', 'cpe', 'bgtt']","['gakuat', 'banget', 'wak', 'the', 'another', 'plot', 'terduga', 'of', 'the', 'show', 'gang', 'cpe', 'bgtt']","['gakuat', 'banget', 'wak', 'the', 'another', 'plot', 'duga', 'of', 'the', 'show', 'gang', 'cpe', 'bgtt']",gakuat banget wak the another plot duga of the show gang cpe bgtt,gakuat banget wak the another plot duga of the show gang cpe bgtt,Positif
plishahaha full lucu bgt lagi😭🤣,0,plishahaha full lucu banget lagi,plishahaha full lucu banget lagi,"['plishahaha', 'full', 'lucu', 'banget', 'lagi']","['plishahaha', 'full', 'lucu', 'banget']","['plishahaha', 'full', 'lucu', 'banget']",plishahaha full lucu banget,plishahaha full lucu banget,Positif
pAk TimbUl PaK aRif GUruku yg SaNGat bUNcit ~~,1,pAk TimbUl PaK aRif GUruku yang SaNGat bUNcit,pak timbul pak arif guruku yang sangat buncit,"['pak', 'timbul', 'pak', 'arif', 'guruku', 'yang', 'sangat', 'buncit']","['timbul', 'arif', 'guruku', 'buncit']","['timbul', 'arif', 'guru', 'buncit']",timbul arif guru buncit,timbul arif guru buncit,Negatif
Lucu bangettt plisss,0,Lucu bangettt plisss,lucu bangettt plisss,"['lucu', 'bangettt', 'plisss']","['lucu', 'bangettt', 'plisss']","['lucu', 'bangettt', 'plisss']",lucu bangettt plisss,lucu bangettt plisss,Positif
bang undang prilly sekalian promo filmnya,0,bang undang prilly sekalian promo filmnya,bang undang prilly sekalian promo filmnya,"['bang', 'undang', 'prilly', 'sekalian', 'promo', 'filmnya']","['bang', 'undang', 'prilly', 'promo', 'filmnya']","['bang', 'undang', 'prilly', 'promo', 'film']",bang undang prilly promo film,bang undang prilly promo film,Netral
&quot;GURUKU YANG SANGAT BUNCIT&quot; 😭😭😭😭😭😭😭😭😭,0,GURUKU YANG SANGAT BUNCIT,guruku yang sangat buncit,"['guruku', 'yang', 'sangat', 'buncit']","['guruku', 'buncit']","['guru', 'buncit']",guru buncit,guru buncit,Negatif
STRESS 😭,0,STRESS,stress,['stress'],['stress'],['stress'],stress,stress,Negatif
INI POTCAST APAAN SI ANJ😭😭,0,INI POTCAST APAAN SI ANJ,ini potcast apaan si anj,"['ini', 'potcast', 'apaan', 'si', 'anj']","['potcast', 'si', 'anj']","['potcast', 'si', 'anj']",potcast si anj,potcast si anj,Negatif
"<a href=""https://www.youtube.com/watch?v=CaklHISbki8&amp;t=321"">5:21</a> lucuu bgtt sandyy bombastic side eyee😅😅",1,lucuu bgtt sandyy bombastic side eyee,lucuu bgtt sandyy bombastic side eyee,"['lucuu', 'bgtt', 'sandyy', 'bombastic', 'side', 'eyee']","['lucuu', 'bgtt', 'sandyy', 'bombastic', 'side', 'eyee']","['lucuu', 'bgtt', 'sandyy', 'bombastic', 'side', 'eyee']",lucuu bgtt sandyy bombastic side eyee,lucuu bgtt sandyy bombastic side eyee,Positif
Pecah bgt jirrrr podcast kali ini😭😭😭<br>Apalagi yg suku ke n bjirrr ngabrut bgt wkwkwk,0,Pecah banget jirrrr podcast kali ini Apalagi yang suku ke n bjirrr ngabrut banget wkwkwk,pecah banget jirrrr podcast kali ini apalagi yang suku ke n bjirrr ngabrut banget wkwkwk,"['pecah', 'banget', 'jirrrr', 'podcast', 'kali', 'ini', 'apalagi', 'yang', 'suku', 'ke', 'n', 'bjirrr', 'ngabrut', 'banget', 'wkwkwk']","['pecah', 'banget', 'jirrrr', 'podcast', 'kali', 'suku', 'n', 'bjirrr', 'ngabrut', 'banget', 'wkwkwk']","['pecah', 'banget', 'jirrrr', 'podcast', 'kali', 'suku', 'n', 'bjirrr', 'ngabrut', 'banget', 'wkwkwk']",pecah banget jirrrr podcast kali suku n bjirrr ngabrut banget wkwkwk,pecah banget jirrrr podcast kali suku n bjirrr ngabrut banget wkwkwk,Positif
"Next sama arkan coc 2 dongg kakk, soalnya mirim kak niki",0,Next sama arkan coc 2 dongg kakk soalnya mirim kak niki,next sama arkan coc 2 dongg kakk soalnya mirim kak niki,"['next', 'sama', 'arkan', 'coc', '2', 'dongg', 'kakk', 'soalnya', 'mirim', 'kak', 'niki']","['next', 'arkan', 'coc', '2', 'dongg', 'kakk', 'mirim', 'kak', 'niki']","['next', 'arkan', 'coc', '2', 'dongg', 'kakk', 'mirim', 'kak', 'nik']",next arkan coc 2 dongg kakk mirim kak nik,next arkan coc 2 dongg kakk mirim kak nik,Netral
ya Allah lg hamil 6 weeks nntn ini udh kram perut makin sakit ketawa mulu 🤣😭,0,ya Allah lg hamil 6 weeks nntn ini sudah kram perut makin sakit ketawa mulu,ya allah lg hamil 6 weeks nntn ini sudah kram perut makin sakit ketawa mulu,"['ya', 'allah', 'lg', 'hamil', '6', 'weeks', 'nntn', 'ini', 'sudah', 'kram', 'perut', 'makin', 'sakit', 'ketawa', 'mulu']","['ya', 'allah', 'lg', 'hamil', '6', 'weeks', 'nntn', 'kram', 'perut', 'sakit', 'ketawa', 'mulu']","['ya', 'allah', 'lg', 'hamil', '6', 'weeks', 'nntn', 'kram', 'perut', 'sakit', 'ketawa', 'mulu']",ya allah lg hamil 6 weeks nntn kram perut sakit ketawa mulu,ya allah lg hamil 6 weeks nntn kram perut sakit ketawa mulu,Positif
lucuu bangeeeetttt,0,lucuu bangeeeetttt,lucuu bangeeeetttt,"['lucuu', 'bangeeeetttt']","['lucuu', 'bangeeeetttt']","['lucuu', 'bangeeeetttt']",lucuu bangeeeetttt,lucuu bangeeeetttt,Positif
yg nnton yg ga waras😭😭,0,yang nnton yang ga waras,yang nnton yang ga waras,"['yang', 'nnton', 'yang', 'ga', 'waras']","['nnton', 'ga', 'waras']","['nnton', 'ga', 'waras']",nnton ga waras,nnton ga waras,Negatif
kok gapake celana gajah?,0,kok gapake celana gajah,kok gapake celana gajah,"['kok', 'gapake', 'celana', 'gajah']","['gapake', 'celana', 'gajah']","['gapake', 'celana', 'gajah']",gapake celana gajah,gapake celana gajah,Netral
"ayo join bimbel waras <a href=""http://www.youtube.com/results?search_query=%23hiduporangwaras"">#hiduporangwaras</a>",0,ayo join bimbel waras,ayo join bimbel waras,"['ayo', 'join', 'bimbel', 'waras']","['ayo', 'join', 'bimbel', 'waras']","['ayo', 'join', 'bimbel', 'waras']",ayo join bimbel waras,ayo join bimbel waras,Netral
MAKASIH SANDY ILMU WARASNYA😊😅,0,MAKASIH SANDY ILMU WARASNYA,makasih sandy ilmu warasnya,"['makasih', 'sandy', 'ilmu', 'warasnya']","['makasih', 'sandy', 'ilmu', 'warasnya']","['makasih', 'sandy', 'ilmu', 'waras']",makasih sandy ilmu waras,makasih sandy ilmu waras,Positif
Seru banget pls,0,Seru banget pls,seru banget pls,"['seru', 'banget', 'pls']","['seru', 'banget', 'pls']","['seru', 'banget', 'pls']",seru banget pls,seru banget pls,Positif
Dalam mimpi semalam saya mendengar 🏠𝐀𝐋𝐄𝐗𝐈𝐒𝟏𝟕🏠 tantangan besar di bawah pohon rindang.,35,Dalam mimpi semalam saya mendengar tantangan besar di bawah pohon rindang,dalam mimpi semalam saya mendengar tantangan besar di bawah pohon rindang,"['dalam', 'mimpi', 'semalam', 'saya', 'mendengar', 'tantangan', 'besar', 'di', 'bawah', 'pohon', 'rindang']","['mimpi', 'semalam', 'mendengar', 'tantangan', 'pohon', 'rindang']","['mimpi', 'malam', 'dengar', 'tantang', 'pohon', 'rindang']",mimpi malam dengar tantang pohon rindang,mimpi malam dengar tantang pohon rindang,Netral
Minggu lalu mereka menjelaskan 🏠𝐀𝐋𝐄𝐗𝐈𝐒𝟏𝟕🏠 sebuah rahasia di kantor.,43,Minggu lalu mereka menjelaskan sebuah rahasia di kantor,minggu lalu mereka menjelaskan sebuah rahasia di kantor,"['minggu', 'lalu', 'mereka', 'menjelaskan', 'sebuah', 'rahasia', 'di', 'kantor']","['minggu', 'rahasia', 'kantor']","['minggu', 'rahasia', 'kantor']",minggu rahasia kantor,minggu rahasia kantor,Netral
Di akhir pekan kami menemukan 🏠𝐀𝐋𝐄𝐗𝐈𝐒𝟏𝟕🏠 kesempatan emas sambil tertawa.,134,Di akhir pekan kami menemukan kesempatan emas sambil tertawa,di akhir pekan kami menemukan kesempatan emas sambil tertawa,"['di', 'akhir', 'pekan', 'kami', 'menemukan', 'kesempatan', 'emas', 'sambil', 'tertawa']","['pekan', 'menemukan', 'kesempatan', 'emas', 'tertawa']","['pekan', 'temu', 'sempat', 'emas', 'tertawa']",pekan temu sempat emas tertawa,pekan temu sempat emas tertawa,Positif
Setiap hari kita belajar tentang 🏠𝐀𝐋𝐄𝐗𝐈𝐒𝟏𝟕🏠 fakta mengejutkan di dalam ruangan.,124,Setiap hari kita belajar tentang fakta mengejutkan di dalam ruangan,setiap hari kita belajar tentang fakta mengejutkan di dalam ruangan,"['setiap', 'hari', 'kita', 'belajar', 'tentang', 'fakta', 'mengejutkan', 'di', 'dalam', 'ruangan']","['belajar', 'fakta', 'mengejutkan', 'ruangan']","['ajar', 'fakta', 'kejut', 'ruang']",ajar fakta kejut ruang,ajar fakta kejut ruang,Netral
Minggu lalu kita menunggu 🏠𝐀𝐋𝐄𝐗𝐈𝐒𝟏𝟕🏠 berita penting di kantor.,37,Minggu lalu kita menunggu berita penting di kantor,minggu lalu kita menunggu berita penting di kantor,"['minggu', 'lalu', 'kita', 'menunggu', 'berita', 'penting', 'di', 'kantor']","['minggu', 'menunggu', 'berita', 'kantor']","['minggu', 'tunggu', 'berita', 'kantor']",minggu tunggu berita kantor,minggu tunggu berita kantor,Netral
"Gak kaleng-kaleng, 👑𝗔𝗟𝗘𝗫𝗜𝗦𝟭𝟳👑 emang the real MVP!",0,Gak kalengkaleng emang the real MVP,gak kalengkaleng emang the real mvp,"['gak', 'kalengkaleng', 'emang', 'the', 'real', 'mvp']","['gak', 'kalengkaleng', 'emang', 'the', 'real', 'mvp']","['gak', 'kalengkaleng', 'emang', 'the', 'real', 'mvp']",gak kalengkaleng emang the real mvp,gak kalengkaleng emang the real mvp,Positif
Jangan down kalau belum bisa kayak 👑𝗔𝗟𝗘𝗫𝗜𝗦𝟭𝟳👑.,0,Jangan down kalau belum bisa kayak,jangan down kalau belum bisa kayak,"['jangan', 'down', 'kalau', 'belum', 'bisa', 'kayak']","['down', 'kayak']","['down', 'kayak']",down kayak,down kayak,Negatif
"Vibes 👑𝗔𝗟𝗘𝗫𝗜𝗦𝟭𝟳👑 bikin nagih, auto follow!",0,Vibes bikin nagih auto follow,vibes bikin nagih auto follow,"['vibes', 'bikin', 'nagih', 'auto', 'follow']","['vibes', 'bikin', 'nagih', 'auto', 'follow']","['vibes', 'bikin', 'nagih', 'auto', 'follow']",vibes bikin nagih auto follow,vibes bikin nagih auto follow,Positif
"Soal IMO itu a b c d smuanya 1/4, bener ga? <a href=""https://www.youtube.com/watch?v=CaklHISbki8&amp;t=620"">10:20</a>",0,Soal IMO itu a b c d smuanya 14 bener ga,soal imo itu a b c d smuanya 14 bener ga,"['soal', 'imo', 'itu', 'a', 'b', 'c', 'd', 'smuanya', '14', 'bener', 'ga']","['imo', 'a', 'b', 'c', 'd', 'smuanya', '14', 'bener', 'ga']","['imo', 'a', 'b', 'c', 'd', 'smuanya', '14', 'bener', 'ga']",imo a b c d smuanya 14 bener ga,imo a b c d smuanya 14 bener ga,Netral
👑𝗔𝗟𝗘𝗫𝗜𝗦𝟭𝟳👑 top banget! Pelayanannya cepet! 👍,0,top banget Pelayanannya cepet,top banget pelayanannya cepet,"['top', 'banget', 'pelayanannya', 'cepet']","['top', 'banget', 'pelayanannya', 'cepet']","['top', 'banget', 'layan', 'cepet']",top banget layan cepet,top banget layan cepet,Positif
"Drip 👑𝗔𝗟𝗘𝗫𝗜𝗦𝟭𝟳👑 emang beda, stylish abis!",0,Drip emang beda stylish abis,drip emang beda stylish abis,"['drip', 'emang', 'beda', 'stylish', 'abis']","['drip', 'emang', 'beda', 'stylish', 'abis']","['drip', 'emang', 'beda', 'stylish', 'abis']",drip emang beda stylish abis,drip emang beda stylish abis,Positif
"Fix, 🚩👑𝗔𝗟𝗘𝗫𝗜𝗦𝟭𝟳👑🚩 nomor satu! Pelayanannya cepet! 👍",0,Fix nomor satu Pelayanannya cepet,fix nomor satu pelayanannya cepet,"['fix', 'nomor', 'satu', 'pelayanannya', 'cepet']","['fix', 'nomor', 'pelayanannya', 'cepet']","['fix', 'nomor', 'layan', 'cepet']",fix nomor layan cepet,fix nomor layan cepet,Positif
Keren banget 👑𝗔𝗟𝗘𝗫𝗜𝗦𝟭𝟳👑! Pengen share ke temen! 😎,0,Keren banget Pengen share ke temen,keren banget pengen share ke temen,"['keren', 'banget', 'pengen', 'share', 'ke', 'temen']","['keren', 'banget', 'pengen', 'share', 'temen']","['keren', 'banget', 'ken', 'share', 'temen']",keren banget ken share temen,keren banget ken share temen,Positif
"Wow, 👑𝗔𝗟𝗘𝗫𝗜𝗦𝟭𝟳👑 top! Pelayanannya cepet! 🎉",0,Wow top Pelayanannya cepet,wow top pelayanannya cepet,"['wow', 'top', 'pelayanannya', 'cepet']","['wow', 'top', 'pelayanannya', 'cepet']","['wow', 'top', 'layan', 'cepet']",wow top layan cepet,wow top layan cepet,Positif
ga ekspek kalo mereka bakalan nyambung😭😭,0,ga ekspek kalo mereka bakalan nyambung,ga ekspek kalo mereka bakalan nyambung,"['ga', 'ekspek', 'kalo', 'mereka', 'bakalan', 'nyambung']","['ga', 'ekspek', 'kalo', 'nyambung']","['ga', 'ekspek', 'kalo', 'nyambung']",ga ekspek kalo nyambung,ga ekspek kalo nyambung,Positif
LUCU BANGETT MAU LAGI DONGGG😭😭😭,0,LUCU BANGETT MAU LAGI DONGGG,lucu bangett mau lagi donggg,"['lucu', 'bangett', 'mau', 'lagi', 'donggg']","['lucu', 'bangett', 'donggg']","['lucu', 'bangett', 'donggg']",lucu bangett donggg,lucu bangett donggg,Positif
GA BERHENTI KETAWA GUEEEEEE,0,GA BERHENTI KETAWA GUEEEEEE,ga berhenti ketawa gueeeeee,"['ga', 'berhenti', 'ketawa', 'gueeeeee']","['ga', 'berhenti', 'ketawa', 'gueeeeee']","['ga', 'henti', 'ketawa', 'gueeeeee']",ga henti ketawa gueeeeee,ga henti ketawa gueeeeee,Positif
HAHAHA RECEH POLLL😭😭,0,HAHAHA RECEH POLLL,hahaha receh polll,"['hahaha', 'receh', 'polll']","['hahaha', 'receh', 'polll']","['hahaha', 'receh', 'polll']",hahaha receh polll,hahaha receh polll,Positif
baru kali ini nonton podcast ketawa mulu,0,baru kali ini nonton podcast ketawa mulu,baru kali ini nonton podcast ketawa mulu,"['baru', 'kali', 'ini', 'nonton', 'podcast', 'ketawa', 'mulu']","['kali', 'nonton', 'podcast', 'ketawa', 'mulu']","['kali', 'nonton', 'podcast', 'ketawa', 'mulu']",kali nonton podcast ketawa mulu,kali nonton podcast ketawa mulu,Positif
cape banget 😭😭😭😭,0,cape banget,cape banget,"['cape', 'banget']","['cape', 'banget']","['cape', 'banget']",cape banget,cape banget,Negatif
lucu bgt yaallah😭,0,lucu banget yaallah,lucu banget yaallah,"['lucu', 'banget', 'yaallah']","['lucu', 'banget', 'yaallah']","['lucu', 'banget', 'yaallah']",lucu banget yaallah,lucu banget yaallah,Positif
stres semua stres😭😭😭😭😭😭😭,0,stres semua stres,stres semua stres,"['stres', 'semua', 'stres']","['stres', 'stres']","['stres', 'stres']",stres stres,stres stres,Negatif
ternyata sama sama anehhhh🥲🥲🥲,0,ternyata sama sama anehhhh,ternyata sama sama anehhhh,"['ternyata', 'sama', 'sama', 'anehhhh']",['anehhhh'],['anehhhh'],anehhhh,anehhhh,Negatif
SUMPAH SANDY NYAMBUNG BGT SM MREKA😂😂😂,0,SUMPAH SANDY NYAMBUNG banget sama MREKA,sumpah sandy nyambung banget sama mreka,"['sumpah', 'sandy', 'nyambung', 'banget', 'sama', 'mreka']","['sumpah', 'sandy', 'nyambung', 'banget', 'mreka']","['sumpah', 'sandy', 'nyambung', 'banget', 'mreka']",sumpah sandy nyambung banget mreka,sumpah sandy nyambung banget mreka,Positif
Stress semua stress😭,0,Stress semua stress,stress semua stress,"['stress', 'semua', 'stress']","['stress', 'stress']","['stress', 'stress']",stress stress,stress stress,Negatif
"kok bisa nyambung, eps favorite ngakak muluuuu😂😂😂😂",1,kok bisa nyambung eps favorite ngakak muluuuu,kok bisa nyambung eps favorite ngakak muluuuu,"['kok', 'bisa', 'nyambung', 'eps', 'favorite', 'ngakak', 'muluuuu']","['nyambung', 'eps', 'favorite', 'ngakak', 'muluuuu']","['nyambung', 'eps', 'favorite', 'ngakak', 'muluuuu']",nyambung eps favorite ngakak muluuuu,nyambung eps favorite ngakak muluuuu,Negatif
Pas bngt nonton ini di tanggal 25😭😭,0,Pas bngt nonton ini di tanggal 25,pas bngt nonton ini di tanggal 25,"['pas', 'bngt', 'nonton', 'ini', 'di', 'tanggal', '25']","['pas', 'bngt', 'nonton', 'tanggal', '25']","['pas', 'bngt', 'nonton', 'tanggal', '25']",pas bngt nonton tanggal 25,pas bngt nonton tanggal 25,Netral
"Waww em(a)ejing, bisa bisanya kita msih bimbel klo punya tayangan sebagus ini se berguna ini",0,Waww emaejing bisa bisanya kita msih bimbel kalau punya tayangan sebagus ini se berguna ini,waww emaejing bisa bisanya kita msih bimbel kalau punya tayangan sebagus ini se berguna ini,"['waww', 'emaejing', 'bisa', 'bisanya', 'kita', 'msih', 'bimbel', 'kalau', 'punya', 'tayangan', 'sebagus', 'ini', 'se', 'berguna', 'ini']","['waww', 'emaejing', 'bisanya', 'msih', 'bimbel', 'tayangan', 'sebagus', 'berguna']","['waww', 'emaejing', 'bisa', 'msih', 'bimbel', 'tayang', 'bagus', 'guna']",waww emaejing bisa msih bimbel tayang bagus guna,waww emaejing bisa msih bimbel tayang bagus guna,Positif
RANDOM BGT KALIANN,0,RANDOM banget KALIANN,random banget kaliann,"['random', 'banget', 'kaliann']","['random', 'banget', 'kaliann']","['random', 'banget', 'kaliann']",random banget kaliann,random banget kaliann,Negatif
ko bisa nyambung bgt bertigaaa wkwkwk,0,ko bisa nyambung banget bertigaaa wkwkwk,ko bisa nyambung banget bertigaaa wkwkwk,"['ko', 'bisa', 'nyambung', 'banget', 'bertigaaa', 'wkwkwk']","['ko', 'nyambung', 'banget', 'bertigaaa', 'wkwkwk']","['ko', 'nyambung', 'banget', 'bertigaaa', 'wkwkwk']",ko nyambung banget bertigaaa wkwkwk,ko nyambung banget bertigaaa wkwkwk,Positif
Next undang bang jerom,0,Next undang bang jerom,next undang bang jerom,"['next', 'undang', 'bang', 'jerom']","['next', 'undang', 'bang', 'jerom']","['next', 'undang', 'bang', 'jerom']",next undang bang jerom,next undang bang jerom,Netral
bertiga doang rame bangett 😭😭😭,1,bertiga doang rame bangett,bertiga doang rame bangett,"['bertiga', 'doang', 'rame', 'bangett']","['bertiga', 'doang', 'rame', 'bangett']","['tiga', 'doang', 'rame', 'bangett']",tiga doang rame bangett,tiga doang rame bangett,Positif
suka banget kalo orang jenius + pinter disatuin gini 😊😊,0,suka banget kalo orang jenius pinter disatuin gini,suka banget kalo orang jenius pinter disatuin gini,"['suka', 'banget', 'kalo', 'orang', 'jenius', 'pinter', 'disatuin', 'gini']","['suka', 'banget', 'kalo', 'orang', 'jenius', 'pinter', 'disatuin', 'gini']","['suka', 'banget', 'kalo', 'orang', 'jenius', 'pinter', 'disatuin', 'gin']",suka banget kalo orang jenius pinter disatuin gin,suka banget kalo orang jenius pinter disatuin gin,Positif
"makin akhir makin ngakakk, lucuu abiss",0,makin akhir makin ngakakk lucuu abiss,makin akhir makin ngakakk lucuu abiss,"['makin', 'akhir', 'makin', 'ngakakk', 'lucuu', 'abiss']","['ngakakk', 'lucuu', 'abiss']","['ngakakk', 'lucuu', 'abiss']",ngakakk lucuu abiss,ngakakk lucuu abiss,Positif
Bismillah dulu 😢😂,0,Bismillah dulu,bismillah dulu,"['bismillah', 'dulu']",['bismillah'],['bismillah'],bismillah,bismillah,Positif
bagian terakhir pecah bgt asli😭😭😭,0,bagian terakhir pecah banget asli,bagian terakhir pecah banget asli,"['bagian', 'terakhir', 'pecah', 'banget', 'asli']","['pecah', 'banget', 'asli']","['pecah', 'banget', 'asli']",pecah banget asli,pecah banget asli,Positif
"<a href=""https://www.youtube.com/watch?v=CaklHISbki8&amp;t=292"">4:52</a> NGAKAK😭",0,NGAKAK,ngakak,['ngakak'],['ngakak'],['ngakak'],ngakak,ngakak,Positif
JUJUR SANDY SERU BGTT PLIS,0,JUJUR SANDY SERU BGTT PLIS,jujur sandy seru bgtt plis,"['jujur', 'sandy', 'seru', 'bgtt', 'plis']","['jujur', 'sandy', 'seru', 'bgtt', 'plis']","['jujur', 'sandy', 'seru', 'bgtt', 'plis']",jujur sandy seru bgtt plis,jujur sandy seru bgtt plis,Positif
"gue sebagai orang yg lahir 1 Mei sudah sangat senang, sayang ga masuk kriteria dibawah 20 tahun ckckk",0,gue sebagai orang yang lahir 1 Mei sudah sangat senang sayang ga masuk kriteria dibawah 20 tahun ckckk,gue sebagai orang yang lahir 1 mei sudah sangat senang sayang ga masuk kriteria dibawah 20 tahun ckckk,"['gue', 'sebagai', 'orang', 'yang', 'lahir', '1', 'mei', 'sudah', 'sangat', 'senang', 'sayang', 'ga', 'masuk', 'kriteria', 'dibawah', '20', 'tahun', 'ckckk']","['gue', 'orang', 'lahir', '1', 'mei', 'senang', 'sayang', 'ga', 'masuk', 'kriteria', 'dibawah', '20', 'ckckk']","['gue', 'orang', 'lahir', '1', 'mei', 'senang', 'sayang', 'ga', 'masuk', 'kriteria', 'bawah', '20', 'ckckk']",gue orang lahir 1 mei senang sayang ga masuk kriteria bawah 20 ckckk,gue orang lahir 1 mei senang sayang ga masuk kriteria bawah 20 ckckk,Negatif
Episode paling epic sih. Gak berenti ketawa 😂,0,Episode paling epic sih Gak berenti ketawa,episode paling epic sih gak berenti ketawa,"['episode', 'paling', 'epic', 'sih', 'gak', 'berenti', 'ketawa']","['episode', 'epic', 'sih', 'gak', 'berenti', 'ketawa']","['episode', 'epic', 'sih', 'gak', 'renti', 'ketawa']",episode epic sih gak renti ketawa,episode epic sih gak renti ketawa,Positif
mereka umur nya jauh bgt tpi keliatan seumuran bgt wkwkwk seru,0,mereka umur nya jauh banget tpi keliatan seumuran banget wkwkwk seru,mereka umur nya jauh banget tpi keliatan seumuran banget wkwkwk seru,"['mereka', 'umur', 'nya', 'jauh', 'banget', 'tpi', 'keliatan', 'seumuran', 'banget', 'wkwkwk', 'seru']","['umur', 'nya', 'banget', 'tpi', 'keliatan', 'seumuran', 'banget', 'wkwkwk', 'seru']","['umur', 'nya', 'banget', 'tpi', 'liat', 'umur', 'banget', 'wkwkwk', 'seru']",umur nya banget tpi liat umur banget wkwkwk seru,umur nya banget tpi liat umur banget wkwkwk seru,Positif
plsss sandy lucu bgt disinii wkwkwk,0,plsss sandy lucu banget disinii wkwkwk,plsss sandy lucu banget disinii wkwkwk,"['plsss', 'sandy', 'lucu', 'banget', 'disinii', 'wkwkwk']","['plsss', 'sandy', 'lucu', 'banget', 'disinii', 'wkwkwk']","['plsss', 'sandy', 'lucu', 'banget', 'sini', 'wkwkwk']",plsss sandy lucu banget sini wkwkwk,plsss sandy lucu banget sini wkwkwk,Positif
NGAKAKAKAKAK,0,NGAKAKAKAKAK,ngakakakakak,['ngakakakakak'],['ngakakakakak'],['ngakakakakak'],ngakakakakak,ngakakakakak,Positif
Pas nyanyi lucu bgt😫😭😭😭😭,0,Pas nyanyi lucu banget,pas nyanyi lucu banget,"['pas', 'nyanyi', 'lucu', 'banget']","['pas', 'nyanyi', 'lucu', 'banget']","['pas', 'nyanyi', 'lucu', 'banget']",pas nyanyi lucu banget,pas nyanyi lucu banget,Positif
di eps ini Iyo dinistakan 😂,0,di eps ini Iyo dinistakan,di eps ini iyo dinistakan,"['di', 'eps', 'ini', 'iyo', 'dinistakan']","['eps', 'iyo', 'dinistakan']","['eps', 'iyo', 'nista']",eps iyo nista,eps iyo nista,Negatif
cape banget nontonnya😭😭 tapi tetep di tonton sampe akhir,0,cape banget nontonnya tapi tetep di tonton sampe akhir,cape banget nontonnya tapi tetep di tonton sampe akhir,"['cape', 'banget', 'nontonnya', 'tapi', 'tetep', 'di', 'tonton', 'sampe', 'akhir']","['cape', 'banget', 'nontonnya', 'tetep', 'tonton', 'sampe']","['cape', 'banget', 'nontonnya', 'tetep', 'tonton', 'sampe']",cape banget nontonnya tetep tonton sampe,cape banget nontonnya tetep tonton sampe,Positif
VIDEO INI LEBIH GAMPANG DIMENGERTI YH.... KARENA BNR BNR ADA ORANG WARASNY,0,VIDEO INI LEBIH GAMPANG DIMENGERTI YH KARENA BNR BNR ADA ORANG WARASNY,video ini lebih gampang dimengerti yh karena bnr bnr ada orang warasny,"['video', 'ini', 'lebih', 'gampang', 'dimengerti', 'yh', 'karena', 'bnr', 'bnr', 'ada', 'orang', 'warasny']","['video', 'gampang', 'dimengerti', 'yh', 'bnr', 'bnr', 'orang', 'warasny']","['video', 'gampang', 'erti', 'yh', 'bnr', 'bnr', 'orang', 'warasny']",video gampang erti yh bnr bnr orang warasny,video gampang erti yh bnr bnr orang warasny,Negatif
"Podcastnya ngakak, commentnya juga ngakak WKWKWK terima kasih orang orang waras <a href=""http://www.youtube.com/results?search_query=%23salamorangwaras"">#SalamOrangWaras</a>",0,Podcastnya ngakak commentnya juga ngakak WKWKWK terima kasih orang orang waras,podcastnya ngakak commentnya juga ngakak wkwkwk terima kasih orang orang waras,"['podcastnya', 'ngakak', 'commentnya', 'juga', 'ngakak', 'wkwkwk', 'terima', 'kasih', 'orang', 'orang', 'waras']","['podcastnya', 'ngakak', 'commentnya', 'ngakak', 'wkwkwk', 'terima', 'kasih', 'orang', 'orang', 'waras']","['podcastnya', 'ngakak', 'commentnya', 'ngakak', 'wkwkwk', 'terima', 'kasih', 'orang', 'orang', 'waras']",podcastnya ngakak commentnya ngakak wkwkwk terima kasih orang orang waras,podcastnya ngakak commentnya ngakak wkwkwk terima kasih orang orang waras,Positif
"PECAH BGT DI AKHIR, PAK TIMBUL, PAK ARIEF🎉🎉🎉🎉🎉",0,PECAH banget DI AKHIR PAK TIMBUL PAK ARIEF,pecah banget di akhir pak timbul pak arief,"['pecah', 'banget', 'di', 'akhir', 'pak', 'timbul', 'pak', 'arief']","['pecah', 'banget', 'timbul', 'arief']","['pecah', 'banget', 'timbul', 'arief']",pecah banget timbul arief,pecah banget timbul arief,Positif
"next undang aku yh, aku anaknya raffi ahmad",0,next undang aku yh aku anaknya raffi ahmad,next undang aku yh aku anaknya raffi ahmad,"['next', 'undang', 'aku', 'yh', 'aku', 'anaknya', 'raffi', 'ahmad']","['next', 'undang', 'yh', 'anaknya', 'raffi', 'ahmad']","['next', 'undang', 'yh', 'anak', 'raffi', 'ahmad']",next undang yh anak raffi ahmad,next undang yh anak raffi ahmad,Netral
Nyanyi yg sangat highclass😭😭😭😭😭 epikkkksih!!!!🎉🎉,0,Nyanyi yang sangat highclass epikkkksih,nyanyi yang sangat highclass epikkkksih,"['nyanyi', 'yang', 'sangat', 'highclass', 'epikkkksih']","['nyanyi', 'highclass', 'epikkkksih']","['nyanyi', 'highclass', 'epikkkksih']",nyanyi highclass epikkkksih,nyanyi highclass epikkkksih,Positif
INI PODCAST APESIHHHH 😭😭😭😭,0,INI PODCAST APESIHHHH,ini podcast apesihhhh,"['ini', 'podcast', 'apesihhhh']","['podcast', 'apesihhhh']","['podcast', 'apesihhhh']",podcast apesihhhh,podcast apesihhhh,Negatif
&quot;Ayo bismillah dulu&quot; bisa2 nya sandy yg ngingetin 😭,0,Ayo bismillah dulu bisa2 nya sandy yang ngingetin,ayo bismillah dulu bisa2 nya sandy yang ngingetin,"['ayo', 'bismillah', 'dulu', 'bisa2', 'nya', 'sandy', 'yang', 'ngingetin']","['ayo', 'bismillah', 'bisa2', 'nya', 'sandy', 'ngingetin']","['ayo', 'bismillah', 'bisa2', 'nya', 'sandy', 'ngingetin']",ayo bismillah bisa2 nya sandy ngingetin,ayo bismillah bisa2 nya sandy ngingetin,Netral
seru bgt sih ni anjir,0,seru banget sih ni anjir,seru banget sih ni anjir,"['seru', 'banget', 'sih', 'ni', 'anjir']","['seru', 'banget', 'sih', 'ni', 'anjir']","['seru', 'banget', 'sih', 'ni', 'anjir']",seru banget sih ni anjir,seru banget sih ni anjir,Positif
gak ekspekk endingnya🤣🤣🤣,0,gak ekspekk endingnya,gak ekspekk endingnya,"['gak', 'ekspekk', 'endingnya']","['gak', 'ekspekk', 'endingnya']","['gak', 'ekspekk', 'endingnya']",gak ekspekk endingnya,gak ekspekk endingnya,Positif
Banyak yg post web judol :(,0,Banyak yang post web judol,banyak yang post web judol,"['banyak', 'yang', 'post', 'web', 'judol']","['post', 'web', 'judol']","['post', 'web', 'judol']",post web judol,post web judol,Negatif
Ga bayang puyengnya sonson mengedit keasbunan ini,0,Ga bayang puyengnya sonson mengedit keasbunan ini,ga bayang puyengnya sonson mengedit keasbunan ini,"['ga', 'bayang', 'puyengnya', 'sonson', 'mengedit', 'keasbunan', 'ini']","['ga', 'bayang', 'puyengnya', 'sonson', 'mengedit', 'keasbunan']","['ga', 'bayang', 'puyeng', 'sonson', 'edit', 'keasbunan']",ga bayang puyeng sonson edit keasbunan,ga bayang puyeng sonson edit keasbunan,Netral
sumpah apaan sih 😭😭😭😭😭😭😭😭😭😭,0,sumpah apaan sih,sumpah apaan sih,"['sumpah', 'apaan', 'sih']","['sumpah', 'sih']","['sumpah', 'sih']",sumpah sih,sumpah sih,Positif
GA NYANGKA SELUCU INI😭😭😭😭😭😭,0,GA NYANGKA SELUCU INI,ga nyangka selucu ini,"['ga', 'nyangka', 'selucu', 'ini']","['ga', 'nyangka', 'selucu']","['ga', 'nyangka', 'lucu']",ga nyangka lucu,ga nyangka lucu,Positif
APASIH KETAWA BGT,0,APASIH KETAWA banget,apasih ketawa banget,"['apasih', 'ketawa', 'banget']","['apasih', 'ketawa', 'banget']","['apasih', 'ketawa', 'banget']",apasih ketawa banget,apasih ketawa banget,Positif
Lucu bgt 😭,0,Lucu banget,lucu banget,"['lucu', 'banget']","['lucu', 'banget']","['lucu', 'banget']",lucu banget,lucu banget,Positif
perfect cut anjrt 😭,0,perfect cut anjrt,perfect cut anjrt,"['perfect', 'cut', 'anjrt']","['perfect', 'cut', 'anjrt']","['perfect', 'cut', 'anjrt']",perfect cut anjrt,perfect cut anjrt,Positif
isi nya bener bener berdaging,0,isi nya bener bener berdaging,isi nya bener bener berdaging,"['isi', 'nya', 'bener', 'bener', 'berdaging']","['isi', 'nya', 'bener', 'bener', 'berdaging']","['isi', 'nya', 'bener', 'bener', 'daging']",isi nya bener bener daging,isi nya bener bener daging,Positif
lucu bgt anjrit 😭,0,lucu banget anjrit,lucu banget anjrit,"['lucu', 'banget', 'anjrit']","['lucu', 'banget', 'anjrit']","['lucu', 'banget', 'anjrit']",lucu banget anjrit,lucu banget anjrit,Positif
lagi muka datar langsung ngakak gara2 &quot;guruku yang sangat buncit&quot;,0,lagi muka datar langsung ngakak gara2 guruku yang sangat buncit,lagi muka datar langsung ngakak gara2 guruku yang sangat buncit,"['lagi', 'muka', 'datar', 'langsung', 'ngakak', 'gara2', 'guruku', 'yang', 'sangat', 'buncit']","['muka', 'datar', 'langsung', 'ngakak', 'gara2', 'guruku', 'buncit']","['muka', 'datar', 'langsung', 'ngakak', 'gara2', 'guru', 'buncit']",muka datar langsung ngakak gara2 guru buncit,muka datar langsung ngakak gara2 guru buncit,Positif
Seru seruuu 😂😂🎉🎉,0,Seru seruuu,seru seruuu,"['seru', 'seruuu']","['seru', 'seruuu']","['seru', 'seruuu']",seru seruuu,seru seruuu,Positif
"WOIIiii, GELAP GELAP WKwkkwkwkw",0,WOIIiii GELAP GELAP WKwkkwkwkw,woiiiii gelap gelap wkwkkwkwkw,"['woiiiii', 'gelap', 'gelap', 'wkwkkwkwkw']","['woiiiii', 'gelap', 'gelap', 'wkwkkwkwkw']","['woiiiii', 'gelap', 'gelap', 'wkwkkwkwkw']",woiiiii gelap gelap wkwkkwkwkw,woiiiii gelap gelap wkwkkwkwkw,Positif
"ini sebenernyaa siapa yang setrressss sih <a href=""UCkszU2WH9gy1mb0dV-11UJg/b8IfY7zOK9iVkNAP_I2A-AY""></a>",0,ini sebenernyaa siapa yang setrressss sih,ini sebenernyaa siapa yang setrressss sih,"['ini', 'sebenernyaa', 'siapa', 'yang', 'setrressss', 'sih']","['sebenernyaa', 'setrressss', 'sih']","['sebenernyaa', 'setrressss', 'sih']",sebenernyaa setrressss sih,sebenernyaa setrressss sih,Negatif
gipina kuat bgt sm io. ak nontonin io spanjang podkes aja gelisah😭,0,gipina kuat banget sama io saya nontonin io spanjang podcast aja gelisah,gipina kuat banget sama io saya nontonin io spanjang podcast aja gelisah,"['gipina', 'kuat', 'banget', 'sama', 'io', 'saya', 'nontonin', 'io', 'spanjang', 'podcast', 'aja', 'gelisah']","['gipina', 'kuat', 'banget', 'io', 'nontonin', 'io', 'spanjang', 'podcast', 'aja', 'gelisah']","['gipina', 'kuat', 'banget', 'io', 'nontonin', 'io', 'spanjang', 'podcast', 'aja', 'gelisah']",gipina kuat banget io nontonin io spanjang podcast aja gelisah,gipina kuat banget io nontonin io spanjang podcast aja gelisah,Positif
"<a href=""https://www.youtube.com/watch?v=CaklHISbki8&amp;t=1734"">28:54</a> gonggg speechlessnya😭😭",0,gonggg speechlessnya,gonggg speechlessnya,"['gonggg', 'speechlessnya']","['gonggg', 'speechlessnya']","['gonggg', 'speechlessnya']",gonggg speechlessnya,gonggg speechlessnya,Positif
&quot;savage ni orang kyk kita&quot; NIKI STOPPP😭😭,0,savage ni orang kyk kita NIKI STOPPP,savage ni orang kyk kita niki stoppp,"['savage', 'ni', 'orang', 'kyk', 'kita', 'niki', 'stoppp']","['savage', 'ni', 'orang', 'kyk', 'niki', 'stoppp']","['savage', 'ni', 'orang', 'kyk', 'nik', 'stoppp']",savage ni orang kyk nik stoppp,savage ni orang kyk nik stoppp,Positif
Sefrekuensi bjirrr ternyata wkwkwk,0,Sefrekuensi bjirrr ternyata wkwkwk,sefrekuensi bjirrr ternyata wkwkwk,"['sefrekuensi', 'bjirrr', 'ternyata', 'wkwkwk']","['sefrekuensi', 'bjirrr', 'wkwkwk']","['frekuensi', 'bjirrr', 'wkwkwk']",frekuensi bjirrr wkwkwk,frekuensi bjirrr wkwkwk,Positif
Seru banget anjir wk,0,Seru banget anjir wk,seru banget anjir wk,"['seru', 'banget', 'anjir', 'wk']","['seru', 'banget', 'anjir', 'wk']","['seru', 'banget', 'anjir', 'wk']",seru banget anjir wk,seru banget anjir wk,Positif
"nnti anakku ta suruh nonton ini aja, biar bisa ikut IMO. sangat formulatif",0,nnti anakku ta suruh nonton ini aja biar bisa ikut IMO sangat formulatif,nnti anakku ta suruh nonton ini aja biar bisa ikut imo sangat formulatif,"['nnti', 'anakku', 'ta', 'suruh', 'nonton', 'ini', 'aja', 'biar', 'bisa', 'ikut', 'imo', 'sangat', 'formulatif']","['nnti', 'anakku', 'ta', 'suruh', 'nonton', 'aja', 'biar', 'imo', 'formulatif']","['nnti', 'anak', 'ta', 'suruh', 'nonton', 'aja', 'biar', 'imo', 'formulatif']",nnti anak ta suruh nonton aja biar imo formulatif,nnti anak ta suruh nonton aja biar imo formulatif,Netral
ini podcast gak jelas tapi tetep ku tonton sampe habis😭,0,ini podcast gak jelas tapi tetep ku tonton sampe habis,ini podcast gak jelas tapi tetep ku tonton sampe habis,"['ini', 'podcast', 'gak', 'jelas', 'tapi', 'tetep', 'ku', 'tonton', 'sampe', 'habis']","['podcast', 'gak', 'tetep', 'ku', 'tonton', 'sampe', 'habis']","['podcast', 'gak', 'tetep', 'ku', 'tonton', 'sampe', 'habis']",podcast gak tetep ku tonton sampe habis,podcast gak tetep ku tonton sampe habis,Negatif
tim ngakak sampe nangis denger mereka nyanyi😭😭😭,0,tim ngakak sampe nangis denger mereka nyanyi,tim ngakak sampe nangis denger mereka nyanyi,"['tim', 'ngakak', 'sampe', 'nangis', 'denger', 'mereka', 'nyanyi']","['tim', 'ngakak', 'sampe', 'nangis', 'denger', 'nyanyi']","['tim', 'ngakak', 'sampe', 'nang', 'denger', 'nyanyi']",tim ngakak sampe nang denger nyanyi,tim ngakak sampe nang denger nyanyi,Positif
Please bikin program bertiga😭😭😭😭,0,Please bikin program bertiga,please bikin program bertiga,"['please', 'bikin', 'program', 'bertiga']","['please', 'bikin', 'program', 'bertiga']","['please', 'bikin', 'program', 'tiga']",please bikin program tiga,please bikin program tiga,Netral
NGAKAJ BGT IHH,0,NGAKAJ banget IHH,ngakaj banget ihh,"['ngakaj', 'banget', 'ihh']","['ngakaj', 'banget', 'ihh']","['ngakaj', 'banget', 'ihh']",ngakaj banget ihh,ngakaj banget ihh,Positif
Ngakak bgt sih sandy . Wkwk,0,Ngakak banget sih sandy Wkwk,ngakak banget sih sandy wkwk,"['ngakak', 'banget', 'sih', 'sandy', 'wkwk']","['ngakak', 'banget', 'sih', 'sandy', 'wkwk']","['ngakak', 'banget', 'sih', 'sandy', 'wkwk']",ngakak banget sih sandy wkwk,ngakak banget sih sandy wkwk,Positif
Kerandoman yang hakiki 😂 sepanjang video ngakak banget 🤣🤣,0,Kerandoman yang hakiki sepanjang video ngakak banget,kerandoman yang hakiki sepanjang video ngakak banget,"['kerandoman', 'yang', 'hakiki', 'sepanjang', 'video', 'ngakak', 'banget']","['kerandoman', 'hakiki', 'video', 'ngakak', 'banget']","['kerandoman', 'hakiki', 'video', 'ngakak', 'banget']",kerandoman hakiki video ngakak banget,kerandoman hakiki video ngakak banget,Positif
Video editornya kurang brutal,0,Video editornya kurang brutal,video editornya kurang brutal,"['video', 'editornya', 'kurang', 'brutal']","['video', 'editornya', 'brutal']","['video', 'editor', 'brutal']",video editor brutal,video editor brutal,Netral
njir kok bisa nyambung sih sama mereka😭,1,njir kok bisa nyambung sih sama mereka,njir kok bisa nyambung sih sama mereka,"['njir', 'kok', 'bisa', 'nyambung', 'sih', 'sama', 'mereka']","['njir', 'nyambung', 'sih']","['njir', 'nyambung', 'sih']",njir nyambung sih,njir nyambung sih,Positif
Liat thumbnailnya mirip masa sandy sama niki wkwk,0,Liat thumbnailnya mirip masa sandy sama niki wkwk,liat thumbnailnya mirip masa sandy sama niki wkwk,"['liat', 'thumbnailnya', 'mirip', 'masa', 'sandy', 'sama', 'niki', 'wkwk']","['liat', 'thumbnailnya', 'sandy', 'niki', 'wkwk']","['liat', 'thumbnailnya', 'sandy', 'nik', 'wkwk']",liat thumbnailnya sandy nik wkwk,liat thumbnailnya sandy nik wkwk,Netral
Ini podcast terngakak sih🤣,0,Ini podcast terngakak sih,ini podcast terngakak sih,"['ini', 'podcast', 'terngakak', 'sih']","['podcast', 'terngakak', 'sih']","['podcast', 'terngakak', 'sih']",podcast terngakak sih,podcast terngakak sih,Positif
Lucuuuuu bangettt kompakkkkk semua nya😂,0,Lucuuuuu bangettt kompakkkkk semua nya,lucuuuuu bangettt kompakkkkk semua nya,"['lucuuuuu', 'bangettt', 'kompakkkkk', 'semua', 'nya']","['lucuuuuu', 'bangettt', 'kompakkkkk', 'nya']","['lucuuuuu', 'bangettt', 'kompakkkkk', 'nya']",lucuuuuu bangettt kompakkkkk nya,lucuuuuu bangettt kompakkkkk nya,Positif
UNDANG FAJAR SADBOY PLSSS PSTI MAKIN SE FREKUENSI,1,UNDANG FAJAR SADBOY PLSSS PSTI MAKIN SE FREKUENSI,undang fajar sadboy plsss psti makin se frekuensi,"['undang', 'fajar', 'sadboy', 'plsss', 'psti', 'makin', 'se', 'frekuensi']","['undang', 'fajar', 'sadboy', 'plsss', 'psti', 'frekuensi']","['undang', 'fajar', 'sadboy', 'plsss', 'psti', 'frekuensi']",undang fajar sadboy plsss psti frekuensi,undang fajar sadboy plsss psti frekuensi,Netral
DAH LAHHH MENDING KALIAN PODCAST BERTIGA AJAA LAHHH TERUSSSS 😂😂😂,0,DAH LAHHH MENDING KALIAN PODCAST BERTIGA AJAA LAHHH TERUSSSS,dah lahhh mending kalian podcast bertiga ajaa lahhh terussss,"['dah', 'lahhh', 'mending', 'kalian', 'podcast', 'bertiga', 'ajaa', 'lahhh', 'terussss']","['dah', 'lahhh', 'mending', 'podcast', 'bertiga', 'ajaa', 'lahhh', 'terussss']","['dah', 'lahhh', 'mending', 'podcast', 'tiga', 'ajaa', 'lahhh', 'terussss']",dah lahhh mending podcast tiga ajaa lahhh terussss,dah lahhh mending podcast tiga ajaa lahhh terussss,Positif
Ngkak parahh.. Humor mreka sama.. Yampuun sandy ketemu kembarannya,0,Ngkak parahh Humor mreka sama Yampuun sandy ketemu kembarannya,ngkak parahh humor mreka sama yampuun sandy ketemu kembarannya,"['ngkak', 'parahh', 'humor', 'mreka', 'sama', 'yampuun', 'sandy', 'ketemu', 'kembarannya']","['ngkak', 'parahh', 'humor', 'mreka', 'yampuun', 'sandy', 'ketemu', 'kembarannya']","['ngkak', 'parahh', 'humor', 'mreka', 'yampuun', 'sandy', 'ketemu', 'kembar']",ngkak parahh humor mreka yampuun sandy ketemu kembar,ngkak parahh humor mreka yampuun sandy ketemu kembar,Positif
JADI GINI LAWAKNYA ORANG PINTERRRR😭😭🤣🤣🤣,0,JADI GINI LAWAKNYA ORANG PINTERRRR,jadi gini lawaknya orang pinterrrr,"['jadi', 'gini', 'lawaknya', 'orang', 'pinterrrr']","['gini', 'lawaknya', 'orang', 'pinterrrr']","['gin', 'lawak', 'orang', 'pinterrrr']",gin lawak orang pinterrrr,gin lawak orang pinterrrr,Positif
INI PODCAST APA SIIIII ANJJ 😂😂😂😂😂,1,INI PODCAST APA SIIIII ANJJ,ini podcast apa siiiii anjj,"['ini', 'podcast', 'apa', 'siiiii', 'anjj']","['podcast', 'siiiii', 'anjj']","['podcast', 'siiiii', 'anjj']",podcast siiiii anjj,podcast siiiii anjj,Negatif
LUCU BGTTTT PLS UNDANG SANDY LAGI,0,LUCU BGTTTT PLS UNDANG SANDY LAGI,lucu bgtttt pls undang sandy lagi,"['lucu', 'bgtttt', 'pls', 'undang', 'sandy', 'lagi']","['lucu', 'bgtttt', 'pls', 'undang', 'sandy']","['lucu', 'bgtttt', 'pls', 'undang', 'sandy']",lucu bgtttt pls undang sandy,lucu bgtttt pls undang sandy,Positif
gua jga 1 mei 🤣🤣🤣😊,0,gua jga 1 mei,gua jga 1 mei,"['gua', 'jga', '1', 'mei']","['gua', 'jga', '1', 'mei']","['gua', 'jga', '1', 'mei']",gua jga 1 mei,gua jga 1 mei,Netral
Ngakak bngt😭😭😭,0,Ngakak bngt,ngakak bngt,"['ngakak', 'bngt']","['ngakak', 'bngt']","['ngakak', 'bngt']",ngakak bngt,ngakak bngt,Positif
HAHAHAH GA KUAT BGT MIHU MIHU😭😭😭,0,HAHAHAH GA KUAT banget MIHU MIHU,hahahah ga kuat banget mihu mihu,"['hahahah', 'ga', 'kuat', 'banget', 'mihu', 'mihu']","['hahahah', 'ga', 'kuat', 'banget', 'mihu', 'mihu']","['hahahah', 'ga', 'kuat', 'banget', 'mihu', 'mihu']",hahahah ga kuat banget mihu mihu,hahahah ga kuat banget mihu mihu,Positif
"gapernah merasa se ter edukasi ini, makasih io dan adik sudah menghadirkan seorang sosok waras seperti sandy",301,gapernah merasa se ter edukasi ini makasih io dan adik sudah menghadirkan seorang sosok waras seperti sandy,gapernah merasa se ter edukasi ini makasih io dan adik sudah menghadirkan seorang sosok waras seperti sandy,"['gapernah', 'merasa', 'se', 'ter', 'edukasi', 'ini', 'makasih', 'io', 'dan', 'adik', 'sudah', 'menghadirkan', 'seorang', 'sosok', 'waras', 'seperti', 'sandy']","['gapernah', 'ter', 'edukasi', 'makasih', 'io', 'adik', 'menghadirkan', 'sosok', 'waras', 'sandy']","['gapernah', 'ter', 'edukasi', 'makasih', 'io', 'adik', 'hadir', 'sosok', 'waras', 'sandy']",gapernah ter edukasi makasih io adik hadir sosok waras sandy,gapernah ter edukasi makasih io adik hadir sosok waras sandy,Positif
Jangan sampai ketinggalan momen bareng 👑𝗔𝗟𝗘𝗫𝗜𝗦𝟭𝟳👑.,169,Jangan sampai ketinggalan momen bareng,jangan sampai ketinggalan momen bareng,"['jangan', 'sampai', 'ketinggalan', 'momen', 'bareng']","['ketinggalan', 'momen', 'bareng']","['tinggal', 'momen', 'bareng']",tinggal momen bareng,tinggal momen bareng,Positif
Bussin&#39; banget kalau ngomongin 👑𝗔𝗟𝗘𝗫𝗜𝗦𝟭𝟳👑!,0,Bussin banget kalau ngomongin,bussin banget kalau ngomongin,"['bussin', 'banget', 'kalau', 'ngomongin']","['bussin', 'banget', 'ngomongin']","['bussin', 'banget', 'ngomongin']",bussin banget ngomongin,bussin banget ngomongin,Positif
Suka banget sama 👑𝗔𝗟𝗘𝗫𝗜𝗦𝟭𝟳👑! Game-nya seru! 🎉,0,Suka banget sama Gamenya seru,suka banget sama gamenya seru,"['suka', 'banget', 'sama', 'gamenya', 'seru']","['suka', 'banget', 'gamenya', 'seru']","['suka', 'banget', 'gamenya', 'seru']",suka banget gamenya seru,suka banget gamenya seru,Positif
nasi kebuli❌️<br>niki kebuli✅️<br>😭😭😭😭,0,nasi kebuli niki kebuli,nasi kebuli niki kebuli,"['nasi', 'kebuli', 'niki', 'kebuli']","['nasi', 'kebuli', 'niki', 'kebuli']","['nasi', 'kebuli', 'nik', 'kebuli']",nasi kebuli nik kebuli,nasi kebuli nik kebuli,Netral
Kata aku sandy bisa jadi pelawak,0,Kata aku sandy bisa jadi pelawak,kata aku sandy bisa jadi pelawak,"['kata', 'aku', 'sandy', 'bisa', 'jadi', 'pelawak']","['sandy', 'pelawak']","['sandy', 'lawak']",sandy lawak,sandy lawak,Positif
Kok mereka ga ketawa si😭😭,0,Kok mereka ga ketawa si,kok mereka ga ketawa si,"['kok', 'mereka', 'ga', 'ketawa', 'si']","['ga', 'ketawa', 'si']","['ga', 'ketawa', 'si']",ga ketawa si,ga ketawa si,Negatif
"muka serius, obrolan misterius",0,muka serius obrolan misterius,muka serius obrolan misterius,"['muka', 'serius', 'obrolan', 'misterius']","['muka', 'serius', 'obrolan', 'misterius']","['muka', 'serius', 'obrol', 'misterius']",muka serius obrol misterius,muka serius obrol misterius,Netral
Malu banget liatnya wkkw,0,Malu banget liatnya wkkw,malu banget liatnya wkkw,"['malu', 'banget', 'liatnya', 'wkkw']","['malu', 'banget', 'liatnya', 'wkkw']","['malu', 'banget', 'liat', 'wkkw']",malu banget liat wkkw,malu banget liat wkkw,Negatif
LUCU BGT YA ALLAH,0,LUCU banget YA ALLAH,lucu banget ya allah,"['lucu', 'banget', 'ya', 'allah']","['lucu', 'banget', 'ya', 'allah']","['lucu', 'banget', 'ya', 'allah']",lucu banget ya allah,lucu banget ya allah,Positif
ini apa-apaan woi😭😭😭,0,ini apaapaan woi,ini apaapaan woi,"['ini', 'apaapaan', 'woi']","['apaapaan', 'woi']","['apaapaan', 'woi']",apaapaan woi,apaapaan woi,Negatif
"LUCU BANGET WALAU AGAK CRINGE YA, TAPI INI KURANG LAMA PODCAST NYAA😭😭",0,LUCU BANGET WALAU AGAK CRINGE YA TAPI INI KURANG LAMA PODCAST NYAA,lucu banget walau agak cringe ya tapi ini kurang lama podcast nyaa,"['lucu', 'banget', 'walau', 'agak', 'cringe', 'ya', 'tapi', 'ini', 'kurang', 'lama', 'podcast', 'nyaa']","['lucu', 'banget', 'cringe', 'ya', 'podcast', 'nyaa']","['lucu', 'banget', 'cringe', 'ya', 'podcast', 'nyaa']",lucu banget cringe ya podcast nyaa,lucu banget cringe ya podcast nyaa,Positif
YA ALLAH CAPE BANGET AKU NONTON NYA😂😂😂😂😂😂 CAPE KETAWA,0,YA ALLAH CAPE BANGET AKU NONTON NYA CAPE KETAWA,ya allah cape banget aku nonton nya cape ketawa,"['ya', 'allah', 'cape', 'banget', 'aku', 'nonton', 'nya', 'cape', 'ketawa']","['ya', 'allah', 'cape', 'banget', 'nonton', 'nya', 'cape', 'ketawa']","['ya', 'allah', 'cape', 'banget', 'nonton', 'nya', 'cape', 'ketawa']",ya allah cape banget nonton nya cape ketawa,ya allah cape banget nonton nya cape ketawa,Positif
yang merah mirip onon bocil itu gasi 😭😭,0,yang merah mirip onon bocil itu gasi,yang merah mirip onon bocil itu gasi,"['yang', 'merah', 'mirip', 'onon', 'bocil', 'itu', 'gasi']","['merah', 'onon', 'bocil', 'gasi']","['merah', 'onon', 'bocil', 'gas']",merah onon bocil gas,merah onon bocil gas,Netral
Selamat 100rb subscribe nyaaa🎉🎉🎉🎉,0,Selamat 100rb subscribe nyaaa,selamat 100rb subscribe nyaaa,"['selamat', '100rb', 'subscribe', 'nyaaa']","['selamat', '100rb', 'subscribe', 'nyaaa']","['selamat', '100rb', 'subscribe', 'nyaaa']",selamat 100rb subscribe nyaaa,selamat 100rb subscribe nyaaa,Positif
saya sangat kcewa krn podcast ini terlalu sbntr... plis adain lgi podcast sama sandy.. krn org waras s nya sendi .. haha.. niki n io mahi mihu,5,saya sangat kcewa krn podcast ini terlalu sbntr plis adain lgi podcast sama sandy krn org waras s nya sendi haha niki n io mahi mihu,saya sangat kcewa krn podcast ini terlalu sbntr plis adain lgi podcast sama sandy krn org waras s nya sendi haha niki n io mahi mihu,"['saya', 'sangat', 'kcewa', 'krn', 'podcast', 'ini', 'terlalu', 'sbntr', 'plis', 'adain', 'lgi', 'podcast', 'sama', 'sandy', 'krn', 'org', 'waras', 's', 'nya', 'sendi', 'haha', 'niki', 'n', 'io', 'mahi', 'mihu']","['kcewa', 'krn', 'podcast', 'sbntr', 'plis', 'adain', 'lgi', 'podcast', 'sandy', 'krn', 'org', 'waras', 's', 'nya', 'sendi', 'haha', 'niki', 'n', 'io', 'mahi', 'mihu']","['kcewa', 'krn', 'podcast', 'sbntr', 'plis', 'adain', 'lgi', 'podcast', 'sandy', 'krn', 'org', 'waras', 's', 'nya', 'sendi', 'haha', 'nik', 'n', 'io', 'mah', 'mihu']",kcewa krn podcast sbntr plis adain lgi podcast sandy krn org waras s nya sendi haha nik n io mah mihu,kcewa krn podcast sbntr plis adain lgi podcast sandy krn org waras s nya sendi haha nik n io mah mihu,Positif
Hahahah makin sayang Ama Sandy,0,Hahahah makin sayang Ama Sandy,hahahah makin sayang ama sandy,"['hahahah', 'makin', 'sayang', 'ama', 'sandy']","['hahahah', 'sayang', 'ama', 'sandy']","['hahahah', 'sayang', 'ama', 'sandy']",hahahah sayang ama sandy,hahahah sayang ama sandy,Positif
PODCAST TERLUCU YANG PERNAH AKU TONTON 😭😭,0,PODCAST TERLUCU YANG PERNAH AKU TONTON,podcast terlucu yang pernah aku tonton,"['podcast', 'terlucu', 'yang', 'pernah', 'aku', 'tonton']","['podcast', 'terlucu', 'tonton']","['podcast', 'lucu', 'tonton']",podcast lucu tonton,podcast lucu tonton,Positif
KAGET ANJJJJ GUA JUGA 1 MEI 😭😭😭😚❤️❤️❤️❤️❤️❤️❤️❤️❤️😂 ASIKKK GUA ADA YG SAMA SAMA SANDY 😅,0,KAGET ANJJJJ GUA JUGA 1 MEI ASIKKK GUA ADA yang SAMA SAMA SANDY,kaget anjjjj gua juga 1 mei asikkk gua ada yang sama sama sandy,"['kaget', 'anjjjj', 'gua', 'juga', '1', 'mei', 'asikkk', 'gua', 'ada', 'yang', 'sama', 'sama', 'sandy']","['kaget', 'anjjjj', 'gua', '1', 'mei', 'asikkk', 'gua', 'sandy']","['kaget', 'anjjjj', 'gua', '1', 'mei', 'asikkk', 'gua', 'sandy']",kaget anjjjj gua 1 mei asikkk gua sandy,kaget anjjjj gua 1 mei asikkk gua sandy,Netral
ioooo detik2 menuju 100k yeeeyyy🥳🥳🥳🥳 ditunggu nanti ya unboxing dan review plakatnya sama adik,0,ioooo detik2 menuju 100k yeeeyyy ditunggu nanti ya unboxing dan review plakatnya sama adik,ioooo detik2 menuju 100k yeeeyyy ditunggu nanti ya unboxing dan review plakatnya sama adik,"['ioooo', 'detik2', 'menuju', '100k', 'yeeeyyy', 'ditunggu', 'nanti', 'ya', 'unboxing', 'dan', 'review', 'plakatnya', 'sama', 'adik']","['ioooo', 'detik2', '100k', 'yeeeyyy', 'ditunggu', 'ya', 'unboxing', 'review', 'plakatnya', 'adik']","['ioooo', 'detik2', '100k', 'yeeeyyy', 'tunggu', 'ya', 'unboxing', 'review', 'plakat', 'adik']",ioooo detik2 100k yeeeyyy tunggu ya unboxing review plakat adik,ioooo detik2 100k yeeeyyy tunggu ya unboxing review plakat adik,Netral
makasih telah jenaka,0,makasih telah jenaka,makasih telah jenaka,"['makasih', 'telah', 'jenaka']","['makasih', 'jenaka']","['makasih', 'jenaka']",makasih jenaka,makasih jenaka,Positif
LAGII,0,LAGII,lagii,['lagii'],['lagii'],['lagi'],lagi,lagi,Netral
sandy kembalilah ke jalan yang benar dik,0,sandy kembalilah ke jalan yang benar dik,sandy kembalilah ke jalan yang benar dik,"['sandy', 'kembalilah', 'ke', 'jalan', 'yang', 'benar', 'dik']","['sandy', 'kembalilah', 'jalan', 'dik']","['sandy', 'kembali', 'jalan', 'dik']",sandy kembali jalan dik,sandy kembali jalan dik,Netral
&quot;Savage deh dia kaya kita&quot;😂,0,Savage deh dia kaya kita,savage deh dia kaya kita,"['savage', 'deh', 'dia', 'kaya', 'kita']","['savage', 'deh', 'kaya']","['savage', 'deh', 'kaya']",savage deh kaya,savage deh kaya,Positif
"nonton ini iq jadi nambah 10 <a href=""http://www.youtube.com/results?search_query=%23salamorangwaras"">#salamorangwaras</a>",0,nonton ini iq jadi nambah 10,nonton ini iq jadi nambah 10,"['nonton', 'ini', 'iq', 'jadi', 'nambah', '10']","['nonton', 'iq', 'nambah', '10']","['nonton', 'iq', 'nambah', '10']",nonton iq nambah 10,nonton iq nambah 10,Positif
Anjoyyyy ending nya mindbliwingggg 🧠🧠🧠🔥🔥🔥,0,Anjoyyyy ending nya mindbliwingggg,anjoyyyy ending nya mindbliwingggg,"['anjoyyyy', 'ending', 'nya', 'mindbliwingggg']","['anjoyyyy', 'ending', 'nya', 'mindbliwingggg']","['anjoyyyy', 'ending', 'nya', 'mindbliwingggg']",anjoyyyy ending nya mindbliwingggg,anjoyyyy ending nya mindbliwingggg,Positif
"MAUU LAGII PLS SAMA SANDYY LAGII PLSS, MAKSAAAA, THE BESTT PLELSLSLSLSLSLS",2,MAUU LAGII PLS SAMA SANDYY LAGII PLSS MAKSAAAA THE BESTT PLELSLSLSLSLSLS,mauu lagii pls sama sandyy lagii plss maksaaaa the bestt plelslslslslsls,"['mauu', 'lagii', 'pls', 'sama', 'sandyy', 'lagii', 'plss', 'maksaaaa', 'the', 'bestt', 'plelslslslslsls']","['mauu', 'lagii', 'pls', 'sandyy', 'lagii', 'plss', 'maksaaaa', 'the', 'bestt', 'plelslslslslsls']","['mauu', 'lagi', 'pls', 'sandyy', 'lagi', 'plss', 'maksaaaa', 'the', 'bestt', 'plelslslslslsls']",mauu lagi pls sandyy lagi plss maksaaaa the bestt plelslslslslsls,mauu lagi pls sandyy lagi plss maksaaaa the bestt plelslslslslsls,Positif
"SANDYYY PLSS KAMUU 😭😭😭😭😭, MANA LUCUUU BGTT PLEASE",1,SANDYYY PLSS KAMUU MANA LUCUUU BGTT PLEASE,sandyyy plss kamuu mana lucuuu bgtt please,"['sandyyy', 'plss', 'kamuu', 'mana', 'lucuuu', 'bgtt', 'please']","['sandyyy', 'plss', 'kamuu', 'lucuuu', 'bgtt', 'please']","['sandyyy', 'plss', 'kamuu', 'lucuuu', 'bgtt', 'please']",sandyyy plss kamuu lucuuu bgtt please,sandyyy plss kamuu lucuuu bgtt please,Positif
Seru bangettt haha !!!,0,Seru bangettt haha,seru bangettt haha,"['seru', 'bangettt', 'haha']","['seru', 'bangettt', 'haha']","['seru', 'bangettt', 'haha']",seru bangettt haha,seru bangettt haha,Positif
sandyyy plis lah wkwkwkwk,0,sandyyy plis lah wkwkwkwk,sandyyy plis lah wkwkwkwk,"['sandyyy', 'plis', 'lah', 'wkwkwkwk']","['sandyyy', 'plis', 'wkwkwkwk']","['sandyyy', 'plis', 'wkwkwkwk']",sandyyy plis wkwkwkwk,sandyyy plis wkwkwkwk,Positif
"<a href=""https://www.youtube.com/watch?v=CaklHISbki8&amp;t=1284"">21:24</a> PECAH GUE WOKWKEOK",29,PECAH GUE WOKWKEOK,pecah gue wokwkeok,"['pecah', 'gue', 'wokwkeok']","['pecah', 'gue', 'wokwkeok']","['pecah', 'gue', 'wokwkeok']",pecah gue wokwkeok,pecah gue wokwkeok,Positif
"<a href=""https://www.youtube.com/watch?v=CaklHISbki8&amp;t=1231"">20:31</a> gw tungguin di family 100",0,saya tungguin di family,saya tungguin di family,"['saya', 'tungguin', 'di', 'family']","['tungguin', 'family']","['tungguin', 'family']",tungguin family,tungguin family,Positif
asbun bgt gakuat😭😭,0,asbun banget gakuat,asbun banget gakuat,"['asbun', 'banget', 'gakuat']","['asbun', 'banget', 'gakuat']","['asbun', 'banget', 'gakuat']",asbun banget gakuat,asbun banget gakuat,Positif
Mksh,0,Mksh,mksh,['mksh'],['mksh'],['mksh'],mksh,mksh,Positif
ketinggalan tp tetep ngakak maksimal,0,ketinggalan tapi tetep ngakak maksimal,ketinggalan tapi tetep ngakak maksimal,"['ketinggalan', 'tapi', 'tetep', 'ngakak', 'maksimal']","['ketinggalan', 'tetep', 'ngakak', 'maksimal']","['tinggal', 'tetep', 'ngakak', 'maksimal']",tinggal tetep ngakak maksimal,tinggal tetep ngakak maksimal,Positif
INI PODCAST APASI 😭😭😭🤟🏻🤟🏻🤟🏻,0,INI PODCAST APASI,ini podcast apasi,"['ini', 'podcast', 'apasi']","['podcast', 'apasi']","['podcast', 'apas']",podcast apas,podcast apas,Negatif
Gw capeeeeeek bgt ketawaaaaa 🤣🤣🤣 Gong bgt pas nunjukin kaosnyaa 😭🤣,0,saya capeeeeeek banget ketawaaaaa Gong banget pas nunjukin kaosnyaa,saya capeeeeeek banget ketawaaaaa gong banget pas nunjukin kaosnyaa,"['saya', 'capeeeeeek', 'banget', 'ketawaaaaa', 'gong', 'banget', 'pas', 'nunjukin', 'kaosnyaa']","['capeeeeeek', 'banget', 'ketawaaaaa', 'gong', 'banget', 'pas', 'nunjukin', 'kaosnyaa']","['capeeeeeek', 'banget', 'ketawaaaaa', 'gong', 'banget', 'pas', 'nunjukin', 'kaosnyaa']",capeeeeeek banget ketawaaaaa gong banget pas nunjukin kaosnyaa,capeeeeeek banget ketawaaaaa gong banget pas nunjukin kaosnyaa,Positif
Bisa kali skrng podcast ini upload 7x seminggu,1,Bisa kali skrng podcast ini upload 7x seminggu,bisa kali skrng podcast ini upload 7x seminggu,"['bisa', 'kali', 'skrng', 'podcast', 'ini', 'upload', '7x', 'seminggu']","['kali', 'skrng', 'podcast', 'upload', '7x', 'seminggu']","['kali', 'skrng', 'podcast', 'upload', '7x', 'minggu']",kali skrng podcast upload 7x minggu,kali skrng podcast upload 7x minggu,Netral
mihu mihu,0,mihu mihu,mihu mihu,"['mihu', 'mihu']","['mihu', 'mihu']","['mihu', 'mihu']",mihu mihu,mihu mihu,Netral
Sandyyy anak pinterr nanti luntur kepintaran mu kalo bergaul ama niki begini😂 wkwk,0,Sandyyy anak pinterr nanti luntur kepintaran mu kalo bergaul ama niki begini wkwk,sandyyy anak pinterr nanti luntur kepintaran mu kalo bergaul ama niki begini wkwk,"['sandyyy', 'anak', 'pinterr', 'nanti', 'luntur', 'kepintaran', 'mu', 'kalo', 'bergaul', 'ama', 'niki', 'begini', 'wkwk']","['sandyyy', 'anak', 'pinterr', 'luntur', 'kepintaran', 'mu', 'kalo', 'bergaul', 'ama', 'niki', 'wkwk']","['sandyyy', 'anak', 'pinterr', 'luntur', 'pintar', 'mu', 'kalo', 'gaul', 'ama', 'nik', 'wkwk']",sandyyy anak pinterr luntur pintar mu kalo gaul ama nik wkwk,sandyyy anak pinterr luntur pintar mu kalo gaul ama nik wkwk,Positif
Kayak nntn keluarga patrick star bjir cubbgt super random😭,0,Kayak nntn keluarga patrick star bjir cubbgt super random,kayak nntn keluarga patrick star bjir cubbgt super random,"['kayak', 'nntn', 'keluarga', 'patrick', 'star', 'bjir', 'cubbgt', 'super', 'random']","['kayak', 'nntn', 'keluarga', 'patrick', 'star', 'bjir', 'cubbgt', 'super', 'random']","['kayak', 'nntn', 'keluarga', 'patrick', 'star', 'bjir', 'cubbgt', 'super', 'random']",kayak nntn keluarga patrick star bjir cubbgt super random,kayak nntn keluarga patrick star bjir cubbgt super random,Positif
Ibnu,0,Ibnu,ibnu,['ibnu'],['ibnu'],['ibnu'],ibnu,ibnu,Netral
kok kaya delay gt ya,0,kok kaya delay gt ya,kok kaya delay gt ya,"['kok', 'kaya', 'delay', 'gt', 'ya']","['kaya', 'delay', 'gt', 'ya']","['kaya', 'delay', 'gt', 'ya']",kaya delay gt ya,kaya delay gt ya,Negatif
ngakak,0,ngakak,ngakak,['ngakak'],['ngakak'],['ngakak'],ngakak,ngakak,Positif
Terima kasih atas kuliah setengah SKSnya,2,Terima kasih atas kuliah setengah SKSnya,terima kasih atas kuliah setengah sksnya,"['terima', 'kasih', 'atas', 'kuliah', 'setengah', 'sksnya']","['terima', 'kasih', 'kuliah', 'sksnya']","['terima', 'kasih', 'kuliah', 'sksnya']",terima kasih kuliah sksnya,terima kasih kuliah sksnya,Positif
3 Mei diajak kaga? :(,0,3 Mei diajak kaga,3 mei diajak kaga,"['3', 'mei', 'diajak', 'kaga']","['3', 'mei', 'diajak', 'kaga']","['3', 'mei', 'ajak', 'kaga']",3 mei ajak kaga,3 mei ajak kaga,Netral
guru ku yang sangat buncit.. pecah bgtt wkkwkwkww,0,guru ku yang sangat buncit pecah bgtt wkkwkwkww,guru ku yang sangat buncit pecah bgtt wkkwkwkww,"['guru', 'ku', 'yang', 'sangat', 'buncit', 'pecah', 'bgtt', 'wkkwkwkww']","['guru', 'ku', 'buncit', 'pecah', 'bgtt', 'wkkwkwkww']","['guru', 'ku', 'buncit', 'pecah', 'bgtt', 'wkkwkwkww']",guru ku buncit pecah bgtt wkkwkwkww,guru ku buncit pecah bgtt wkkwkwkww,Positif
podcast gen z yg cukup seru dan cukup berisi,0,podcast gen z yang cukup seru dan cukup berisi,podcast gen z yang cukup seru dan cukup berisi,"['podcast', 'gen', 'z', 'yang', 'cukup', 'seru', 'dan', 'cukup', 'berisi']","['podcast', 'gen', 'z', 'seru', 'berisi']","['podcast', 'gen', 'z', 'seru', 'isi']",podcast gen z seru isi,podcast gen z seru isi,Positif
Lucuuuu😂,0,Lucuuuu,lucuuuu,['lucuuuu'],['lucuuuu'],['lucuuuu'],lucuuuu,lucuuuu,Positif
Podcast paling berdaging! 🫵,0,Podcast paling berdaging,podcast paling berdaging,"['podcast', 'paling', 'berdaging']","['podcast', 'berdaging']","['podcast', 'daging']",podcast daging,podcast daging,Positif
gokil,0,gokil,gokil,['gokil'],['gokil'],['gokil'],gokil,gokil,Positif
kooo serruuuuu bangeeettt,0,kooo serruuuuu bangeeettt,kooo serruuuuu bangeeettt,"['kooo', 'serruuuuu', 'bangeeettt']","['kooo', 'serruuuuu', 'bangeeettt']","['kooo', 'serruuuuu', 'bangeeettt']",kooo serruuuuu bangeeettt,kooo serruuuuu bangeeettt,Positif
Abis podcast ini pasti IQ Sandy nambah deh,0,Abis podcast ini pasti IQ Sandy nambah deh,abis podcast ini pasti iq sandy nambah deh,"['abis', 'podcast', 'ini', 'pasti', 'iq', 'sandy', 'nambah', 'deh']","['abis', 'podcast', 'iq', 'sandy', 'nambah', 'deh']","['abis', 'podcast', 'iq', 'sandy', 'nambah', 'deh']",abis podcast iq sandy nambah deh,abis podcast iq sandy nambah deh,Positif
KNP NYAMBUNG ANJIR SANDY SJSHSJSNSJ,0,kenapa NYAMBUNG ANJIR SANDY SJSHSJSNSJ,kenapa nyambung anjir sandy sjshsjsnsj,"['kenapa', 'nyambung', 'anjir', 'sandy', 'sjshsjsnsj']","['nyambung', 'anjir', 'sandy', 'sjshsjsnsj']","['nyambung', 'anjir', 'sandy', 'sjshsjsnsj']",nyambung anjir sandy sjshsjsnsj,nyambung anjir sandy sjshsjsnsj,Positif
PLISS HARUS BANGET IKUTTT FAMILY 100 BENERAN,0,PLISS HARUS BANGET IKUTTT FAMILY BENERAN,pliss harus banget ikuttt family beneran,"['pliss', 'harus', 'banget', 'ikuttt', 'family', 'beneran']","['pliss', 'banget', 'ikuttt', 'family', 'beneran']","['pliss', 'banget', 'ikuttt', 'family', 'beneran']",pliss banget ikuttt family beneran,pliss banget ikuttt family beneran,Positif
wkwkwwkkw endingnya😭😭😭😭,0,wkwkwwkkw endingnya,wkwkwwkkw endingnya,"['wkwkwwkkw', 'endingnya']","['wkwkwwkkw', 'endingnya']","['wkwkwwkkw', 'endingnya']",wkwkwwkkw endingnya,wkwkwwkkw endingnya,Positif
guru ku yg sangat buncittt GONG BGTT YA ALLAH 😭😭😭😭😭,0,guru ku yang sangat buncittt GONG BGTT YA ALLAH,guru ku yang sangat buncittt gong bgtt ya allah,"['guru', 'ku', 'yang', 'sangat', 'buncittt', 'gong', 'bgtt', 'ya', 'allah']","['guru', 'ku', 'buncittt', 'gong', 'bgtt', 'ya', 'allah']","['guru', 'ku', 'buncittt', 'gong', 'bgtt', 'ya', 'allah']",guru ku buncittt gong bgtt ya allah,guru ku buncittt gong bgtt ya allah,Positif
&quot;Rumus kubus&quot; 😭😭😭😭,0,Rumus kubus,rumus kubus,"['rumus', 'kubus']","['rumus', 'kubus']","['rumus', 'kubus']",rumus kubus,rumus kubus,Netral
"Pas nyanyi, jujur aku yang malu T.T hahahhahahahaha",0,Pas nyanyi jujur aku yang malu TT hahahhahahahaha,pas nyanyi jujur aku yang malu tt hahahhahahahaha,"['pas', 'nyanyi', 'jujur', 'aku', 'yang', 'malu', 'tt', 'hahahhahahahaha']","['pas', 'nyanyi', 'jujur', 'malu', 'tt', 'hahahhahahahaha']","['pas', 'nyanyi', 'jujur', 'malu', 'tt', 'hahahhahahahaha']",pas nyanyi jujur malu tt hahahhahahahaha,pas nyanyi jujur malu tt hahahhahahahaha,Positif
mario aa seru banget suka gw😭,0,mario aa seru banget suka saya,mario aa seru banget suka saya,"['mario', 'aa', 'seru', 'banget', 'suka', 'saya']","['mario', 'aa', 'seru', 'banget', 'suka']","['mario', 'aa', 'seru', 'banget', 'suka']",mario aa seru banget suka,mario aa seru banget suka,Positif
kocag bgt akwowwk,0,kocag banget akwowwk,kocag banget akwowwk,"['kocag', 'banget', 'akwowwk']","['kocag', 'banget', 'akwowwk']","['kocag', 'banget', 'akwowwk']",kocag banget akwowwk,kocag banget akwowwk,Positif
Ngakak banget wkwk sepanjang video,0,Ngakak banget wkwk sepanjang video,ngakak banget wkwk sepanjang video,"['ngakak', 'banget', 'wkwk', 'sepanjang', 'video']","['ngakak', 'banget', 'wkwk', 'video']","['ngakak', 'banget', 'wkwk', 'video']",ngakak banget wkwk video,ngakak banget wkwk video,Positif
"Seruuuu banget, langsung subscribe",0,Seruuuu banget langsung subscribe,seruuuu banget langsung subscribe,"['seruuuu', 'banget', 'langsung', 'subscribe']","['seruuuu', 'banget', 'langsung', 'subscribe']","['seruuuu', 'banget', 'langsung', 'subscribe']",seruuuu banget langsung subscribe,seruuuu banget langsung subscribe,Positif
sumpah pecah bgt anjirrr😭😭😭 thx orang WARAS,0,sumpah pecah banget anjirrr thx orang WARAS,sumpah pecah banget anjirrr thx orang waras,"['sumpah', 'pecah', 'banget', 'anjirrr', 'thx', 'orang', 'waras']","['sumpah', 'pecah', 'banget', 'anjirrr', 'thx', 'orang', 'waras']","['sumpah', 'pecah', 'banget', 'anjirrr', 'thx', 'orang', 'waras']",sumpah pecah banget anjirrr thx orang waras,sumpah pecah banget anjirrr thx orang waras,Positif
ihh seruuuuuuuuu😊😂,0,ihh seruuuuuuuuu,ihh seruuuuuuuuu,"['ihh', 'seruuuuuuuuu']","['ihh', 'seruuuuuuuuu']","['ihh', 'seruuuuuuuuu']",ihh seruuuuuuuuu,ihh seruuuuuuuuu,Positif
suara niki kurang kedengaran:((,0,suara niki kurang kedengaran,suara niki kurang kedengaran,"['suara', 'niki', 'kurang', 'kedengaran']","['suara', 'niki', 'kedengaran']","['suara', 'nik', 'dengar']",suara nik dengar,suara nik dengar,Netral
"Ga kaget kalo sandy nyambung, krna emg circle sandy yg waras2 begini. Justru ga nyangka dispill niky io mo nikah wkwkwk",1,Ga kaget kalo sandy nyambung krna memang circle sandy yang waras2 begini Justru ga nyangka dispill niky io mo nikah wkwkwk,ga kaget kalo sandy nyambung krna memang circle sandy yang waras2 begini justru ga nyangka dispill niky io mo nikah wkwkwk,"['ga', 'kaget', 'kalo', 'sandy', 'nyambung', 'krna', 'memang', 'circle', 'sandy', 'yang', 'waras2', 'begini', 'justru', 'ga', 'nyangka', 'dispill', 'niky', 'io', 'mo', 'nikah', 'wkwkwk']","['ga', 'kaget', 'kalo', 'sandy', 'nyambung', 'krna', 'circle', 'sandy', 'waras2', 'ga', 'nyangka', 'dispill', 'niky', 'io', 'mo', 'nikah', 'wkwkwk']","['ga', 'kaget', 'kalo', 'sandy', 'nyambung', 'krna', 'circle', 'sandy', 'waras2', 'ga', 'nyangka', 'dispill', 'niky', 'io', 'mo', 'nikah', 'wkwkwk']",ga kaget kalo sandy nyambung krna circle sandy waras2 ga nyangka dispill niky io mo nikah wkwkwk,ga kaget kalo sandy nyambung krna circle sandy waras2 ga nyangka dispill niky io mo nikah wkwkwk,Positif
SERUUU BGTTTT,0,SERUUU BGTTTT,seruuu bgtttt,"['seruuu', 'bgtttt']","['seruuu', 'bgtttt']","['seruuu', 'bgtttt']",seruuu bgtttt,seruuu bgtttt,Positif
"gw nonton krna kepo liat si baju merah putih yg sering lewat fyp gw, eh ternyata ada sandy wkwk",0,saya nonton krna kepo liat si baju merah putih yang sering lewat fyp saya eh ternyata ada sandy wkwk,saya nonton krna kepo liat si baju merah putih yang sering lewat fyp saya eh ternyata ada sandy wkwk,"['saya', 'nonton', 'krna', 'kepo', 'liat', 'si', 'baju', 'merah', 'putih', 'yang', 'sering', 'lewat', 'fyp', 'saya', 'eh', 'ternyata', 'ada', 'sandy', 'wkwk']","['nonton', 'krna', 'kepo', 'liat', 'si', 'baju', 'merah', 'putih', 'fyp', 'eh', 'sandy', 'wkwk']","['nonton', 'krna', 'kepo', 'liat', 'si', 'baju', 'merah', 'putih', 'fyp', 'eh', 'sandy', 'wkwk']",nonton krna kepo liat si baju merah putih fyp eh sandy wkwk,nonton krna kepo liat si baju merah putih fyp eh sandy wkwk,Netral
KURANG LAMA HARUSNYA SATU JAM 😭😭,0,KURANG LAMA HARUSNYA SATU JAM,kurang lama harusnya satu jam,"['kurang', 'lama', 'harusnya', 'satu', 'jam']",['jam'],['jam'],jam,jam,Netral
kacau gue gatau sandy seasbun ini😭,0,kacau gue gatau sandy seasbun ini,kacau gue gatau sandy seasbun ini,"['kacau', 'gue', 'gatau', 'sandy', 'seasbun', 'ini']","['kacau', 'gue', 'gatau', 'sandy', 'seasbun']","['kacau', 'gue', 'gatau', 'sandy', 'seasbun']",kacau gue gatau sandy seasbun,kacau gue gatau sandy seasbun,Negatif
Podcast kaya gini emang bagusnya pake editan yang lucu lucu kaya gini pas banget.. pertahanin editannya !,0,Podcast kaya gini emang bagusnya pake editan yang lucu lucu kaya gini pas banget pertahanin editannya,podcast kaya gini emang bagusnya pake editan yang lucu lucu kaya gini pas banget pertahanin editannya,"['podcast', 'kaya', 'gini', 'emang', 'bagusnya', 'pake', 'editan', 'yang', 'lucu', 'lucu', 'kaya', 'gini', 'pas', 'banget', 'pertahanin', 'editannya']","['podcast', 'kaya', 'gini', 'emang', 'bagusnya', 'pake', 'editan', 'lucu', 'lucu', 'kaya', 'gini', 'pas', 'banget', 'pertahanin', 'editannya']","['podcast', 'kaya', 'gin', 'emang', 'bagus', 'pake', 'edit', 'lucu', 'lucu', 'kaya', 'gin', 'pas', 'banget', 'pertahanin', 'edit']",podcast kaya gin emang bagus pake edit lucu lucu kaya gin pas banget pertahanin edit,podcast kaya gin emang bagus pake edit lucu lucu kaya gin pas banget pertahanin edit,Positif
Sandy &quot;Orang terkenal karena keluarga artis&quot; 😭🙏🏻,0,Sandy Orang terkenal karena keluarga artis,sandy orang terkenal karena keluarga artis,"['sandy', 'orang', 'terkenal', 'karena', 'keluarga', 'artis']","['sandy', 'orang', 'terkenal', 'keluarga', 'artis']","['sandy', 'orang', 'kenal', 'keluarga', 'artis']",sandy orang kenal keluarga artis,sandy orang kenal keluarga artis,Netral
Sandy season 2 please 😂❤,0,Sandy season 2 please,sandy season 2 please,"['sandy', 'season', '2', 'please']","['sandy', 'season', '2', 'please']","['sandy', 'season', '2', 'please']",sandy season 2 please,sandy season 2 please,Netral
"Masih mencari titik lucu podcast ini, karena dari awal sampai akhir daging semua",0,Masih mencari titik lucu podcast ini karena dari awal sampai akhir daging semua,masih mencari titik lucu podcast ini karena dari awal sampai akhir daging semua,"['masih', 'mencari', 'titik', 'lucu', 'podcast', 'ini', 'karena', 'dari', 'awal', 'sampai', 'akhir', 'daging', 'semua']","['mencari', 'titik', 'lucu', 'podcast', 'daging']","['cari', 'titik', 'lucu', 'podcast', 'daging']",cari titik lucu podcast daging,cari titik lucu podcast daging,Positif
ga waras😂😂😂😂,0,ga waras,ga waras,"['ga', 'waras']","['ga', 'waras']","['ga', 'waras']",ga waras,ga waras,Negatif
Kurang panjang durasinya pliss. Gua yakin ini ada part 2 nya kan? Soalnya endingnya ngegantung sampe &quot;pak arip buncit&quot;,0,Kurang panjang durasinya pliss Gua yakin ini ada part 2 nya kan Soalnya endingnya ngegantung sampe pak arip buncit,kurang panjang durasinya pliss gua yakin ini ada part 2 nya kan soalnya endingnya ngegantung sampe pak arip buncit,"['kurang', 'panjang', 'durasinya', 'pliss', 'gua', 'yakin', 'ini', 'ada', 'part', '2', 'nya', 'kan', 'soalnya', 'endingnya', 'ngegantung', 'sampe', 'pak', 'arip', 'buncit']","['durasinya', 'pliss', 'gua', 'part', '2', 'nya', 'endingnya', 'ngegantung', 'sampe', 'arip', 'buncit']","['durasi', 'pliss', 'gua', 'part', '2', 'nya', 'endingnya', 'ngegantung', 'sampe', 'arip', 'buncit']",durasi pliss gua part 2 nya endingnya ngegantung sampe arip buncit,durasi pliss gua part 2 nya endingnya ngegantung sampe arip buncit,Netral
GA KUAT ENDINGNYA 😭,0,GA KUAT ENDINGNYA,ga kuat endingnya,"['ga', 'kuat', 'endingnya']","['ga', 'kuat', 'endingnya']","['ga', 'kuat', 'endingnya']",ga kuat endingnya,ga kuat endingnya,Positif
U GUYS REALLY MADE MY DAYYY HAHHAHAHAHAHAHAHAHAHAH,0,U GUYS REALLY MADE MY DAYYY HAHHAHAHAHAHAHAHAHAHAH,u guys really made my dayyy hahhahahahahahahahahah,"['u', 'guys', 'really', 'made', 'my', 'dayyy', 'hahhahahahahahahahahah']","['u', 'guys', 'really', 'made', 'my', 'dayyy', 'hahhahahahahahahahahah']","['u', 'guys', 'really', 'made', 'my', 'dayyy', 'hahhahahahahahahahahah']",u guys really made my dayyy hahhahahahahahahahahah,u guys really made my dayyy hahhahahahahahahahahah,Positif
Universitas Negeri Singapore 🤣🤣,0,Universitas Negeri Singapore,universitas negeri singapore,"['universitas', 'negeri', 'singapore']","['universitas', 'negeri', 'singapore']","['universitas', 'negeri', 'singapore']",universitas negeri singapore,universitas negeri singapore,Netral
Sandy ini entertaining banget orangnya.,0,Sandy ini entertaining banget orangnya,sandy ini entertaining banget orangnya,"['sandy', 'ini', 'entertaining', 'banget', 'orangnya']","['sandy', 'entertaining', 'banget', 'orangnya']","['sandy', 'entertaining', 'banget', 'orang']",sandy entertaining banget orang,sandy entertaining banget orang,Positif
Lucu banget sumpaaaahhh,0,Lucu banget sumpaaaahhh,lucu banget sumpaaaahhh,"['lucu', 'banget', 'sumpaaaahhh']","['lucu', 'banget', 'sumpaaaahhh']","['lucu', 'banget', 'sumpaaaahhh']",lucu banget sumpaaaahhh,lucu banget sumpaaaahhh,Positif
Sepanjang nonton ngakak gua wkwkwk,0,Sepanjang nonton ngakak gua wkwkwk,sepanjang nonton ngakak gua wkwkwk,"['sepanjang', 'nonton', 'ngakak', 'gua', 'wkwkwk']","['nonton', 'ngakak', 'gua', 'wkwkwk']","['nonton', 'ngakak', 'gua', 'wkwkwk']",nonton ngakak gua wkwkwk,nonton ngakak gua wkwkwk,Positif
gakuatt end nyaa 😭😭,0,gakuatt end nyaa,gakuatt end nyaa,"['gakuatt', 'end', 'nyaa']","['gakuatt', 'end', 'nyaa']","['gakuatt', 'end', 'nyaa']",gakuatt end nyaa,gakuatt end nyaa,Positif
GW YG NONTON KETULARAN WARAS😊,0,saya yang NONTON KETULARAN WARAS,saya yang nonton ketularan waras,"['saya', 'yang', 'nonton', 'ketularan', 'waras']","['nonton', 'ketularan', 'waras']","['nonton', 'tular', 'waras']",nonton tular waras,nonton tular waras,Positif
editannya tuh jg support bgt lg ke lucunya 😭😭😭 best sih sonia,1,editannya tuh juga support banget lg ke lucunya best sih sonia,editannya tuh juga support banget lg ke lucunya best sih sonia,"['editannya', 'tuh', 'juga', 'support', 'banget', 'lg', 'ke', 'lucunya', 'best', 'sih', 'sonia']","['editannya', 'tuh', 'support', 'banget', 'lg', 'lucunya', 'best', 'sih', 'sonia']","['edit', 'tuh', 'support', 'banget', 'lg', 'lucu', 'best', 'sih', 'sonia']",edit tuh support banget lg lucu best sih sonia,edit tuh support banget lg lucu best sih sonia,Positif
"ENDINGNYA GA EKSPEK HEY, PAK SIAPA TADI YANG PERUTNYA BUNCIT PLISSSSS",0,ENDINGNYA GA EKSPEK HEY PAK SIAPA TADI YANG PERUTNYA BUNCIT PLISSSSS,endingnya ga ekspek hey pak siapa tadi yang perutnya buncit plisssss,"['endingnya', 'ga', 'ekspek', 'hey', 'pak', 'siapa', 'tadi', 'yang', 'perutnya', 'buncit', 'plisssss']","['endingnya', 'ga', 'ekspek', 'hey', 'perutnya', 'buncit', 'plisssss']","['endingnya', 'ga', 'ekspek', 'hey', 'perut', 'buncit', 'plisssss']",endingnya ga ekspek hey perut buncit plisssss,endingnya ga ekspek hey perut buncit plisssss,Negatif
podcast apaan nih wkwkwk,0,podcast apaan nih wkwkwk,podcast apaan nih wkwkwk,"['podcast', 'apaan', 'nih', 'wkwkwk']","['podcast', 'nih', 'wkwkwk']","['podcast', 'nih', 'wkwkwk']",podcast nih wkwkwk,podcast nih wkwkwk,Netral
"PODCAST SAMA SANDY AGI DONG, LUCU SEFREKUENSI",0,PODCAST SAMA SANDY AGI DONG LUCU SEFREKUENSI,podcast sama sandy agi dong lucu sefrekuensi,"['podcast', 'sama', 'sandy', 'agi', 'dong', 'lucu', 'sefrekuensi']","['podcast', 'sandy', 'agi', 'lucu', 'sefrekuensi']","['podcast', 'sandy', 'agi', 'lucu', 'frekuensi']",podcast sandy agi lucu frekuensi,podcast sandy agi lucu frekuensi,Positif
Sumpah nyambung bangey sandy ada disana,0,Sumpah nyambung bangey sandy ada disana,sumpah nyambung bangey sandy ada disana,"['sumpah', 'nyambung', 'bangey', 'sandy', 'ada', 'disana']","['sumpah', 'nyambung', 'bangey', 'sandy', 'disana']","['sumpah', 'nyambung', 'bangey', 'sandy', 'sana']",sumpah nyambung bangey sandy sana,sumpah nyambung bangey sandy sana,Positif
"<a href=""https://www.youtube.com/watch?v=CaklHISbki8&amp;t=646"">10:46</a> KAWKAWKAWKAWKW UNIVERSITY SINGAPORE AIRLINES <a href=""UCkszU2WH9gy1mb0dV-11UJg/KsIfY6LzFoLM6AKanYDQAg""></a><a href=""UCkszU2WH9gy1mb0dV-11UJg/KsIfY6LzFoLM6AKanYDQAg""></a>",0,KAWKAWKAWKAWKW UNIVERSITY SINGAPORE AIRLINES,kawkawkawkawkw university singapore airlines,"['kawkawkawkawkw', 'university', 'singapore', 'airlines']","['kawkawkawkawkw', 'university', 'singapore', 'airlines']","['kawkawkawkawkw', 'university', 'singapore', 'airlines']",kawkawkawkawkw university singapore airlines,kawkawkawkawkw university singapore airlines,Netral
CAPEKKK 😭😭😭😭,0,CAPEKKK,capekkk,['capekkk'],['capekkk'],['capekkk'],capekkk,capekkk,Negatif
GAKUATTTT PODCAST APA INI ANJIR KOCAK BGT 😭😭😭😭,0,GAKUATTTT PODCAST APA INI ANJIR KOCAK banget,gakuatttt podcast apa ini anjir kocak banget,"['gakuatttt', 'podcast', 'apa', 'ini', 'anjir', 'kocak', 'banget']","['gakuatttt', 'podcast', 'anjir', 'kocak', 'banget']","['gakuatttt', 'podcast', 'anjir', 'kocak', 'banget']",gakuatttt podcast anjir kocak banget,gakuatttt podcast anjir kocak banget,Positif
Sukses selalu,0,Sukses selalu,sukses selalu,"['sukses', 'selalu']",['sukses'],['sukses'],sukses,sukses,Positif
Kocak kocak,0,Kocak kocak,kocak kocak,"['kocak', 'kocak']","['kocak', 'kocak']","['kocak', 'kocak']",kocak kocak,kocak kocak,Positif
ini podcast dari A ke Z njir random banget tapi kusuka 😭🙏,0,ini podcast dari A ke Z njir random banget tapi kusuka,ini podcast dari a ke z njir random banget tapi kusuka,"['ini', 'podcast', 'dari', 'a', 'ke', 'z', 'njir', 'random', 'banget', 'tapi', 'kusuka']","['podcast', 'a', 'z', 'njir', 'random', 'banget', 'kusuka']","['podcast', 'a', 'z', 'njir', 'random', 'banget', 'suka']",podcast a z njir random banget suka,podcast a z njir random banget suka,Positif
Capek bgt ya Allah 😭😭😭,0,Capek banget ya Allah,capek banget ya allah,"['capek', 'banget', 'ya', 'allah']","['capek', 'banget', 'ya', 'allah']","['capek', 'banget', 'ya', 'allah']",capek banget ya allah,capek banget ya allah,Negatif
HAHAHA GA NYANGKA SANDY BISA KLOP BANGET TERNYATA,0,HAHAHA GA NYANGKA SANDY BISA KLOP BANGET TERNYATA,hahaha ga nyangka sandy bisa klop banget ternyata,"['hahaha', 'ga', 'nyangka', 'sandy', 'bisa', 'klop', 'banget', 'ternyata']","['hahaha', 'ga', 'nyangka', 'sandy', 'klop', 'banget']","['hahaha', 'ga', 'nyangka', 'sandy', 'klop', 'banget']",hahaha ga nyangka sandy klop banget,hahaha ga nyangka sandy klop banget,Positif
next ngundang dante pls,0,next ngundang dante pls,next ngundang dante pls,"['next', 'ngundang', 'dante', 'pls']","['next', 'ngundang', 'dante', 'pls']","['next', 'ngundang', 'dante', 'pls']",next ngundang dante pls,next ngundang dante pls,Netral
Sandy sama koplaknya bedanya ga cengengesan aja 🤣🤣,0,Sandy sama koplaknya bedanya ga cengengesan aja,sandy sama koplaknya bedanya ga cengengesan aja,"['sandy', 'sama', 'koplaknya', 'bedanya', 'ga', 'cengengesan', 'aja']","['sandy', 'koplaknya', 'bedanya', 'ga', 'cengengesan', 'aja']","['sandy', 'koplaknya', 'beda', 'ga', 'cengengesan', 'aja']",sandy koplaknya beda ga cengengesan aja,sandy koplaknya beda ga cengengesan aja,Positif
&quot;EMANG LU PINTER!!&quot;<br>Lah emang sandy pinterrr,0,EMANG LU PINTER Lah emang sandy pinterrr,emang lu pinter lah emang sandy pinterrr,"['emang', 'lu', 'pinter', 'lah', 'emang', 'sandy', 'pinterrr']","['emang', 'lu', 'pinter', 'emang', 'sandy', 'pinterrr']","['emang', 'lu', 'pinter', 'emang', 'sandy', 'pinterrr']",emang lu pinter emang sandy pinterrr,emang lu pinter emang sandy pinterrr,Positif
"heran bgt gua, orang pinter bisa-bisanya tetep nyambung di sini 😭😭😭😭😭",0,heran banget gua orang pinter bisabisanya tetep nyambung di sini,heran banget gua orang pinter bisabisanya tetep nyambung di sini,"['heran', 'banget', 'gua', 'orang', 'pinter', 'bisabisanya', 'tetep', 'nyambung', 'di', 'sini']","['heran', 'banget', 'gua', 'orang', 'pinter', 'bisabisanya', 'tetep', 'nyambung']","['heran', 'banget', 'gua', 'orang', 'pinter', 'bisabisanya', 'tetep', 'nyambung']",heran banget gua orang pinter bisabisanya tetep nyambung,heran banget gua orang pinter bisabisanya tetep nyambung,Positif
"san pulang san, maluuu😂😂",0,san pulang san maluuu,san pulang san maluuu,"['san', 'pulang', 'san', 'maluuu']","['san', 'pulang', 'san', 'maluuu']","['san', 'pulang', 'san', 'maluuu']",san pulang san maluuu,san pulang san maluuu,Negatif
mau vn ketawaaaa 😭😭,0,mau vn ketawaaaa,mau vn ketawaaaa,"['mau', 'vn', 'ketawaaaa']","['vn', 'ketawaaaa']","['vn', 'ketawaaaa']",vn ketawaaaa,vn ketawaaaa,Positif
LUCU VTT APAAAN SIH QHWHQHQHAHHAAHHAHAHA,0,LUCU VTT APAAAN SIH QHWHQHQHAHHAAHHAHAHA,lucu vtt apaaan sih qhwhqhqhahhaahhahaha,"['lucu', 'vtt', 'apaaan', 'sih', 'qhwhqhqhahhaahhahaha']","['lucu', 'vtt', 'apaaan', 'sih', 'qhwhqhqhahhaahhahaha']","['lucu', 'vtt', 'apaaan', 'sih', 'qhwhqhqhahhaahhahaha']",lucu vtt apaaan sih qhwhqhqhahhaahhahaha,lucu vtt apaaan sih qhwhqhqhahhaahhahaha,Positif
WKWKWKWKWK LUCU BGT,0,WKWKWKWKWK LUCU banget,wkwkwkwkwk lucu banget,"['wkwkwkwkwk', 'lucu', 'banget']","['wkwkwkwkwk', 'lucu', 'banget']","['wkwkwkwkwk', 'lucu', 'banget']",wkwkwkwkwk lucu banget,wkwkwkwkwk lucu banget,Positif
Ya Allah capek Banget 😭,0,Ya Allah capek Banget,ya allah capek banget,"['ya', 'allah', 'capek', 'banget']","['ya', 'allah', 'capek', 'banget']","['ya', 'allah', 'capek', 'banget']",ya allah capek banget,ya allah capek banget,Negatif
"tolong buatin mereka ber3 program.. ini lucu bgt merekaaa, cringe2 tapi seruuu soalnya sefrekuensi 😭😭",1951,tolong buatin mereka ber3 program ini lucu banget merekaaa cringe2 tapi seruuu soalnya sefrekuensi,tolong buatin mereka ber3 program ini lucu banget merekaaa cringe2 tapi seruuu soalnya sefrekuensi,"['tolong', 'buatin', 'mereka', 'ber3', 'program', 'ini', 'lucu', 'banget', 'merekaaa', 'cringe2', 'tapi', 'seruuu', 'soalnya', 'sefrekuensi']","['tolong', 'buatin', 'ber3', 'program', 'lucu', 'banget', 'merekaaa', 'cringe2', 'seruuu', 'sefrekuensi']","['tolong', 'buatin', 'ber3', 'program', 'lucu', 'banget', 'merekaaa', 'cringe2', 'seruuu', 'frekuensi']",tolong buatin ber3 program lucu banget merekaaa cringe2 seruuu frekuensi,tolong buatin ber3 program lucu banget merekaaa cringe2 seruuu frekuensi,Positif
menuju indonesia emas,0,menuju indonesia emas,menuju indonesia emas,"['menuju', 'indonesia', 'emas']","['indonesia', 'emas']","['indonesia', 'emas']",indonesia emas,indonesia emas,Positif
saking bingungnya bingung mau ketawa atau batuk😭😭,0,saking bingungnya bingung mau ketawa atau batuk,saking bingungnya bingung mau ketawa atau batuk,"['saking', 'bingungnya', 'bingung', 'mau', 'ketawa', 'atau', 'batuk']","['saking', 'bingungnya', 'bingung', 'ketawa', 'batuk']","['saking', 'bingung', 'bingung', 'ketawa', 'batuk']",saking bingung bingung ketawa batuk,saking bingung bingung ketawa batuk,Positif
Ngakak gaje wkwkwkw,0,Ngakak gaje wkwkwkw,ngakak gaje wkwkwkw,"['ngakak', 'gaje', 'wkwkwkw']","['ngakak', 'gaje', 'wkwkwkw']","['ngakak', 'gaje', 'wkwkwkw']",ngakak gaje wkwkwkw,ngakak gaje wkwkwkw,Positif
mana subtitusi nyaa minnn,1,mana subtitusi nyaa minnn,mana subtitusi nyaa minnn,"['mana', 'subtitusi', 'nyaa', 'minnn']","['subtitusi', 'nyaa', 'minnn']","['subtitusi', 'nyaa', 'minnn']",subtitusi nyaa minnn,subtitusi nyaa minnn,Netral
demiapapun lucu bgt,0,demiapapun lucu banget,demiapapun lucu banget,"['demiapapun', 'lucu', 'banget']","['demiapapun', 'lucu', 'banget']","['apa', 'lucu', 'banget']",apa lucu banget,apa lucu banget,Positif
"<a href=""https://www.youtube.com/watch?v=CaklHISbki8&amp;t=1193"">19:53</a> kocak bangetttttttt 🤣🤣🤣 bisa cepat itu nyambung nya",0,kocak bangetttttttt bisa cepat itu nyambung nya,kocak bangetttttttt bisa cepat itu nyambung nya,"['kocak', 'bangetttttttt', 'bisa', 'cepat', 'itu', 'nyambung', 'nya']","['kocak', 'bangetttttttt', 'cepat', 'nyambung', 'nya']","['kocak', 'bangetttttttt', 'cepat', 'nyambung', 'nya']",kocak bangetttttttt cepat nyambung nya,kocak bangetttttttt cepat nyambung nya,Positif
Seru banget nontonin 3 orang jenius dan waras ini,0,Seru banget nontonin 3 orang jenius dan waras ini,seru banget nontonin 3 orang jenius dan waras ini,"['seru', 'banget', 'nontonin', '3', 'orang', 'jenius', 'dan', 'waras', 'ini']","['seru', 'banget', 'nontonin', '3', 'orang', 'jenius', 'waras']","['seru', 'banget', 'nontonin', '3', 'orang', 'jenius', 'waras']",seru banget nontonin 3 orang jenius waras,seru banget nontonin 3 orang jenius waras,Positif
WKWKWKWKINI VIDEO APASIH 😭LAGI MAKAN LIAT BEGINIAN NASINYA GA KETELEN KOCAKKK [CRY][CRYYYYY],0,WKWKWKWKINI VIDEO APASIH LAGI MAKAN LIAT BEGINIAN NASINYA GA KETELEN KOCAKKK CRYCRYYYYY,wkwkwkwkini video apasih lagi makan liat beginian nasinya ga ketelen kocakkk crycryyyyy,"['wkwkwkwkini', 'video', 'apasih', 'lagi', 'makan', 'liat', 'beginian', 'nasinya', 'ga', 'ketelen', 'kocakkk', 'crycryyyyy']","['wkwkwkwkini', 'video', 'apasih', 'makan', 'liat', 'nasinya', 'ga', 'ketelen', 'kocakkk', 'crycryyyyy']","['wkwkwkwkini', 'video', 'apasih', 'makan', 'liat', 'nasi', 'ga', 'ketelen', 'kocakkk', 'crycryyyyy']",wkwkwkwkini video apasih makan liat nasi ga ketelen kocakkk crycryyyyy,wkwkwkwkini video apasih makan liat nasi ga ketelen kocakkk crycryyyyy,Positif
Hahah kalian lucu bgtttt,0,Hahah kalian lucu bgtttt,hahah kalian lucu bgtttt,"['hahah', 'kalian', 'lucu', 'bgtttt']","['hahah', 'lucu', 'bgtttt']","['hahah', 'lucu', 'bgtttt']",hahah lucu bgtttt,hahah lucu bgtttt,Positif
cuman face card yang bisa selamatin mereka,0,cuman face card yang bisa selamatin mereka,cuman face card yang bisa selamatin mereka,"['cuman', 'face', 'card', 'yang', 'bisa', 'selamatin', 'mereka']","['cuman', 'face', 'card', 'selamatin']","['cuman', 'face', 'card', 'selamatin']",cuman face card selamatin,cuman face card selamatin,Netral
"Dear Sandy, apakah menjadi juara IMO anda semakin waras untuk nyambung obrolan sama mereka berdua😭",12,Dear Sandy apakah menjadi juara IMO anda semakin waras untuk nyambung obrolan sama mereka berdua,dear sandy apakah menjadi juara imo anda semakin waras untuk nyambung obrolan sama mereka berdua,"['dear', 'sandy', 'apakah', 'menjadi', 'juara', 'imo', 'anda', 'semakin', 'waras', 'untuk', 'nyambung', 'obrolan', 'sama', 'mereka', 'berdua']","['dear', 'sandy', 'juara', 'imo', 'waras', 'nyambung', 'obrolan', 'berdua']","['dear', 'sandy', 'juara', 'imo', 'waras', 'nyambung', 'obrol', 'dua']",dear sandy juara imo waras nyambung obrol dua,dear sandy juara imo waras nyambung obrol dua,Netral
Anying makin akhir makin random+asbun bngt jawabnya 😭🤣🤣🤣,0,Anying makin akhir makin randomasbun bngt jawabnya,anying makin akhir makin randomasbun bngt jawabnya,"['anying', 'makin', 'akhir', 'makin', 'randomasbun', 'bngt', 'jawabnya']","['anying', 'randomasbun', 'bngt']","['anying', 'randomasbun', 'bngt']",anying randomasbun bngt,anying randomasbun bngt,Positif
"menggunakan full capacity otak untuk menonton podcast ini <a href=""http://www.youtube.com/results?search_query=%23salamorangwaras"">#salamorangwaras</a>",1,menggunakan full capacity otak untuk menonton podcast ini,menggunakan full capacity otak untuk menonton podcast ini,"['menggunakan', 'full', 'capacity', 'otak', 'untuk', 'menonton', 'podcast', 'ini']","['full', 'capacity', 'otak', 'menonton', 'podcast']","['full', 'capacity', 'otak', 'tonton', 'podcast']",full capacity otak tonton podcast,full capacity otak tonton podcast,Netral
terimakasih kpd org org di podcast ini sudah membuat saya ketawa lg after kmrn kmrn banyak masalah idup,0,terimakasih kpd org org di podcast ini sudah membuat saya ketawa lg after kmrn kmrn banyak masalah idup,terimakasih kpd org org di podcast ini sudah membuat saya ketawa lg after kmrn kmrn banyak masalah idup,"['terimakasih', 'kpd', 'org', 'org', 'di', 'podcast', 'ini', 'sudah', 'membuat', 'saya', 'ketawa', 'lg', 'after', 'kmrn', 'kmrn', 'banyak', 'masalah', 'idup']","['terimakasih', 'kpd', 'org', 'org', 'podcast', 'ketawa', 'lg', 'after', 'kmrn', 'kmrn', 'idup']","['terimakasih', 'kpd', 'org', 'org', 'podcast', 'ketawa', 'lg', 'after', 'kmrn', 'kmrn', 'idup']",terimakasih kpd org org podcast ketawa lg after kmrn kmrn idup,terimakasih kpd org org podcast ketawa lg after kmrn kmrn idup,Positif
UNS Universitas Negri singapore anying 😭🤣🤣🤣🤣,0,UNS Universitas Negri singapore anying,uns universitas negri singapore anying,"['uns', 'universitas', 'negri', 'singapore', 'anying']","['uns', 'universitas', 'negri', 'singapore', 'anying']","['uns', 'universitas', 'negri', 'singapore', 'anying']",uns universitas negri singapore anying,uns universitas negri singapore anying,Netral
Gacukup nonton sekali. Nagih bgt eps kali ini,0,Gacukup nonton sekali Nagih banget eps kali ini,gacukup nonton sekali nagih banget eps kali ini,"['gacukup', 'nonton', 'sekali', 'nagih', 'banget', 'eps', 'kali', 'ini']","['gacukup', 'nonton', 'nagih', 'banget', 'eps', 'kali']","['gacukup', 'nonton', 'nagih', 'banget', 'eps', 'kali']",gacukup nonton nagih banget eps kali,gacukup nonton nagih banget eps kali,Positif
ngakak bgt pliss😭😭,0,ngakak banget pliss,ngakak banget pliss,"['ngakak', 'banget', 'pliss']","['ngakak', 'banget', 'pliss']","['ngakak', 'banget', 'pliss']",ngakak banget pliss,ngakak banget pliss,Positif
SERUU BGT WOYYY😂😂😂,0,SERUU banget WOYYY,seruu banget woyyy,"['seruu', 'banget', 'woyyy']","['seruu', 'banget', 'woyyy']","['seruu', 'banget', 'woyyy']",seruu banget woyyy,seruu banget woyyy,Positif
ga nyangka kalau ternyata mereka bisa sefrekuensi wwkkwwkwkkwkkwkk,0,ga nyangka kalau ternyata mereka bisa sefrekuensi wwkkwwkwkkwkkwkk,ga nyangka kalau ternyata mereka bisa sefrekuensi wwkkwwkwkkwkkwkk,"['ga', 'nyangka', 'kalau', 'ternyata', 'mereka', 'bisa', 'sefrekuensi', 'wwkkwwkwkkwkkwkk']","['ga', 'nyangka', 'sefrekuensi', 'wwkkwwkwkkwkkwkk']","['ga', 'nyangka', 'frekuensi', 'wwkkwwkwkkwkkwkk']",ga nyangka frekuensi wwkkwwkwkkwkkwkk,ga nyangka frekuensi wwkkwwkwkkwkkwkk,Positif
GAKUAT LUCU BGTTTT 😭,0,GAKUAT LUCU BGTTTT,gakuat lucu bgtttt,"['gakuat', 'lucu', 'bgtttt']","['gakuat', 'lucu', 'bgtttt']","['gakuat', 'lucu', 'bgtttt']",gakuat lucu bgtttt,gakuat lucu bgtttt,Positif
SERU BGTT<br>BTWWW menyambut debut paling panas abad inii undang DANTEEEE dong hehe,0,SERU BGTT BTWWW menyambut debut paling panas abad inii undang DANTEEEE dong hehe,seru bgtt btwww menyambut debut paling panas abad inii undang danteeee dong hehe,"['seru', 'bgtt', 'btwww', 'menyambut', 'debut', 'paling', 'panas', 'abad', 'inii', 'undang', 'danteeee', 'dong', 'hehe']","['seru', 'bgtt', 'btwww', 'menyambut', 'debut', 'panas', 'abad', 'inii', 'undang', 'danteeee', 'hehe']","['seru', 'bgtt', 'btwww', 'sambut', 'debut', 'panas', 'abad', 'ini', 'undang', 'danteeee', 'hehe']",seru bgtt btwww sambut debut panas abad ini undang danteeee hehe,seru bgtt btwww sambut debut panas abad ini undang danteeee hehe,Positif
aduuuh gw suka lagi yg gak jelas gini,1,aduuuh saya suka lagi yang gak jelas gini,aduuuh saya suka lagi yang gak jelas gini,"['aduuuh', 'saya', 'suka', 'lagi', 'yang', 'gak', 'jelas', 'gini']","['aduuuh', 'suka', 'gak', 'gini']","['aduuuh', 'suka', 'gak', 'gin']",aduuuh suka gak gin,aduuuh suka gak gin,Positif
"Tapi sandy kayany emg nyambung sama siapa aja, dulu pas sering live tiktok .. rame kalau ada sandy",0,Tapi sandy kayany memang nyambung sama siapa aja dulu pas sering live tiktok rame kalau ada sandy,tapi sandy kayany memang nyambung sama siapa aja dulu pas sering live tiktok rame kalau ada sandy,"['tapi', 'sandy', 'kayany', 'memang', 'nyambung', 'sama', 'siapa', 'aja', 'dulu', 'pas', 'sering', 'live', 'tiktok', 'rame', 'kalau', 'ada', 'sandy']","['sandy', 'kayany', 'nyambung', 'aja', 'pas', 'live', 'tiktok', 'rame', 'sandy']","['sandy', 'kayany', 'nyambung', 'aja', 'pas', 'live', 'tiktok', 'rame', 'sandy']",sandy kayany nyambung aja pas live tiktok rame sandy,sandy kayany nyambung aja pas live tiktok rame sandy,Netral
aku yakin ini adalah podcast paling kuat untuk membantuku menyelesaikan skripsi!!!!,0,aku yakin ini adalah podcast paling kuat untuk membantuku menyelesaikan skripsi,aku yakin ini adalah podcast paling kuat untuk membantuku menyelesaikan skripsi,"['aku', 'yakin', 'ini', 'adalah', 'podcast', 'paling', 'kuat', 'untuk', 'membantuku', 'menyelesaikan', 'skripsi']","['podcast', 'kuat', 'membantuku', 'menyelesaikan', 'skripsi']","['podcast', 'kuat', 'bantu', 'selesai', 'skripsi']",podcast kuat bantu selesai skripsi,podcast kuat bantu selesai skripsi,Positif
"ya Allah baru menit menit awal ketawa gua udah pecah banget, ditonton ampe akhir tambah pecah ketawa guaa 😭😭",0,ya Allah baru menit menit awal ketawa gua udah pecah banget ditonton ampe akhir tambah pecah ketawa guaa,ya allah baru menit menit awal ketawa gua udah pecah banget ditonton ampe akhir tambah pecah ketawa guaa,"['ya', 'allah', 'baru', 'menit', 'menit', 'awal', 'ketawa', 'gua', 'udah', 'pecah', 'banget', 'ditonton', 'ampe', 'akhir', 'tambah', 'pecah', 'ketawa', 'guaa']","['ya', 'allah', 'menit', 'menit', 'ketawa', 'gua', 'udah', 'pecah', 'banget', 'ditonton', 'ampe', 'pecah', 'ketawa', 'guaa']","['ya', 'allah', 'menit', 'menit', 'ketawa', 'gua', 'udah', 'pecah', 'banget', 'tonton', 'ampe', 'pecah', 'ketawa', 'guaa']",ya allah menit menit ketawa gua udah pecah banget tonton ampe pecah ketawa guaa,ya allah menit menit ketawa gua udah pecah banget tonton ampe pecah ketawa guaa,Positif
asbunnya nyambung bgt lagii 😭🤣,0,asbunnya nyambung banget lagii,asbunnya nyambung banget lagii,"['asbunnya', 'nyambung', 'banget', 'lagii']","['asbunnya', 'nyambung', 'banget', 'lagii']","['asbunnya', 'nyambung', 'banget', 'lagi']",asbunnya nyambung banget lagi,asbunnya nyambung banget lagi,Positif
Undangan Maxwell coc,0,Undangan Maxwell coc,undangan maxwell coc,"['undangan', 'maxwell', 'coc']","['undangan', 'maxwell', 'coc']","['undang', 'maxwell', 'coc']",undang maxwell coc,undang maxwell coc,Netral
INI KENAPAAA DURASINYA GABISA DITAMBAH 24 jam SIIII😡😡😡😡,0,INI KENAPAAA DURASINYA GABISA DITAMBAH 24 jam SIIII,ini kenapaaa durasinya gabisa ditambah 24 jam siiii,"['ini', 'kenapaaa', 'durasinya', 'gabisa', 'ditambah', '24', 'jam', 'siiii']","['kenapaaa', 'durasinya', 'gabisa', 'ditambah', '24', 'jam', 'siiii']","['kenapaaa', 'durasi', 'gabisa', 'tambah', '24', 'jam', 'siiii']",kenapaaa durasi gabisa tambah 24 jam siiii,kenapaaa durasi gabisa tambah 24 jam siiii,Netral
sandy bnr bnr jokesnya,0,sandy bnr bnr jokesnya,sandy bnr bnr jokesnya,"['sandy', 'bnr', 'bnr', 'jokesnya']","['sandy', 'bnr', 'bnr', 'jokesnya']","['sandy', 'bnr', 'bnr', 'jokesnya']",sandy bnr bnr jokesnya,sandy bnr bnr jokesnya,Positif
hahaha lucuu bgttt,0,hahaha lucuu bgttt,hahaha lucuu bgttt,"['hahaha', 'lucuu', 'bgttt']","['hahaha', 'lucuu', 'bgttt']","['hahaha', 'lucuu', 'bgttt']",hahaha lucuu bgttt,hahaha lucuu bgttt,Positif
Ketawa sampe nangis,0,Ketawa sampe nangis,ketawa sampe nangis,"['ketawa', 'sampe', 'nangis']","['ketawa', 'sampe', 'nangis']","['ketawa', 'sampe', 'nang']",ketawa sampe nang,ketawa sampe nang,Positif
anjaayyyy,0,anjaayyyy,anjaayyyy,['anjaayyyy'],['anjaayyyy'],['anjaayyyy'],anjaayyyy,anjaayyyy,Positif
"Fanum tax buat 👑𝗔𝗟𝗘𝗫𝗜𝗦𝟭𝟳👑, saking berharganya!",0,Fanum tax buat saking berharganya,fanum tax buat saking berharganya,"['fanum', 'tax', 'buat', 'saking', 'berharganya']","['fanum', 'tax', 'saking', 'berharganya']","['fanum', 'tax', 'saking', 'harga']",fanum tax saking harga,fanum tax saking harga,Netral
"👑𝗔𝗟𝗘𝗫𝗜𝗦𝟭𝟳👑 emang slay, bikin iri! ✨",0,emang slay bikin iri,emang slay bikin iri,"['emang', 'slay', 'bikin', 'iri']","['emang', 'slay', 'bikin', 'iri']","['emang', 'slay', 'bikin', 'iri']",emang slay bikin iri,emang slay bikin iri,Positif
buset udh kelar aja.. kasih closingan bridging nya dong pak direktur orang waras biar ga tiba tiba bgt ending gini *hiks,0,buset sudah kelar aja kasih closingan bridging nya dong pak direktur orang waras biar ga tiba tiba banget ending gini hiks,buset sudah kelar aja kasih closingan bridging nya dong pak direktur orang waras biar ga tiba tiba banget ending gini hiks,"['buset', 'sudah', 'kelar', 'aja', 'kasih', 'closingan', 'bridging', 'nya', 'dong', 'pak', 'direktur', 'orang', 'waras', 'biar', 'ga', 'tiba', 'tiba', 'banget', 'ending', 'gini', 'hiks']","['buset', 'kelar', 'aja', 'kasih', 'closingan', 'bridging', 'nya', 'direktur', 'orang', 'waras', 'biar', 'ga', 'banget', 'ending', 'gini', 'hiks']","['buset', 'kelar', 'aja', 'kasih', 'closingan', 'bridging', 'nya', 'direktur', 'orang', 'waras', 'biar', 'ga', 'banget', 'ending', 'gin', 'hiks']",buset kelar aja kasih closingan bridging nya direktur orang waras biar ga banget ending gin hiks,buset kelar aja kasih closingan bridging nya direktur orang waras biar ga banget ending gin hiks,Negatif
&quot;orang waras S nya Sandy&quot; 😭😭,0,orang waras S nya Sandy,orang waras s nya sandy,"['orang', 'waras', 's', 'nya', 'sandy']","['orang', 'waras', 's', 'nya', 'sandy']","['orang', 'waras', 's', 'nya', 'sandy']",orang waras s nya sandy,orang waras s nya sandy,Netral
"Terima kasih atas di uploadnya video yang berdaging ini, alhamdulillah setelah nonton video ini di pagi hari sebelum berangkat untuk work life yang not balance, jadi berasa sehat dan bergizi, Terima Kasih, banyak-banyakin video bareng Sandy ya kalau bisa :), aku suka menu berdaging ini wkwkwk",0,Terima kasih atas di uploadnya video yang berdaging ini alhamdulillah setelah nonton video ini di pagi hari sebelum berangkat untuk work life yang not balance jadi berasa sehat dan bergizi Terima Kasih banyakbanyakin video bareng Sandy ya kalau bisa aku suka menu berdaging ini wkwkwk,terima kasih atas di uploadnya video yang berdaging ini alhamdulillah setelah nonton video ini di pagi hari sebelum berangkat untuk work life yang not balance jadi berasa sehat dan bergizi terima kasih banyakbanyakin video bareng sandy ya kalau bisa aku suka menu berdaging ini wkwkwk,"['terima', 'kasih', 'atas', 'di', 'uploadnya', 'video', 'yang', 'berdaging', 'ini', 'alhamdulillah', 'setelah', 'nonton', 'video', 'ini', 'di', 'pagi', 'hari', 'sebelum', 'berangkat', 'untuk', 'work', 'life', 'yang', 'not', 'balance', 'jadi', 'berasa', 'sehat', 'dan', 'bergizi', 'terima', 'kasih', 'banyakbanyakin', 'video', 'bareng', 'sandy', 'ya', 'kalau', 'bisa', 'aku', 'suka', 'menu', 'berdaging', 'ini', 'wkwkwk']","['terima', 'kasih', 'uploadnya', 'video', 'berdaging', 'alhamdulillah', 'nonton', 'video', 'pagi', 'berangkat', 'work', 'life', 'not', 'balance', 'berasa', 'sehat', 'bergizi', 'terima', 'kasih', 'banyakbanyakin', 'video', 'bareng', 'sandy', 'ya', 'suka', 'menu', 'berdaging', 'wkwkwk']","['terima', 'kasih', 'uploadnya', 'video', 'daging', 'alhamdulillah', 'nonton', 'video', 'pagi', 'berangkat', 'work', 'life', 'not', 'balance', 'asa', 'sehat', 'gizi', 'terima', 'kasih', 'banyakbanyakin', 'video', 'bareng', 'sandy', 'ya', 'suka', 'menu', 'daging', 'wkwkwk']",terima kasih uploadnya video daging alhamdulillah nonton video pagi berangkat work life not balance asa sehat gizi terima kasih banyakbanyakin video bareng sandy ya suka menu daging wkwkwk,terima kasih uploadnya video daging alhamdulillah nonton video pagi berangkat work life not balance asa sehat gizi terima kasih banyakbanyakin video bareng sandy ya suka menu daging wkwkwk,Positif
kasian bgt takut sandy pulang dari sini iqnya berkurang 20%😭😭😭,0,kasian banget takut sandy pulang dari sini iqnya berkurang 20,kasian banget takut sandy pulang dari sini iqnya berkurang 20,"['kasian', 'banget', 'takut', 'sandy', 'pulang', 'dari', 'sini', 'iqnya', 'berkurang', '20']","['kasian', 'banget', 'takut', 'sandy', 'pulang', 'iqnya', 'berkurang', '20']","['kasi', 'banget', 'takut', 'sandy', 'pulang', 'iqnya', 'kurang', '20']",kasi banget takut sandy pulang iqnya kurang 20,kasi banget takut sandy pulang iqnya kurang 20,Negatif
nyambung lagi mereka 😭😭,0,nyambung lagi mereka,nyambung lagi mereka,"['nyambung', 'lagi', 'mereka']",['nyambung'],['nyambung'],nyambung,nyambung,Positif
BIKIN PART 2 CEPETAN GA 😭👊🏻,0,BIKIN PART 2 CEPETAN GA,bikin part 2 cepetan ga,"['bikin', 'part', '2', 'cepetan', 'ga']","['bikin', 'part', '2', 'cepetan', 'ga']","['bikin', 'part', '2', 'cepetan', 'ga']",bikin part 2 cepetan ga,bikin part 2 cepetan ga,Positif
Sandy: 288<br>Mario: 😛,0,Sandy Mario,sandy mario,"['sandy', 'mario']","['sandy', 'mario']","['sandy', 'mario']",sandy mario,sandy mario,Netral
Astaga lucu banget 🤣🤣,0,Astaga lucu banget,astaga lucu banget,"['astaga', 'lucu', 'banget']","['astaga', 'lucu', 'banget']","['astaga', 'lucu', 'banget']",astaga lucu banget,astaga lucu banget,Positif
W NONTON INI 2 KALI SEHARI BJIR!,0,W NONTON INI 2 KALI SEHARI BJIR,w nonton ini 2 kali sehari bjir,"['w', 'nonton', 'ini', '2', 'kali', 'sehari', 'bjir']","['w', 'nonton', '2', 'kali', 'sehari', 'bjir']","['w', 'nonton', '2', 'kali', 'hari', 'bjir']",w nonton 2 kali hari bjir,w nonton 2 kali hari bjir,Netral
Ni capruk semuaaaa 😅😅,0,Ni capruk semuaaaa,ni capruk semuaaaa,"['ni', 'capruk', 'semuaaaa']","['ni', 'capruk', 'semuaaaa']","['ni', 'capruk', 'semuaaaa']",ni capruk semuaaaa,ni capruk semuaaaa,Negatif
Daging banget,0,Daging banget,daging banget,"['daging', 'banget']","['daging', 'banget']","['daging', 'banget']",daging banget,daging banget,Positif
Pantes mirip ternyata lahir nya aja samaan😂,0,Pantes mirip ternyata lahir nya aja samaan,pantes mirip ternyata lahir nya aja samaan,"['pantes', 'mirip', 'ternyata', 'lahir', 'nya', 'aja', 'samaan']","['pantes', 'lahir', 'nya', 'aja', 'samaan']","['pantes', 'lahir', 'nya', 'aja', 'sama']",pantes lahir nya aja sama,pantes lahir nya aja sama,Netral
Plisss laa 😭😭,0,Plisss laa,plisss laa,"['plisss', 'laa']","['plisss', 'laa']","['plisss', 'laa']",plisss laa,plisss laa,Positif
"Reputasi yg udah susah payah dibangun Sandy, ehhh dipatahkan disini HAHAHHAHAHAHAA",0,Reputasi yang udah susah payah dibangun Sandy ehhh dipatahkan disini HAHAHHAHAHAHAA,reputasi yang udah susah payah dibangun sandy ehhh dipatahkan disini hahahhahahahaa,"['reputasi', 'yang', 'udah', 'susah', 'payah', 'dibangun', 'sandy', 'ehhh', 'dipatahkan', 'disini', 'hahahhahahahaa']","['reputasi', 'udah', 'susah', 'payah', 'dibangun', 'sandy', 'ehhh', 'dipatahkan', 'hahahhahahahaa']","['reputasi', 'udah', 'susah', 'payah', 'bangun', 'sandy', 'ehhh', 'patah', 'hahahhahahahaa']",reputasi udah susah payah bangun sandy ehhh patah hahahhahahahaa,reputasi udah susah payah bangun sandy ehhh patah hahahhahahahaa,Positif
trending guys🎉,0,trending guys,trending guys,"['trending', 'guys']","['trending', 'guys']","['trending', 'guys']",trending guys,trending guys,Positif
Terimakasih sdh membuang wktu 32mnt ku dg kekosongan perkataan yang berharga,4,Terimakasih sdh membuang wktu 32mnt ku dg kekosongan perkataan yang berharga,terimakasih sdh membuang wktu 32mnt ku dg kekosongan perkataan yang berharga,"['terimakasih', 'sdh', 'membuang', 'wktu', '32mnt', 'ku', 'dg', 'kekosongan', 'perkataan', 'yang', 'berharga']","['terimakasih', 'sdh', 'membuang', 'wktu', '32mnt', 'ku', 'dg', 'kekosongan', 'perkataan', 'berharga']","['terimakasih', 'sdh', 'buang', 'wktu', '32mnt', 'ku', 'dg', 'kosong', 'kata', 'harga']",terimakasih sdh buang wktu 32mnt ku dg kosong kata harga,terimakasih sdh buang wktu 32mnt ku dg kosong kata harga,Netral
LUCU BGT ANJERRR,0,LUCU banget ANJERRR,lucu banget anjerrr,"['lucu', 'banget', 'anjerrr']","['lucu', 'banget', 'anjerrr']","['lucu', 'banget', 'anjerrr']",lucu banget anjerrr,lucu banget anjerrr,Positif
"Sandy, km kyknya harus cek kesehatan deh😊",0,Sandy km kyknya harus cek kesehatan deh,sandy km kyknya harus cek kesehatan deh,"['sandy', 'km', 'kyknya', 'harus', 'cek', 'kesehatan', 'deh']","['sandy', 'km', 'kyknya', 'cek', 'kesehatan', 'deh']","['sandy', 'km', 'kyknya', 'cek', 'sehat', 'deh']",sandy km kyknya cek sehat deh,sandy km kyknya cek sehat deh,Positif
terima kasih sudah hidup gaes,0,terima kasih sudah hidup gaes,terima kasih sudah hidup gaes,"['terima', 'kasih', 'sudah', 'hidup', 'gaes']","['terima', 'kasih', 'hidup', 'gaes']","['terima', 'kasih', 'hidup', 'gaes']",terima kasih hidup gaes,terima kasih hidup gaes,Positif
"Happy banget, hasil dari A͙M͙B͙Y͙A͙R͙G͙A͙C͙O͙R  bikin hariku makin ceria!",0,Happy banget hasil dari AMBYARGACOR bikin hariku makin ceria,happy banget hasil dari ambyargacor bikin hariku makin ceria,"['happy', 'banget', 'hasil', 'dari', 'ambyargacor', 'bikin', 'hariku', 'makin', 'ceria']","['happy', 'banget', 'hasil', 'ambyargacor', 'bikin', 'hariku', 'ceria']","['happy', 'banget', 'hasil', 'ambyargacor', 'bikin', 'hari', 'ceria']",happy banget hasil ambyargacor bikin hari ceria,happy banget hasil ambyargacor bikin hari ceria,Positif
"Rezeki tak terduga datang dari A͙M͙B͙Y͙A͙R͙G͙A͙C͙O͙R , makasih banyak!",0,Rezeki tak terduga datang dari AMBYARGACOR makasih banyak,rezeki tak terduga datang dari ambyargacor makasih banyak,"['rezeki', 'tak', 'terduga', 'datang', 'dari', 'ambyargacor', 'makasih', 'banyak']","['rezeki', 'terduga', 'ambyargacor', 'makasih']","['rezeki', 'duga', 'ambyargacor', 'makasih']",rezeki duga ambyargacor makasih,rezeki duga ambyargacor makasih,Positif
Capek bgt😭😭,0,Capek banget,capek banget,"['capek', 'banget']","['capek', 'banget']","['capek', 'banget']",capek banget,capek banget,Negatif
lucuuu bgt eps kali ini wkwkkwkkwwkkw,0,lucuuu banget eps kali ini wkwkkwkkwwkkw,lucuuu banget eps kali ini wkwkkwkkwwkkw,"['lucuuu', 'banget', 'eps', 'kali', 'ini', 'wkwkkwkkwwkkw']","['lucuuu', 'banget', 'eps', 'kali', 'wkwkkwkkwwkkw']","['lucuuu', 'banget', 'eps', 'kali', 'wkwkkwkkwwkkw']",lucuuu banget eps kali wkwkkwkkwwkkw,lucuuu banget eps kali wkwkkwkkwwkkw,Positif
aku udh rewatch ini 3x😭😭,0,aku sudah rewatch ini 3x,aku sudah rewatch ini 3x,"['aku', 'sudah', 'rewatch', 'ini', '3x']","['rewatch', '3x']","['rewatch', '3x']",rewatch 3x,rewatch 3x,Positif
eps favorite 😭😭😭😭🙌,0,eps favorite,eps favorite,"['eps', 'favorite']","['eps', 'favorite']","['eps', 'favorite']",eps favorite,eps favorite,Positif
lucu bgt gakuat,0,lucu banget gakuat,lucu banget gakuat,"['lucu', 'banget', 'gakuat']","['lucu', 'banget', 'gakuat']","['lucu', 'banget', 'gakuat']",lucu banget gakuat,lucu banget gakuat,Positif
brainrot parah ni podcast 😭😭😭,0,brainrot parah ni podcast,brainrot parah ni podcast,"['brainrot', 'parah', 'ni', 'podcast']","['brainrot', 'parah', 'ni', 'podcast']","['brainrot', 'parah', 'ni', 'podcast']",brainrot parah ni podcast,brainrot parah ni podcast,Negatif
BISA GA SI DURASINYA 1 JAM!!!,0,BISA GA SI DURASINYA 1 JAM,bisa ga si durasinya 1 jam,"['bisa', 'ga', 'si', 'durasinya', '1', 'jam']","['ga', 'si', 'durasinya', '1', 'jam']","['ga', 'si', 'durasi', '1', 'jam']",ga si durasi 1 jam,ga si durasi 1 jam,Netral
"foto teteh ganti ambivert edition dong, masa udh album kelima masih pake foto album handmade",0,foto teteh ganti ambivert edition dong masa sudah album kelima masih pake foto album handmade,foto teteh ganti ambivert edition dong masa sudah album kelima masih pake foto album handmade,"['foto', 'teteh', 'ganti', 'ambivert', 'edition', 'dong', 'masa', 'sudah', 'album', 'kelima', 'masih', 'pake', 'foto', 'album', 'handmade']","['foto', 'teteh', 'ganti', 'ambivert', 'edition', 'album', 'pake', 'foto', 'album', 'handmade']","['foto', 'teteh', 'ganti', 'ambivert', 'edition', 'album', 'pake', 'foto', 'album', 'handmade']",foto teteh ganti ambivert edition album pake foto album handmade,foto teteh ganti ambivert edition album pake foto album handmade,Netral
ga nyangka se-frekuensi ini mereka akwkwkwk,0,ga nyangka sefrekuensi ini mereka akwkwkwk,ga nyangka sefrekuensi ini mereka akwkwkwk,"['ga', 'nyangka', 'sefrekuensi', 'ini', 'mereka', 'akwkwkwk']","['ga', 'nyangka', 'sefrekuensi', 'akwkwkwk']","['ga', 'nyangka', 'frekuensi', 'akwkwkwk']",ga nyangka frekuensi akwkwkwk,ga nyangka frekuensi akwkwkwk,Positif
"<a href=""https://www.youtube.com/watch?v=CaklHISbki8&amp;t=1683"">28:03</a> detik detik sandy mulai terbawa arus😂😂😂",0,detik detik sandy mulai terbawa arus,detik detik sandy mulai terbawa arus,"['detik', 'detik', 'sandy', 'mulai', 'terbawa', 'arus']","['detik', 'detik', 'sandy', 'terbawa', 'arus']","['detik', 'detik', 'sandy', 'bawa', 'arus']",detik detik sandy bawa arus,detik detik sandy bawa arus,Netral
Universitas singapore airlines 😂😂😂,0,Universitas singapore airlines,universitas singapore airlines,"['universitas', 'singapore', 'airlines']","['universitas', 'singapore', 'airlines']","['universitas', 'singapore', 'airlines']",universitas singapore airlines,universitas singapore airlines,Netral
pecah bgt anjer😭,0,pecah banget anjer,pecah banget anjer,"['pecah', 'banget', 'anjer']","['pecah', 'banget', 'anjer']","['pecah', 'banget', 'anjer']",pecah banget anjer,pecah banget anjer,Positif
tolong selamatkan sandy agar tetap waras🙌,0,tolong selamatkan sandy agar tetap waras,tolong selamatkan sandy agar tetap waras,"['tolong', 'selamatkan', 'sandy', 'agar', 'tetap', 'waras']","['tolong', 'selamatkan', 'sandy', 'waras']","['tolong', 'selamat', 'sandy', 'waras']",tolong selamat sandy waras,tolong selamat sandy waras,Netral
Sandy… ga ekspek lu nyambung sama duo maia ini wkwkwk,1,Sandy ga ekspek lu nyambung sama duo maia ini wkwkwk,sandy ga ekspek lu nyambung sama duo maia ini wkwkwk,"['sandy', 'ga', 'ekspek', 'lu', 'nyambung', 'sama', 'duo', 'maia', 'ini', 'wkwkwk']","['sandy', 'ga', 'ekspek', 'lu', 'nyambung', 'duo', 'maia', 'wkwkwk']","['sandy', 'ga', 'ekspek', 'lu', 'nyambung', 'duo', 'maia', 'wkwkwk']",sandy ga ekspek lu nyambung duo maia wkwkwk,sandy ga ekspek lu nyambung duo maia wkwkwk,Positif
bjirr ngakakkk,0,bjirr ngakakkk,bjirr ngakakkk,"['bjirr', 'ngakakkk']","['bjirr', 'ngakakkk']","['bjirr', 'ngakakkk']",bjirr ngakakkk,bjirr ngakakkk,Positif
Bangga ternyata uns translet indo nus 🙂,0,Bangga ternyata uns translet indo nus,bangga ternyata uns translet indo nus,"['bangga', 'ternyata', 'uns', 'translet', 'indo', 'nus']","['bangga', 'uns', 'translet', 'indo', 'nus']","['bangga', 'uns', 'translet', 'indo', 'nus']",bangga uns translet indo nus,bangga uns translet indo nus,Positif
Niki sama Sandy mirip deehh mukanya😂,0,Niki sama Sandy mirip deehh mukanya,niki sama sandy mirip deehh mukanya,"['niki', 'sama', 'sandy', 'mirip', 'deehh', 'mukanya']","['niki', 'sandy', 'deehh', 'mukanya']","['nik', 'sandy', 'deehh', 'muka']",nik sandy deehh muka,nik sandy deehh muka,Positif
DIH UDAH GITU DOANG??!! 7 JAM LAH MINIMAL,0,DIH UDAH GITU DOANG 7 JAM LAH MINIMAL,dih udah gitu doang 7 jam lah minimal,"['dih', 'udah', 'gitu', 'doang', '7', 'jam', 'lah', 'minimal']","['dih', 'udah', 'gitu', 'doang', '7', 'jam', 'minimal']","['dih', 'udah', 'gitu', 'doang', '7', 'jam', 'minimal']",dih udah gitu doang 7 jam minimal,dih udah gitu doang 7 jam minimal,Negatif
gong banget pas baju sandy😭,1,gong banget pas baju sandy,gong banget pas baju sandy,"['gong', 'banget', 'pas', 'baju', 'sandy']","['gong', 'banget', 'pas', 'baju', 'sandy']","['gong', 'banget', 'pas', 'baju', 'sandy']",gong banget pas baju sandy,gong banget pas baju sandy,Positif
S7mpah kosong bsnge5 nih   $,0,S7mpah kosong bsnge5 nih,s7mpah kosong bsnge5 nih,"['s7mpah', 'kosong', 'bsnge5', 'nih']","['s7mpah', 'kosong', 'bsnge5', 'nih']","['s7mpah', 'kosong', 'bsnge5', 'nih']",s7mpah kosong bsnge5 nih,s7mpah kosong bsnge5 nih,Negatif
SERUUUUUUUUUUUUUUUUUUUUUUUUUUU,0,SERUUUUUUUUUUUUUUUUUUUUUUUUUUU,seruuuuuuuuuuuuuuuuuuuuuuuuuuu,['seruuuuuuuuuuuuuuuuuuuuuuuuuuu'],['seruuuuuuuuuuuuuuuuuuuuuuuuuuu'],['seruuuuuuuuuuuuuuuuuuuuuuuuuuu'],seruuuuuuuuuuuuuuuuuuuuuuuuuuu,seruuuuuuuuuuuuuuuuuuuuuuuuuuu,Positif
LUCUUUU BANGET,0,LUCUUUU BANGET,lucuuuu banget,"['lucuuuu', 'banget']","['lucuuuu', 'banget']","['lucuuuu', 'banget']",lucuuuu banget,lucuuuu banget,Positif
tiap abis nonton suka merenung sebenernya apa yg barusan aku tonton....,531,tiap abis nonton suka merenung sebenernya apa yang barusan aku tonton,tiap abis nonton suka merenung sebenernya apa yang barusan aku tonton,"['tiap', 'abis', 'nonton', 'suka', 'merenung', 'sebenernya', 'apa', 'yang', 'barusan', 'aku', 'tonton']","['abis', 'nonton', 'suka', 'merenung', 'sebenernya', 'barusan', 'tonton']","['abis', 'nonton', 'suka', 'renung', 'sebenernya', 'barusan', 'tonton']",abis nonton suka renung sebenernya barusan tonton,abis nonton suka renung sebenernya barusan tonton,Negatif
🤣🤣🤣🤣 ngakak sepanjang video,0,ngakak sepanjang video,ngakak sepanjang video,"['ngakak', 'sepanjang', 'video']","['ngakak', 'video']","['ngakak', 'video']",ngakak video,ngakak video,Positif
host nya speachless wwjjwjwj,0,host nya speachless wwjjwjwj,host nya speachless wwjjwjwj,"['host', 'nya', 'speachless', 'wwjjwjwj']","['host', 'nya', 'speachless', 'wwjjwjwj']","['host', 'nya', 'speachless', 'wwjjwjwj']",host nya speachless wwjjwjwj,host nya speachless wwjjwjwj,Positif
"tiba2 banget pak arif pak timbul, pesanggrahan 10 ya??!!🫵😫",0,tiba2 banget pak arif pak timbul pesanggrahan 10 ya,tiba2 banget pak arif pak timbul pesanggrahan 10 ya,"['tiba2', 'banget', 'pak', 'arif', 'pak', 'timbul', 'pesanggrahan', '10', 'ya']","['tiba2', 'banget', 'arif', 'timbul', 'pesanggrahan', '10', 'ya']","['tiba2', 'banget', 'arif', 'timbul', 'pesanggrahan', '10', 'ya']",tiba2 banget arif timbul pesanggrahan 10 ya,tiba2 banget arif timbul pesanggrahan 10 ya,Netral
ini yg jadi host sebnernya io niki atau sandy anjiiww wkwkjalknda,0,ini yang jadi host sebnernya io niki atau sandy anjiiww wkwkjalknda,ini yang jadi host sebnernya io niki atau sandy anjiiww wkwkjalknda,"['ini', 'yang', 'jadi', 'host', 'sebnernya', 'io', 'niki', 'atau', 'sandy', 'anjiiww', 'wkwkjalknda']","['host', 'sebnernya', 'io', 'niki', 'sandy', 'anjiiww', 'wkwkjalknda']","['host', 'sebnernya', 'io', 'nik', 'sandy', 'anjiiww', 'wkwkjalknda']",host sebnernya io nik sandy anjiiww wkwkjalknda,host sebnernya io nik sandy anjiiww wkwkjalknda,Positif
Gw merasakan indonesia emas dari podcast ini🎉,0,saya merasakan indonesia emas dari podcast ini,saya merasakan indonesia emas dari podcast ini,"['saya', 'merasakan', 'indonesia', 'emas', 'dari', 'podcast', 'ini']","['merasakan', 'indonesia', 'emas', 'podcast']","['rasa', 'indonesia', 'emas', 'podcast']",rasa indonesia emas podcast,rasa indonesia emas podcast,Positif
"Abis belajar mat wajib, terus nonton ini berasa mempertanyakan tujuan hidup banget ini😭😭😭😭",1,Abis belajar mat wajib terus nonton ini berasa mempertanyakan tujuan hidup banget ini,abis belajar mat wajib terus nonton ini berasa mempertanyakan tujuan hidup banget ini,"['abis', 'belajar', 'mat', 'wajib', 'terus', 'nonton', 'ini', 'berasa', 'mempertanyakan', 'tujuan', 'hidup', 'banget', 'ini']","['abis', 'belajar', 'mat', 'wajib', 'nonton', 'berasa', 'tujuan', 'hidup', 'banget']","['abis', 'ajar', 'mat', 'wajib', 'nonton', 'asa', 'tuju', 'hidup', 'banget']",abis ajar mat wajib nonton asa tuju hidup banget,abis ajar mat wajib nonton asa tuju hidup banget,Positif
NI-KI... KOK TAMUNYA MIRIP KAMU???? apakah k-kalian katak beradik,0,NIKI KOK TAMUNYA MIRIP KAMU apakah kkalian katak beradik,niki kok tamunya mirip kamu apakah kkalian katak beradik,"['niki', 'kok', 'tamunya', 'mirip', 'kamu', 'apakah', 'kkalian', 'katak', 'beradik']","['niki', 'tamunya', 'kkalian', 'katak', 'beradik']","['nik', 'tamu', 'kkalian', 'katak', 'adik']",nik tamu kkalian katak adik,nik tamu kkalian katak adik,Netral
"tadi lewat dikit di tiktok,akhirnya nonton full,dari awal nonton ngakak mulu😭😭😭",0,tadi lewat dikit di tiktokakhirnya nonton fulldari awal nonton ngakak mulu,tadi lewat dikit di tiktokakhirnya nonton fulldari awal nonton ngakak mulu,"['tadi', 'lewat', 'dikit', 'di', 'tiktokakhirnya', 'nonton', 'fulldari', 'awal', 'nonton', 'ngakak', 'mulu']","['dikit', 'tiktokakhirnya', 'nonton', 'fulldari', 'nonton', 'ngakak', 'mulu']","['dikit', 'tiktokakhirnya', 'nonton', 'fulldari', 'nonton', 'ngakak', 'mulu']",dikit tiktokakhirnya nonton fulldari nonton ngakak mulu,dikit tiktokakhirnya nonton fulldari nonton ngakak mulu,Positif
dari awal udah DAGING semua!,0,dari awal udah DAGING semua,dari awal udah daging semua,"['dari', 'awal', 'udah', 'daging', 'semua']","['udah', 'daging']","['udah', 'daging']",udah daging,udah daging,Positif
MANA EPS 166666,0,MANA EPS,mana eps,"['mana', 'eps']",['eps'],['eps'],eps,eps,Netral
"<a href=""https://www.youtube.com/watch?v=CaklHISbki8&amp;t=1731"">28:51</a>  ga ekspek😭",0,ga ekspek,ga ekspek,"['ga', 'ekspek']","['ga', 'ekspek']","['ga', 'ekspek']",ga ekspek,ga ekspek,Positif
cape nya ya allah,0,cape nya ya allah,cape nya ya allah,"['cape', 'nya', 'ya', 'allah']","['cape', 'nya', 'ya', 'allah']","['cape', 'nya', 'ya', 'allah']",cape nya ya allah,cape nya ya allah,Negatif
IBRAHIMOVIC🤣🤣🤣,0,IBRAHIMOVIC,ibrahimovic,['ibrahimovic'],['ibrahimovic'],['ibrahimovic'],ibrahimovic,ibrahimovic,Netral
Gokil ngundang joe sandy,0,Gokil ngundang joe sandy,gokil ngundang joe sandy,"['gokil', 'ngundang', 'joe', 'sandy']","['gokil', 'ngundang', 'joe', 'sandy']","['gokil', 'ngundang', 'joe', 'sandy']",gokil ngundang joe sandy,gokil ngundang joe sandy,Positif
Wkkww muka nya kyak orang bener,0,Wkkww muka nya kyak orang bener,wkkww muka nya kyak orang bener,"['wkkww', 'muka', 'nya', 'kyak', 'orang', 'bener']","['wkkww', 'muka', 'nya', 'kyak', 'orang', 'bener']","['wkkww', 'muka', 'nya', 'kyak', 'orang', 'bener']",wkkww muka nya kyak orang bener,wkkww muka nya kyak orang bener,Positif
"bener bener nambah wawasan bgt ya, keren bgt bikin org jadi terinspirasi☺️",0,bener bener nambah wawasan banget ya keren banget bikin org jadi terinspirasi,bener bener nambah wawasan banget ya keren banget bikin org jadi terinspirasi,"['bener', 'bener', 'nambah', 'wawasan', 'banget', 'ya', 'keren', 'banget', 'bikin', 'org', 'jadi', 'terinspirasi']","['bener', 'bener', 'nambah', 'wawasan', 'banget', 'ya', 'keren', 'banget', 'bikin', 'org', 'terinspirasi']","['bener', 'bener', 'nambah', 'wawas', 'banget', 'ya', 'keren', 'banget', 'bikin', 'org', 'inspirasi']",bener bener nambah wawas banget ya keren banget bikin org inspirasi,bener bener nambah wawas banget ya keren banget bikin org inspirasi,Positif
"ini mah emang jiwanya sandy, makanya nyambung wkwkwk",1,ini mah emang jiwanya sandy makanya nyambung wkwkwk,ini mah emang jiwanya sandy makanya nyambung wkwkwk,"['ini', 'mah', 'emang', 'jiwanya', 'sandy', 'makanya', 'nyambung', 'wkwkwk']","['mah', 'emang', 'jiwanya', 'sandy', 'nyambung', 'wkwkwk']","['mah', 'emang', 'jiwa', 'sandy', 'nyambung', 'wkwkwk']",mah emang jiwa sandy nyambung wkwkwk,mah emang jiwa sandy nyambung wkwkwk,Positif
ngevibe bgt sendi ahahahahah 😭,0,ngevibe banget sendi ahahahahah,ngevibe banget sendi ahahahahah,"['ngevibe', 'banget', 'sendi', 'ahahahahah']","['ngevibe', 'banget', 'sendi', 'ahahahahah']","['ngevibe', 'banget', 'sendi', 'ahahahahah']",ngevibe banget sendi ahahahahah,ngevibe banget sendi ahahahahah,Positif
Episode ter lucu ter absurd. Ampe bengek,1,Episode ter lucu ter absurd Ampe bengek,episode ter lucu ter absurd ampe bengek,"['episode', 'ter', 'lucu', 'ter', 'absurd', 'ampe', 'bengek']","['episode', 'ter', 'lucu', 'ter', 'absurd', 'ampe', 'bengek']","['episode', 'ter', 'lucu', 'ter', 'absurd', 'ampe', 'bengek']",episode ter lucu ter absurd ampe bengek,episode ter lucu ter absurd ampe bengek,Positif
terima kasih bg niki ak merasa waras hbis liat ini video,1,terima kasih bg niki saya merasa waras hbis liat ini video,terima kasih bg niki saya merasa waras hbis liat ini video,"['terima', 'kasih', 'bg', 'niki', 'saya', 'merasa', 'waras', 'hbis', 'liat', 'ini', 'video']","['terima', 'kasih', 'bg', 'niki', 'waras', 'hbis', 'liat', 'video']","['terima', 'kasih', 'bg', 'nik', 'waras', 'hbis', 'liat', 'video']",terima kasih bg nik waras hbis liat video,terima kasih bg nik waras hbis liat video,Positif
Ditunggu sampai part 5,0,Ditunggu sampai part 5,ditunggu sampai part 5,"['ditunggu', 'sampai', 'part', '5']","['ditunggu', 'part', '5']","['tunggu', 'part', '5']",tunggu part 5,tunggu part 5,Netral
Ini bisa ga podcast lagi tapi durasi nya 10 jam,1,Ini bisa ga podcast lagi tapi durasi nya 10 jam,ini bisa ga podcast lagi tapi durasi nya 10 jam,"['ini', 'bisa', 'ga', 'podcast', 'lagi', 'tapi', 'durasi', 'nya', '10', 'jam']","['ga', 'podcast', 'durasi', 'nya', '10', 'jam']","['ga', 'podcast', 'durasi', 'nya', '10', 'jam']",ga podcast durasi nya 10 jam,ga podcast durasi nya 10 jam,Netral
LUCUU BANGET ANJIR GAKUAATT 😭😭😭,1,LUCUU BANGET ANJIR GAKUAATT,lucuu banget anjir gakuaatt,"['lucuu', 'banget', 'anjir', 'gakuaatt']","['lucuu', 'banget', 'anjir', 'gakuaatt']","['lucuu', 'banget', 'anjir', 'gakuaatt']",lucuu banget anjir gakuaatt,lucuu banget anjir gakuaatt,Positif
"<a href=""https://www.youtube.com/watch?v=CaklHISbki8&amp;t=1192"">19:52</a> gw bingung kan nama axel itu dibaca Axel kan excel ko mereka manggil axel eksel sih",0,saya bingung kan nama axel itu dibaca Axel kan excel ko mereka manggil axel eksel sih,saya bingung kan nama axel itu dibaca axel kan excel ko mereka manggil axel eksel sih,"['saya', 'bingung', 'kan', 'nama', 'axel', 'itu', 'dibaca', 'axel', 'kan', 'excel', 'ko', 'mereka', 'manggil', 'axel', 'eksel', 'sih']","['bingung', 'nama', 'axel', 'dibaca', 'axel', 'excel', 'ko', 'manggil', 'axel', 'eksel', 'sih']","['bingung', 'nama', 'axel', 'baca', 'axel', 'excel', 'ko', 'manggil', 'axel', 'eksel', 'sih']",bingung nama axel baca axel excel ko manggil axel eksel sih,bingung nama axel baca axel excel ko manggil axel eksel sih,Netral
"Ngakak bgt liat ekspresi niky kena prank sandy haha pamungkasnya &quot;pak timbul, pak arif guru yg paling buncitt&quot; 😂😂😂😂😂",0,Ngakak banget liat ekspresi niky kena prank sandy haha pamungkasnya pak timbul pak arif guru yang paling buncitt,ngakak banget liat ekspresi niky kena prank sandy haha pamungkasnya pak timbul pak arif guru yang paling buncitt,"['ngakak', 'banget', 'liat', 'ekspresi', 'niky', 'kena', 'prank', 'sandy', 'haha', 'pamungkasnya', 'pak', 'timbul', 'pak', 'arif', 'guru', 'yang', 'paling', 'buncitt']","['ngakak', 'banget', 'liat', 'ekspresi', 'niky', 'kena', 'prank', 'sandy', 'haha', 'pamungkasnya', 'timbul', 'arif', 'guru', 'buncitt']","['ngakak', 'banget', 'liat', 'ekspresi', 'niky', 'kena', 'prank', 'sandy', 'haha', 'pamungkas', 'timbul', 'arif', 'guru', 'buncitt']",ngakak banget liat ekspresi niky kena prank sandy haha pamungkas timbul arif guru buncitt,ngakak banget liat ekspresi niky kena prank sandy haha pamungkas timbul arif guru buncitt,Positif
Inimah keluarga asbun,0,Inimah keluarga asbun,inimah keluarga asbun,"['inimah', 'keluarga', 'asbun']","['inimah', 'keluarga', 'asbun']","['inimah', 'keluarga', 'asbun']",inimah keluarga asbun,inimah keluarga asbun,Negatif
Kumpulan pria warass,0,Kumpulan pria warass,kumpulan pria warass,"['kumpulan', 'pria', 'warass']","['kumpulan', 'pria', 'warass']","['kumpul', 'pria', 'warass']",kumpul pria warass,kumpul pria warass,Positif
ngapa sih sereceh ini gua 😂😂,0,ngapa sih sereceh ini gua,ngapa sih sereceh ini gua,"['ngapa', 'sih', 'sereceh', 'ini', 'gua']","['ngapa', 'sih', 'sereceh', 'gua']","['ngapa', 'sih', 'receh', 'gua']",ngapa sih receh gua,ngapa sih receh gua,Positif
Absurd banget 😭😭🤣🤣,0,Absurd banget,absurd banget,"['absurd', 'banget']","['absurd', 'banget']","['absurd', 'banget']",absurd banget,absurd banget,Negatif
Seru juga ya ngomong ng masuk akal gini🤧-candaa (btw aku 1 mei jga),0,Seru juga ya ngomong ng masuk akal ginicandaa btw aku 1 mei jga,seru juga ya ngomong ng masuk akal ginicandaa btw aku 1 mei jga,"['seru', 'juga', 'ya', 'ngomong', 'ng', 'masuk', 'akal', 'ginicandaa', 'btw', 'aku', '1', 'mei', 'jga']","['seru', 'ya', 'ngomong', 'ng', 'masuk', 'akal', 'ginicandaa', 'btw', '1', 'mei', 'jga']","['seru', 'ya', 'ngomong', 'ng', 'masuk', 'akal', 'ginicandaa', 'btw', '1', 'mei', 'jga']",seru ya ngomong ng masuk akal ginicandaa btw 1 mei jga,seru ya ngomong ng masuk akal ginicandaa btw 1 mei jga,Positif
"<a href=""https://www.youtube.com/watch?v=CaklHISbki8&amp;t=1744"">29:04</a> im dead😭😭",0,im dead,im dead,"['im', 'dead']","['im', 'dead']","['im', 'dead']",im dead,im dead,Positif
Heh sandy stooppp!!😂😭😭,0,Heh sandy stooppp,heh sandy stooppp,"['heh', 'sandy', 'stooppp']","['heh', 'sandy', 'stooppp']","['heh', 'sandy', 'stooppp']",heh sandy stooppp,heh sandy stooppp,Negatif
Pecah banget pas setelah bilang Axel😭 malah kayak tebak²an🤣🤣,0,Pecah banget pas setelah bilang Axel malah kayak tebakan,pecah banget pas setelah bilang axel malah kayak tebakan,"['pecah', 'banget', 'pas', 'setelah', 'bilang', 'axel', 'malah', 'kayak', 'tebakan']","['pecah', 'banget', 'pas', 'bilang', 'axel', 'kayak', 'tebakan']","['pecah', 'banget', 'pas', 'bilang', 'axel', 'kayak', 'tebak']",pecah banget pas bilang axel kayak tebak,pecah banget pas bilang axel kayak tebak,Positif
"lucu bgt anjrit satu episode gue sampe sesek nafas ngakak mulu, sandy adalah lawan sepadan ☝😭",0,lucu banget anjrit satu episode gue sampe sesek nafas ngakak mulu sandy adalah lawan sepadan,lucu banget anjrit satu episode gue sampe sesek nafas ngakak mulu sandy adalah lawan sepadan,"['lucu', 'banget', 'anjrit', 'satu', 'episode', 'gue', 'sampe', 'sesek', 'nafas', 'ngakak', 'mulu', 'sandy', 'adalah', 'lawan', 'sepadan']","['lucu', 'banget', 'anjrit', 'episode', 'gue', 'sampe', 'sesek', 'nafas', 'ngakak', 'mulu', 'sandy', 'lawan', 'sepadan']","['lucu', 'banget', 'anjrit', 'episode', 'gue', 'sampe', 'sek', 'nafas', 'ngakak', 'mulu', 'sandy', 'lawan', 'padan']",lucu banget anjrit episode gue sampe sek nafas ngakak mulu sandy lawan padan,lucu banget anjrit episode gue sampe sek nafas ngakak mulu sandy lawan padan,Positif
WKWKWKWKWK KOCAK,0,WKWKWKWKWK KOCAK,wkwkwkwkwk kocak,"['wkwkwkwkwk', 'kocak']","['wkwkwkwkwk', 'kocak']","['wkwkwkwkwk', 'kocak']",wkwkwkwkwk kocak,wkwkwkwkwk kocak,Positif
Endingnya ga espek bangett ngakak 😂😂😂,0,Endingnya ga espek bangett ngakak,endingnya ga espek bangett ngakak,"['endingnya', 'ga', 'espek', 'bangett', 'ngakak']","['endingnya', 'ga', 'espek', 'bangett', 'ngakak']","['endingnya', 'ga', 'espek', 'bangett', 'ngakak']",endingnya ga espek bangett ngakak,endingnya ga espek bangett ngakak,Positif
Universitas negeri singapura 😂,0,Universitas negeri singapura,universitas negeri singapura,"['universitas', 'negeri', 'singapura']","['universitas', 'negeri', 'singapura']","['universitas', 'negeri', 'singapura']",universitas negeri singapura,universitas negeri singapura,Netral
Banyakin Collabs donggg bertigaa huhuuuu seruuuuuuuuuuuuuuuuuuuuuu!,0,Banyakin Collabs donggg bertigaa huhuuuu seruuuuuuuuuuuuuuuuuuuuuu,banyakin collabs donggg bertigaa huhuuuu seruuuuuuuuuuuuuuuuuuuuuu,"['banyakin', 'collabs', 'donggg', 'bertigaa', 'huhuuuu', 'seruuuuuuuuuuuuuuuuuuuuuu']","['banyakin', 'collabs', 'donggg', 'bertigaa', 'huhuuuu', 'seruuuuuuuuuuuuuuuuuuuuuu']","['banyakin', 'collabs', 'donggg', 'bertigaa', 'huhuuuu', 'seruuuuuuuuuuuuuuuuuuuuuu']",banyakin collabs donggg bertigaa huhuuuu seruuuuuuuuuuuuuuuuuuuuuu,banyakin collabs donggg bertigaa huhuuuu seruuuuuuuuuuuuuuuuuuuuuu,Positif
Uns ma universitas sebelas maret surakarta😔,0,Uns ma universitas sebelas maret surakarta,uns ma universitas sebelas maret surakarta,"['uns', 'ma', 'universitas', 'sebelas', 'maret', 'surakarta']","['uns', 'ma', 'universitas', 'sebelas', 'maret', 'surakarta']","['uns', 'ma', 'universitas', 'sebelas', 'maret', 'surakarta']",uns ma universitas sebelas maret surakarta,uns ma universitas sebelas maret surakarta,Netral
Si Sandy² itu yg ga pernah lupa sahabatnya,0,Si Sandy itu yang ga pernah lupa sahabatnya,si sandy itu yang ga pernah lupa sahabatnya,"['si', 'sandy', 'itu', 'yang', 'ga', 'pernah', 'lupa', 'sahabatnya']","['si', 'sandy', 'ga', 'lupa', 'sahabatnya']","['si', 'sandy', 'ga', 'lupa', 'sahabat']",si sandy ga lupa sahabat,si sandy ga lupa sahabat,Positif
SUMPAH INI PODCAST TERSERUU,0,SUMPAH INI PODCAST TERSERUU,sumpah ini podcast terseruu,"['sumpah', 'ini', 'podcast', 'terseruu']","['sumpah', 'podcast', 'terseruu']","['sumpah', 'podcast', 'terseruu']",sumpah podcast terseruu,sumpah podcast terseruu,Positif
make ni orang,0,make ni orang,make ni orang,"['make', 'ni', 'orang']","['make', 'ni', 'orang']","['make', 'ni', 'orang']",make ni orang,make ni orang,Negatif
Sandy bertemu dengan habitatnya ekwkw,0,Sandy bertemu dengan habitatnya ekwkw,sandy bertemu dengan habitatnya ekwkw,"['sandy', 'bertemu', 'dengan', 'habitatnya', 'ekwkw']","['sandy', 'bertemu', 'habitatnya', 'ekwkw']","['sandy', 'temu', 'habitat', 'ekwkw']",sandy temu habitat ekwkw,sandy temu habitat ekwkw,Netral
"waras bangett aku nontonn iniii, ga ekspek closingnya kocakk",0,waras bangett aku nontonn iniii ga ekspek closingnya kocakk,waras bangett aku nontonn iniii ga ekspek closingnya kocakk,"['waras', 'bangett', 'aku', 'nontonn', 'iniii', 'ga', 'ekspek', 'closingnya', 'kocakk']","['waras', 'bangett', 'nontonn', 'iniii', 'ga', 'ekspek', 'closingnya', 'kocakk']","['waras', 'bangett', 'nontonn', 'iniii', 'ga', 'ekspek', 'closingnya', 'kocakk']",waras bangett nontonn iniii ga ekspek closingnya kocakk,waras bangett nontonn iniii ga ekspek closingnya kocakk,Positif
next keluarin album nya ya❤,0,next keluarin album nya ya,next keluarin album nya ya,"['next', 'keluarin', 'album', 'nya', 'ya']","['next', 'keluarin', 'album', 'nya', 'ya']","['next', 'keluarin', 'album', 'nya', 'ya']",next keluarin album nya ya,next keluarin album nya ya,Netral
akhirnya bisa makan,0,akhirnya bisa makan,akhirnya bisa makan,"['akhirnya', 'bisa', 'makan']",['makan'],['makan'],makan,makan,Positif
ini durasinya gabisa 5 hari?,1,ini durasinya gabisa 5 hari,ini durasinya gabisa 5 hari,"['ini', 'durasinya', 'gabisa', '5', 'hari']","['durasinya', 'gabisa', '5']","['durasi', 'gabisa', '5']",durasi gabisa 5,durasi gabisa 5,Netral
ati- ati Sandy IQ lu berkurang 😂,0,ati ati Sandy IQ lu berkurang,ati ati sandy iq lu berkurang,"['ati', 'ati', 'sandy', 'iq', 'lu', 'berkurang']","['ati', 'ati', 'sandy', 'iq', 'lu', 'berkurang']","['ati', 'ati', 'sandy', 'iq', 'lu', 'kurang']",ati ati sandy iq lu kurang,ati ati sandy iq lu kurang,Negatif
Takut iq sandy turun😭,2822,Takut iq sandy turun,takut iq sandy turun,"['takut', 'iq', 'sandy', 'turun']","['takut', 'iq', 'sandy', 'turun']","['takut', 'iq', 'sandy', 'turun']",takut iq sandy turun,takut iq sandy turun,Negatif
baru mau nyari,0,baru mau nyari,baru mau nyari,"['baru', 'mau', 'nyari']",['nyari'],['nyari'],nyari,nyari,Netral
SERU BGT PLS,0,SERU banget PLS,seru banget pls,"['seru', 'banget', 'pls']","['seru', 'banget', 'pls']","['seru', 'banget', 'pls']",seru banget pls,seru banget pls,Positif
plis aku setuju kalian ikut family 100 😭😭,2,plis aku setuju kalian ikut family,plis aku setuju kalian ikut family,"['plis', 'aku', 'setuju', 'kalian', 'ikut', 'family']","['plis', 'setuju', 'family']","['plis', 'tuju', 'family']",plis tuju family,plis tuju family,Positif
yang waras waras aja😭,0,yang waras waras aja,yang waras waras aja,"['yang', 'waras', 'waras', 'aja']","['waras', 'waras', 'aja']","['waras', 'waras', 'aja']",waras waras aja,waras waras aja,Positif
09.10 Niki lo cuma banggain tgl lahir yg sama😂,0,0910 Niki lo cuma banggain tanggal lahir yang sama,0910 niki lo cuma banggain tanggal lahir yang sama,"['0910', 'niki', 'lo', 'cuma', 'banggain', 'tanggal', 'lahir', 'yang', 'sama']","['0910', 'niki', 'lo', 'banggain', 'tanggal', 'lahir']","['0910', 'nik', 'lo', 'banggain', 'tanggal', 'lahir']",0910 nik lo banggain tanggal lahir,0910 nik lo banggain tanggal lahir,Netral
Niki resah banget pas dijelasin😂,0,Niki resah banget pas dijelasin,niki resah banget pas dijelasin,"['niki', 'resah', 'banget', 'pas', 'dijelasin']","['niki', 'resah', 'banget', 'pas', 'dijelasin']","['nik', 'resah', 'banget', 'pas', 'dijelasin']",nik resah banget pas dijelasin,nik resah banget pas dijelasin,Negatif
"<a href=""https://www.youtube.com/watch?v=CaklHISbki8&amp;t=1350"">22:30</a> kenapa lucu bgt pls",14,kenapa lucu banget pls,kenapa lucu banget pls,"['kenapa', 'lucu', 'banget', 'pls']","['lucu', 'banget', 'pls']","['lucu', 'banget', 'pls']",lucu banget pls,lucu banget pls,Positif
Bermanfaat banget deh podcast ini. Lumayan buat bahan marinasi ayam.,0,Bermanfaat banget deh podcast ini Lumayan buat bahan marinasi ayam,bermanfaat banget deh podcast ini lumayan buat bahan marinasi ayam,"['bermanfaat', 'banget', 'deh', 'podcast', 'ini', 'lumayan', 'buat', 'bahan', 'marinasi', 'ayam']","['bermanfaat', 'banget', 'deh', 'podcast', 'lumayan', 'bahan', 'marinasi', 'ayam']","['manfaat', 'banget', 'deh', 'podcast', 'lumayan', 'bahan', 'marinasi', 'ayam']",manfaat banget deh podcast lumayan bahan marinasi ayam,manfaat banget deh podcast lumayan bahan marinasi ayam,Positif
"ngakak bgt yg part ini <a href=""https://www.youtube.com/watch?v=CaklHISbki8&amp;t=630"">10:30</a>",0,ngakak banget yang part ini,ngakak banget yang part ini,"['ngakak', 'banget', 'yang', 'part', 'ini']","['ngakak', 'banget', 'part']","['ngakak', 'banget', 'part']",ngakak banget part,ngakak banget part,Positif
jadi waras banget nonton podkes ini,0,jadi waras banget nonton podcast ini,jadi waras banget nonton podcast ini,"['jadi', 'waras', 'banget', 'nonton', 'podcast', 'ini']","['waras', 'banget', 'nonton', 'podcast']","['waras', 'banget', 'nonton', 'podcast']",waras banget nonton podcast,waras banget nonton podcast,Positif
Nyetel anjiir😭,0,Nyetel anjiir,nyetel anjiir,"['nyetel', 'anjiir']","['nyetel', 'anjiir']","['nyetel', 'anjiir']",nyetel anjiir,nyetel anjiir,Positif
pecahhh ngakak polll 😭🤣🤣,0,pecahhh ngakak polll,pecahhh ngakak polll,"['pecahhh', 'ngakak', 'polll']","['pecahhh', 'ngakak', 'polll']","['pecahhh', 'ngakak', 'polll']",pecahhh ngakak polll,pecahhh ngakak polll,Positif
AHAHAHAH LUCU BGT KALIANN BESTT!!,0,AHAHAHAH LUCU banget KALIANN BESTT,ahahahah lucu banget kaliann bestt,"['ahahahah', 'lucu', 'banget', 'kaliann', 'bestt']","['ahahahah', 'lucu', 'banget', 'kaliann', 'bestt']","['ahahahah', 'lucu', 'banget', 'kaliann', 'bestt']",ahahahah lucu banget kaliann bestt,ahahahah lucu banget kaliann bestt,Positif
"<a href=""https://www.youtube.com/watch?v=CaklHISbki8&amp;t=1192"">19:52</a> - <a href=""https://www.youtube.com/watch?v=CaklHISbki8&amp;t=1215"">20:15</a> : cuma orang-orang smart yg bisa begini 🤙🏻<br>nice editor 🫰🏻",106,cuma orangorang smart yang bisa begini nice editor,cuma orangorang smart yang bisa begini nice editor,"['cuma', 'orangorang', 'smart', 'yang', 'bisa', 'begini', 'nice', 'editor']","['orangorang', 'smart', 'nice', 'editor']","['orangorang', 'smart', 'nice', 'editor']",orangorang smart nice editor,orangorang smart nice editor,Positif
"Niki sm mario tipikal kakak adik bangetttt, si mario krn dia kakak sukanya ngebully adiknya niki wkwk, jadi keinget adik2 ku",0,Niki sama mario tipikal kakak adik bangetttt si mario krn dia kakak sukanya ngebully adiknya niki wkwk jadi keinget adik2 ku,niki sama mario tipikal kakak adik bangetttt si mario krn dia kakak sukanya ngebully adiknya niki wkwk jadi keinget adik2 ku,"['niki', 'sama', 'mario', 'tipikal', 'kakak', 'adik', 'bangetttt', 'si', 'mario', 'krn', 'dia', 'kakak', 'sukanya', 'ngebully', 'adiknya', 'niki', 'wkwk', 'jadi', 'keinget', 'adik2', 'ku']","['niki', 'mario', 'tipikal', 'kakak', 'adik', 'bangetttt', 'si', 'mario', 'krn', 'kakak', 'sukanya', 'ngebully', 'adiknya', 'niki', 'wkwk', 'keinget', 'adik2', 'ku']","['nik', 'mario', 'tipikal', 'kakak', 'adik', 'bangetttt', 'si', 'mario', 'krn', 'kakak', 'suka', 'ngebully', 'adik', 'nik', 'wkwk', 'keinget', 'adik2', 'ku']",nik mario tipikal kakak adik bangetttt si mario krn kakak suka ngebully adik nik wkwk keinget adik2 ku,nik mario tipikal kakak adik bangetttt si mario krn kakak suka ngebully adik nik wkwk keinget adik2 ku,Positif
Durasinya kurang seabad😢,0,Durasinya kurang seabad,durasinya kurang seabad,"['durasinya', 'kurang', 'seabad']","['durasinya', 'seabad']","['durasi', 'abad']",durasi abad,durasi abad,Netral
Pada asbun banget😂😂😂,0,Pada asbun banget,pada asbun banget,"['pada', 'asbun', 'banget']","['asbun', 'banget']","['asbun', 'banget']",asbun banget,asbun banget,Negatif
lucuuu bangett,0,lucuuu bangett,lucuuu bangett,"['lucuuu', 'bangett']","['lucuuu', 'bangett']","['lucuuu', 'bangett']",lucuuu bangett,lucuuu bangett,Positif
LUCUU BNGGEETT ANJRRR😭😭😭,0,LUCUU BNGGEETT ANJRRR,lucuu bnggeett anjrrr,"['lucuu', 'bnggeett', 'anjrrr']","['lucuu', 'bnggeett', 'anjrrr']","['lucuu', 'bnggeett', 'anjrrr']",lucuu bnggeett anjrrr,lucuu bnggeett anjrrr,Positif
SUMPAAH LUCUNYA DAPAT BANGET 😂😂😂😂,0,SUMPAAH LUCUNYA DAPAT BANGET,sumpaah lucunya dapat banget,"['sumpaah', 'lucunya', 'dapat', 'banget']","['sumpaah', 'lucunya', 'banget']","['sumpaah', 'lucu', 'banget']",sumpaah lucu banget,sumpaah lucu banget,Positif
sumpah gak boong aku ngakak sepanjang nonton ini😭😭,0,sumpah gak boong aku ngakak sepanjang nonton ini,sumpah gak boong aku ngakak sepanjang nonton ini,"['sumpah', 'gak', 'boong', 'aku', 'ngakak', 'sepanjang', 'nonton', 'ini']","['sumpah', 'gak', 'boong', 'ngakak', 'nonton']","['sumpah', 'gak', 'boong', 'ngakak', 'nonton']",sumpah gak boong ngakak nonton,sumpah gak boong ngakak nonton,Positif
Sandyyy ternyata cocok banget sama mereka wkwkwk,0,Sandyyy ternyata cocok banget sama mereka wkwkwk,sandyyy ternyata cocok banget sama mereka wkwkwk,"['sandyyy', 'ternyata', 'cocok', 'banget', 'sama', 'mereka', 'wkwkwk']","['sandyyy', 'cocok', 'banget', 'wkwkwk']","['sandyyy', 'cocok', 'banget', 'wkwkwk']",sandyyy cocok banget wkwkwk,sandyyy cocok banget wkwkwk,Positif
Teh teh yayaaa liat niiii😂😂😂,0,Teh teh yayaaa liat niiii,teh teh yayaaa liat niiii,"['teh', 'teh', 'yayaaa', 'liat', 'niiii']","['teh', 'teh', 'yayaaa', 'liat', 'niiii']","['teh', 'teh', 'yayaaa', 'liat', 'niiii']",teh teh yayaaa liat niiii,teh teh yayaaa liat niiii,Positif
baru kali ini nyobain nonton podcast keluarga artis. ngga nyangka bisa betah sampe akhir ternyata T_T,0,baru kali ini nyobain nonton podcast keluarga artis ngga nyangka bisa betah sampe akhir ternyata TT,baru kali ini nyobain nonton podcast keluarga artis ngga nyangka bisa betah sampe akhir ternyata tt,"['baru', 'kali', 'ini', 'nyobain', 'nonton', 'podcast', 'keluarga', 'artis', 'ngga', 'nyangka', 'bisa', 'betah', 'sampe', 'akhir', 'ternyata', 'tt']","['kali', 'nyobain', 'nonton', 'podcast', 'keluarga', 'artis', 'ngga', 'nyangka', 'betah', 'sampe', 'tt']","['kali', 'nyobain', 'nonton', 'podcast', 'keluarga', 'artis', 'ngga', 'nyangka', 'betah', 'sampe', 'tt']",kali nyobain nonton podcast keluarga artis ngga nyangka betah sampe tt,kali nyobain nonton podcast keluarga artis ngga nyangka betah sampe tt,Positif
Sandy th berapa di coc,0,Sandy tahun berapa di coc,sandy tahun berapa di coc,"['sandy', 'tahun', 'berapa', 'di', 'coc']","['sandy', 'coc']","['sandy', 'coc']",sandy coc,sandy coc,Netral
obrolan yg terlalu waras,0,obrolan yang terlalu waras,obrolan yang terlalu waras,"['obrolan', 'yang', 'terlalu', 'waras']","['obrolan', 'waras']","['obrol', 'waras']",obrol waras,obrol waras,Positif
sandy jump in nya pas bgt😭👋,0,sandy jump in nya pas banget,sandy jump in nya pas banget,"['sandy', 'jump', 'in', 'nya', 'pas', 'banget']","['sandy', 'jump', 'in', 'nya', 'pas', 'banget']","['sandy', 'jump', 'in', 'nya', 'pas', 'banget']",sandy jump in nya pas banget,sandy jump in nya pas banget,Positif
"Seruuuuuuu, sandy 1 frekuensi",0,Seruuuuuuu sandy 1 frekuensi,seruuuuuuu sandy 1 frekuensi,"['seruuuuuuu', 'sandy', '1', 'frekuensi']","['seruuuuuuu', 'sandy', '1', 'frekuensi']","['seruuuuuuu', 'sandy', '1', 'frekuensi']",seruuuuuuu sandy 1 frekuensi,seruuuuuuu sandy 1 frekuensi,Positif
"bahaya ini, gue enjoy nontonnya😢",0,bahaya ini gue enjoy nontonnya,bahaya ini gue enjoy nontonnya,"['bahaya', 'ini', 'gue', 'enjoy', 'nontonnya']","['bahaya', 'gue', 'enjoy', 'nontonnya']","['bahaya', 'gue', 'enjoy', 'nontonnya']",bahaya gue enjoy nontonnya,bahaya gue enjoy nontonnya,Positif
"emang semua s lu jabani , senyum , salam, sapa and so friendly😭😭😭 pecah bgt akakakaka",0,emang semua s lu jabani senyum salam sapa and so friendly pecah banget akakakaka,emang semua s lu jabani senyum salam sapa and so friendly pecah banget akakakaka,"['emang', 'semua', 's', 'lu', 'jabani', 'senyum', 'salam', 'sapa', 'and', 'so', 'friendly', 'pecah', 'banget', 'akakakaka']","['emang', 's', 'lu', 'jabani', 'senyum', 'salam', 'sapa', 'and', 'so', 'friendly', 'pecah', 'banget', 'akakakaka']","['emang', 's', 'lu', 'jabani', 'senyum', 'salam', 'sapa', 'and', 'so', 'friendly', 'pecah', 'banget', 'akakakaka']",emang s lu jabani senyum salam sapa and so friendly pecah banget akakakaka,emang s lu jabani senyum salam sapa and so friendly pecah banget akakakaka,Positif
pak timbul pak arip dikatain buncit pak sama niky,0,pak timbul pak arip dikatain buncit pak sama niky,pak timbul pak arip dikatain buncit pak sama niky,"['pak', 'timbul', 'pak', 'arip', 'dikatain', 'buncit', 'pak', 'sama', 'niky']","['timbul', 'arip', 'dikatain', 'buncit', 'niky']","['timbul', 'arip', 'dikatain', 'buncit', 'niky']",timbul arip dikatain buncit niky,timbul arip dikatain buncit niky,Negatif
"AKU SUKA PODCAST INI. AKU LOVE KALIAN ALL🫰🏻 <a href=""http://www.youtube.com/results?search_query=%23orangwarashobahhobahhobah"">#ORANGWARASHOBAHHOBAHHOBAH</a>",1,AKU SUKA PODCAST INI AKU LOVE KALIAN ALL,aku suka podcast ini aku love kalian all,"['aku', 'suka', 'podcast', 'ini', 'aku', 'love', 'kalian', 'all']","['suka', 'podcast', 'love', 'all']","['suka', 'podcast', 'love', 'all']",suka podcast love all,suka podcast love all,Positif
"mau liat di family100 beneran, plis undang mereka bertiga😭😭😭😭😭",0,mau liat di family100 beneran plis undang mereka bertiga,mau liat di family100 beneran plis undang mereka bertiga,"['mau', 'liat', 'di', 'family100', 'beneran', 'plis', 'undang', 'mereka', 'bertiga']","['liat', 'family100', 'beneran', 'plis', 'undang', 'bertiga']","['liat', 'family100', 'beneran', 'plis', 'undang', 'tiga']",liat family100 beneran plis undang tiga,liat family100 beneran plis undang tiga,Netral
"Nonton ini niatnya cari hiburan, eh malah jadi makin stress sama kelakuan io &amp; Niki 😭😭",0,Nonton ini niatnya cari hiburan eh malah jadi makin stress sama kelakuan io Niki,nonton ini niatnya cari hiburan eh malah jadi makin stress sama kelakuan io niki,"['nonton', 'ini', 'niatnya', 'cari', 'hiburan', 'eh', 'malah', 'jadi', 'makin', 'stress', 'sama', 'kelakuan', 'io', 'niki']","['nonton', 'niatnya', 'cari', 'hiburan', 'eh', 'stress', 'kelakuan', 'io', 'niki']","['nonton', 'niat', 'cari', 'hibur', 'eh', 'stress', 'laku', 'io', 'nik']",nonton niat cari hibur eh stress laku io nik,nonton niat cari hibur eh stress laku io nik,Negatif
ADIK SALTING PAS SANDY NUNJUKIN BAJU😭😭😭😭😭,0,ADIK SALTING PAS SANDY NUNJUKIN BAJU,adik salting pas sandy nunjukin baju,"['adik', 'salting', 'pas', 'sandy', 'nunjukin', 'baju']","['adik', 'salting', 'pas', 'sandy', 'nunjukin', 'baju']","['adik', 'salting', 'pas', 'sandy', 'nunjukin', 'baju']",adik salting pas sandy nunjukin baju,adik salting pas sandy nunjukin baju,Netral
NGAKAK BGTT YAAMPUN ko bisa ya sandy ngimbangin orang&quot;WARAS ini😭,0,NGAKAK BGTT YAAMPUN ko bisa ya sandy ngimbangin orangWARAS ini,ngakak bgtt yaampun ko bisa ya sandy ngimbangin orangwaras ini,"['ngakak', 'bgtt', 'yaampun', 'ko', 'bisa', 'ya', 'sandy', 'ngimbangin', 'orangwaras', 'ini']","['ngakak', 'bgtt', 'yaampun', 'ko', 'ya', 'sandy', 'ngimbangin', 'orangwaras']","['ngakak', 'bgtt', 'yaampun', 'ko', 'ya', 'sandy', 'ngimbangin', 'orangwaras']",ngakak bgtt yaampun ko ya sandy ngimbangin orangwaras,ngakak bgtt yaampun ko ya sandy ngimbangin orangwaras,Positif
Gakuatt gua 😭😭😭😭,0,Gakuatt gua,gakuatt gua,"['gakuatt', 'gua']","['gakuatt', 'gua']","['gakuatt', 'gua']",gakuatt gua,gakuatt gua,Positif
SANDY KENAPA MAU SII,0,SANDY KENAPA MAU SII,sandy kenapa mau sii,"['sandy', 'kenapa', 'mau', 'sii']","['sandy', 'sii']","['sandy', 'sii']",sandy sii,sandy sii,Negatif
ini pecah banget si wkkwkwk,0,ini pecah banget si wkkwkwk,ini pecah banget si wkkwkwk,"['ini', 'pecah', 'banget', 'si', 'wkkwkwk']","['pecah', 'banget', 'si', 'wkkwkwk']","['pecah', 'banget', 'si', 'wkkwkwk']",pecah banget si wkkwkwk,pecah banget si wkkwkwk,Positif
"LUCUU BGTT, COLLAB LAGI PLISSSSSSS",0,LUCUU BGTT COLLAB LAGI PLISSSSSSS,lucuu bgtt collab lagi plisssssss,"['lucuu', 'bgtt', 'collab', 'lagi', 'plisssssss']","['lucuu', 'bgtt', 'collab', 'plisssssss']","['lucuu', 'bgtt', 'collab', 'plisssssss']",lucuu bgtt collab plisssssss,lucuu bgtt collab plisssssss,Positif
aduhh nyambung bgt lagi sandy sama mereka,0,aduhh nyambung banget lagi sandy sama mereka,aduhh nyambung banget lagi sandy sama mereka,"['aduhh', 'nyambung', 'banget', 'lagi', 'sandy', 'sama', 'mereka']","['aduhh', 'nyambung', 'banget', 'sandy']","['aduhh', 'nyambung', 'banget', 'sandy']",aduhh nyambung banget sandy,aduhh nyambung banget sandy,Positif
seruuuuuuuuu bgttttttt,0,seruuuuuuuuu bgttttttt,seruuuuuuuuu bgttttttt,"['seruuuuuuuuu', 'bgttttttt']","['seruuuuuuuuu', 'bgttttttt']","['seruuuuuuuuu', 'bgttttttt']",seruuuuuuuuu bgttttttt,seruuuuuuuuu bgttttttt,Positif
sandy kepikiran banget ya ampuuunn iiii nyiapin banget wkwk,1,sandy kepikiran banget ya ampuuunn iiii nyiapin banget wkwk,sandy kepikiran banget ya ampuuunn iiii nyiapin banget wkwk,"['sandy', 'kepikiran', 'banget', 'ya', 'ampuuunn', 'iiii', 'nyiapin', 'banget', 'wkwk']","['sandy', 'kepikiran', 'banget', 'ya', 'ampuuunn', 'iiii', 'nyiapin', 'banget', 'wkwk']","['sandy', 'pikir', 'banget', 'ya', 'ampuuunn', 'iiii', 'nyiapin', 'banget', 'wkwk']",sandy pikir banget ya ampuuunn iiii nyiapin banget wkwk,sandy pikir banget ya ampuuunn iiii nyiapin banget wkwk,Positif
req durasi 12 jam 😜,0,req durasi 12 jam,req durasi 12 jam,"['req', 'durasi', '12', 'jam']","['req', 'durasi', '12', 'jam']","['req', 'durasi', '12', 'jam']",req durasi 12 jam,req durasi 12 jam,Netral
Ngawur dan ngakak,0,Ngawur dan ngakak,ngawur dan ngakak,"['ngawur', 'dan', 'ngakak']","['ngawur', 'ngakak']","['ngawur', 'ngakak']",ngawur ngakak,ngawur ngakak,Positif
Sampe nangis nontonnyaa 😭😭😭😭,0,Sampe nangis nontonnyaa,sampe nangis nontonnyaa,"['sampe', 'nangis', 'nontonnyaa']","['sampe', 'nangis', 'nontonnyaa']","['sampe', 'nang', 'nontonnyaa']",sampe nang nontonnyaa,sampe nang nontonnyaa,Positif
"<a href=""https://www.youtube.com/watch?v=CaklHISbki8&amp;t=2"">0:02</a> yaallah baru awal loh..😞<br><a href=""https://www.youtube.com/watch?v=CaklHISbki8&amp;t=1943"">32:23</a> sann?ahahahhah😭😭<br><a href=""https://www.youtube.com/watch?v=CaklHISbki8&amp;t=1950"">32:30</a> NIKK??😭😭PANTES LANGSUNG END😭😭<br><a href=""https://www.youtube.com/watch?v=CaklHISbki8&amp;t=1956"">32:36</a> Sandy:aku ga ikut ikut..<br><br>Oiyaa semangat yaa niki sama ioo,semoga bisa jadi artiss🤭❕<br><a href=""http://www.youtube.com/results?search_query=%23salamorangwaras"">#salamorangwaras</a>",5,yaallah baru awal loh sannahahahhah NIKKPANTES LANGSUNG END Sandyaku ga ikut ikut Oiyaa semangat yaa niki sama ioosemoga bisa jadi artiss,yaallah baru awal loh sannahahahhah nikkpantes langsung end sandyaku ga ikut ikut oiyaa semangat yaa niki sama ioosemoga bisa jadi artiss,"['yaallah', 'baru', 'awal', 'loh', 'sannahahahhah', 'nikkpantes', 'langsung', 'end', 'sandyaku', 'ga', 'ikut', 'ikut', 'oiyaa', 'semangat', 'yaa', 'niki', 'sama', 'ioosemoga', 'bisa', 'jadi', 'artiss']","['yaallah', 'loh', 'sannahahahhah', 'nikkpantes', 'langsung', 'end', 'sandyaku', 'ga', 'oiyaa', 'semangat', 'yaa', 'niki', 'ioosemoga', 'artiss']","['yaallah', 'loh', 'sannahahahhah', 'nikkpantes', 'langsung', 'end', 'sandyaku', 'ga', 'oiyaa', 'semangat', 'yaa', 'nik', 'ioosemoga', 'artiss']",yaallah loh sannahahahhah nikkpantes langsung end sandyaku ga oiyaa semangat yaa nik ioosemoga artiss,yaallah loh sannahahahhah nikkpantes langsung end sandyaku ga oiyaa semangat yaa nik ioosemoga artiss,Positif
SANDY NYAMBUNG PARAH SAMA ORANG2 WARAS LUSYUUUU,0,SANDY NYAMBUNG PARAH SAMA ORANG2 WARAS LUSYUUUU,sandy nyambung parah sama orang2 waras lusyuuuu,"['sandy', 'nyambung', 'parah', 'sama', 'orang2', 'waras', 'lusyuuuu']","['sandy', 'nyambung', 'parah', 'orang2', 'waras', 'lusyuuuu']","['sandy', 'nyambung', 'parah', 'orang2', 'waras', 'lusyuuuu']",sandy nyambung parah orang2 waras lusyuuuu,sandy nyambung parah orang2 waras lusyuuuu,Positif
kuedret 😭,0,kuedret,kuedret,['kuedret'],['kuedret'],['kuedret'],kuedret,kuedret,Positif
WKWKWWK NGAKAK BGT WOI,0,WKWKWWK NGAKAK banget WOI,wkwkwwk ngakak banget woi,"['wkwkwwk', 'ngakak', 'banget', 'woi']","['wkwkwwk', 'ngakak', 'banget', 'woi']","['wkwkwwk', 'ngakak', 'banget', 'woi']",wkwkwwk ngakak banget woi,wkwkwwk ngakak banget woi,Positif
"Capek bgt ngetawain <a href=""https://www.youtube.com/watch?v=CaklHISbki8&amp;t=280"">4:40</a> <br>Sandy ini ace bgt bisa masuk semua kalangan<br>Makasih kalian udah hidup",63,Capek banget ngetawain Sandy ini ace banget bisa masuk semua kalangan Makasih kalian udah hidup,capek banget ngetawain sandy ini ace banget bisa masuk semua kalangan makasih kalian udah hidup,"['capek', 'banget', 'ngetawain', 'sandy', 'ini', 'ace', 'banget', 'bisa', 'masuk', 'semua', 'kalangan', 'makasih', 'kalian', 'udah', 'hidup']","['capek', 'banget', 'ngetawain', 'sandy', 'ace', 'banget', 'masuk', 'kalangan', 'makasih', 'udah', 'hidup']","['capek', 'banget', 'ngetawain', 'sandy', 'ace', 'banget', 'masuk', 'kalang', 'makasih', 'udah', 'hidup']",capek banget ngetawain sandy ace banget masuk kalang makasih udah hidup,capek banget ngetawain sandy ace banget masuk kalang makasih udah hidup,Positif
Gilak sandy cocok banget sama mereka 😭,0,Gilak sandy cocok banget sama mereka,gilak sandy cocok banget sama mereka,"['gilak', 'sandy', 'cocok', 'banget', 'sama', 'mereka']","['gilak', 'sandy', 'cocok', 'banget']","['gilak', 'sandy', 'cocok', 'banget']",gilak sandy cocok banget,gilak sandy cocok banget,Positif
NGAKAK BGT PODCASTNYA😭😭😭,0,NGAKAK banget PODCASTNYA,ngakak banget podcastnya,"['ngakak', 'banget', 'podcastnya']","['ngakak', 'banget', 'podcastnya']","['ngakak', 'banget', 'podcastnya']",ngakak banget podcastnya,ngakak banget podcastnya,Positif
"AAAAAA, TERIMAKASIHH KARENAAA SUDAH MEMBUATTT TERTAWAA DI SELA SELAA KEGALAUANN INIII, SEHATT-SEHATT ORANG ORANG WARASSS😚💌💞",0,AAAAAA TERIMAKASIHH KARENAAA SUDAH MEMBUATTT TERTAWAA DI SELA SELAA KEGALAUANN INIII SEHATTSEHATT ORANG ORANG WARASSS,aaaaaa terimakasihh karenaaa sudah membuattt tertawaa di sela selaa kegalauann iniii sehattsehatt orang orang warasss,"['aaaaaa', 'terimakasihh', 'karenaaa', 'sudah', 'membuattt', 'tertawaa', 'di', 'sela', 'selaa', 'kegalauann', 'iniii', 'sehattsehatt', 'orang', 'orang', 'warasss']","['aaaaaa', 'terimakasihh', 'karenaaa', 'membuattt', 'tertawaa', 'selaa', 'kegalauann', 'iniii', 'sehattsehatt', 'orang', 'orang', 'warasss']","['aaaaaa', 'terimakasihh', 'karenaaa', 'membuattt', 'tertawaa', 'selaa', 'kegalauann', 'iniii', 'sehattsehatt', 'orang', 'orang', 'warasss']",aaaaaa terimakasihh karenaaa membuattt tertawaa selaa kegalauann iniii sehattsehatt orang orang warasss,aaaaaa terimakasihh karenaaa membuattt tertawaa selaa kegalauann iniii sehattsehatt orang orang warasss,Positif
Gila ya jokes mereka bisa nyambung banget😭 gak nyangka orang sejenius sandy nyambung sama orang2 spesial ini😭,0,Gila ya jokes mereka bisa nyambung banget gak nyangka orang sejenius sandy nyambung sama orang2 spesial ini,gila ya jokes mereka bisa nyambung banget gak nyangka orang sejenius sandy nyambung sama orang2 spesial ini,"['gila', 'ya', 'jokes', 'mereka', 'bisa', 'nyambung', 'banget', 'gak', 'nyangka', 'orang', 'sejenius', 'sandy', 'nyambung', 'sama', 'orang2', 'spesial', 'ini']","['gila', 'ya', 'jokes', 'nyambung', 'banget', 'gak', 'nyangka', 'orang', 'sejenius', 'sandy', 'nyambung', 'orang2', 'spesial']","['gila', 'ya', 'jokes', 'nyambung', 'banget', 'gak', 'nyangka', 'orang', 'jenius', 'sandy', 'nyambung', 'orang2', 'spesial']",gila ya jokes nyambung banget gak nyangka orang jenius sandy nyambung orang2 spesial,gila ya jokes nyambung banget gak nyangka orang jenius sandy nyambung orang2 spesial,Positif
"Tadinya mau comment hebat banget sandy gak nampol niki sama io, tapi ternyata sama nya aja 😂",0,Tadinya mau comment hebat banget sandy gak nampol niki sama io tapi ternyata sama nya aja,tadinya mau comment hebat banget sandy gak nampol niki sama io tapi ternyata sama nya aja,"['tadinya', 'mau', 'comment', 'hebat', 'banget', 'sandy', 'gak', 'nampol', 'niki', 'sama', 'io', 'tapi', 'ternyata', 'sama', 'nya', 'aja']","['comment', 'hebat', 'banget', 'sandy', 'gak', 'nampol', 'niki', 'io', 'nya', 'aja']","['comment', 'hebat', 'banget', 'sandy', 'gak', 'nampol', 'nik', 'io', 'nya', 'aja']",comment hebat banget sandy gak nampol nik io nya aja,comment hebat banget sandy gak nampol nik io nya aja,Positif
kurang panjang durasinyee woii,0,kurang panjang durasinyee woii,kurang panjang durasinyee woii,"['kurang', 'panjang', 'durasinyee', 'woii']","['durasinyee', 'woii']","['durasinyee', 'woii']",durasinyee woii,durasinyee woii,Netral
"habis ini undang haji bolot deh, pasti obrolannya nyambung 😭🙏",0,habis ini undang haji bolot deh pasti obrolannya nyambung,habis ini undang haji bolot deh pasti obrolannya nyambung,"['habis', 'ini', 'undang', 'haji', 'bolot', 'deh', 'pasti', 'obrolannya', 'nyambung']","['habis', 'undang', 'haji', 'bolot', 'deh', 'obrolannya', 'nyambung']","['habis', 'undang', 'haji', 'bolot', 'deh', 'obrol', 'nyambung']",habis undang haji bolot deh obrol nyambung,habis undang haji bolot deh obrol nyambung,Netral
emang bener bener bikin iq turun 😭,0,emang bener bener bikin iq turun,emang bener bener bikin iq turun,"['emang', 'bener', 'bener', 'bikin', 'iq', 'turun']","['emang', 'bener', 'bener', 'bikin', 'iq', 'turun']","['emang', 'bener', 'bener', 'bikin', 'iq', 'turun']",emang bener bener bikin iq turun,emang bener bener bikin iq turun,Positif
ENDINGNYA GONG BGT WKWKKWWK,0,ENDINGNYA GONG banget WKWKKWWK,endingnya gong banget wkwkkwwk,"['endingnya', 'gong', 'banget', 'wkwkkwwk']","['endingnya', 'gong', 'banget', 'wkwkkwwk']","['endingnya', 'gong', 'banget', 'wkwkkwwk']",endingnya gong banget wkwkkwwk,endingnya gong banget wkwkkwwk,Positif
YAALLAH GA KERASA BGT 31 MENIT NYAA😭😭😭,0,YAALLAH GA KERASA banget 31 MENIT NYAA,yaallah ga kerasa banget 31 menit nyaa,"['yaallah', 'ga', 'kerasa', 'banget', '31', 'menit', 'nyaa']","['yaallah', 'ga', 'kerasa', 'banget', '31', 'menit', 'nyaa']","['yaallah', 'ga', 'rasa', 'banget', '31', 'menit', 'nyaa']",yaallah ga rasa banget 31 menit nyaa,yaallah ga rasa banget 31 menit nyaa,Positif
"setelah clash of champions, harus ada yg namanya clash of asbun✨",0,setelah clash of champions harus ada yang namanya clash of asbun,setelah clash of champions harus ada yang namanya clash of asbun,"['setelah', 'clash', 'of', 'champions', 'harus', 'ada', 'yang', 'namanya', 'clash', 'of', 'asbun']","['clash', 'of', 'champions', 'namanya', 'clash', 'of', 'asbun']","['clash', 'of', 'champions', 'nama', 'clash', 'of', 'asbun']",clash of champions nama clash of asbun,clash of champions nama clash of asbun,Netral
Eps 15 iq berkurang 15 point  🥺,0,Eps 15 iq berkurang 15 point,eps 15 iq berkurang 15 point,"['eps', '15', 'iq', 'berkurang', '15', 'point']","['eps', '15', 'iq', 'berkurang', '15', 'point']","['eps', '15', 'iq', 'kurang', '15', 'point']",eps 15 iq kurang 15 point,eps 15 iq kurang 15 point,Negatif
HAHAHAHA GAKUATTTT 😭😭<br>antara terbawa arus atau emg arus nyaa 😭😭,1,HAHAHAHA GAKUATTTT antara terbawa arus atau memang arus nyaa,hahahaha gakuatttt antara terbawa arus atau memang arus nyaa,"['hahahaha', 'gakuatttt', 'antara', 'terbawa', 'arus', 'atau', 'memang', 'arus', 'nyaa']","['hahahaha', 'gakuatttt', 'terbawa', 'arus', 'arus', 'nyaa']","['hahahaha', 'gakuatttt', 'bawa', 'arus', 'arus', 'nyaa']",hahahaha gakuatttt bawa arus arus nyaa,hahahaha gakuatttt bawa arus arus nyaa,Positif
TIBA TIBA IBNU KOCAKKK NIKY,0,TIBA TIBA IBNU KOCAKKK NIKY,tiba tiba ibnu kocakkk niky,"['tiba', 'tiba', 'ibnu', 'kocakkk', 'niky']","['ibnu', 'kocakkk', 'niky']","['ibnu', 'kocakkk', 'niky']",ibnu kocakkk niky,ibnu kocakkk niky,Positif
beneran pergaulan bebas si sendi tangan ini,0,beneran pergaulan bebas si sendi tangan ini,beneran pergaulan bebas si sendi tangan ini,"['beneran', 'pergaulan', 'bebas', 'si', 'sendi', 'tangan', 'ini']","['beneran', 'pergaulan', 'bebas', 'si', 'sendi', 'tangan']","['beneran', 'gaul', 'bebas', 'si', 'sendi', 'tangan']",beneran gaul bebas si sendi tangan,beneran gaul bebas si sendi tangan,Positif
Keknya bagus kalo set nya ditaruh mainan gituu lucu atau diset kek fun gitu lah,0,Keknya bagus kalo set nya ditaruh mainan gituu lucu atau diset kek fun gitu lah,keknya bagus kalo set nya ditaruh mainan gituu lucu atau diset kek fun gitu lah,"['keknya', 'bagus', 'kalo', 'set', 'nya', 'ditaruh', 'mainan', 'gituu', 'lucu', 'atau', 'diset', 'kek', 'fun', 'gitu', 'lah']","['keknya', 'bagus', 'kalo', 'set', 'nya', 'ditaruh', 'mainan', 'gituu', 'lucu', 'diset', 'kek', 'fun', 'gitu']","['kek', 'bagus', 'kalo', 'set', 'nya', 'taruh', 'main', 'gituu', 'lucu', 'set', 'kek', 'fun', 'gitu']",kek bagus kalo set nya taruh main gituu lucu set kek fun gitu,kek bagus kalo set nya taruh main gituu lucu set kek fun gitu,Positif
GONGG BGTT EPISODE INIII 😭😭😭,0,GONGG BGTT EPISODE INIII,gongg bgtt episode iniii,"['gongg', 'bgtt', 'episode', 'iniii']","['gongg', 'bgtt', 'episode', 'iniii']","['gongg', 'bgtt', 'episode', 'iniii']",gongg bgtt episode iniii,gongg bgtt episode iniii,Positif
Plisss seru banget ketawa sampeee perut sakit Adain lagiii yaa episode selanjutnya,4,Plisss seru banget ketawa sampeee perut sakit Adain lagiii yaa episode selanjutnya,plisss seru banget ketawa sampeee perut sakit adain lagiii yaa episode selanjutnya,"['plisss', 'seru', 'banget', 'ketawa', 'sampeee', 'perut', 'sakit', 'adain', 'lagiii', 'yaa', 'episode', 'selanjutnya']","['plisss', 'seru', 'banget', 'ketawa', 'sampeee', 'perut', 'sakit', 'adain', 'lagiii', 'yaa', 'episode']","['plisss', 'seru', 'banget', 'ketawa', 'sampeee', 'perut', 'sakit', 'adain', 'lagiii', 'yaa', 'episode']",plisss seru banget ketawa sampeee perut sakit adain lagiii yaa episode,plisss seru banget ketawa sampeee perut sakit adain lagiii yaa episode,Positif
DUKUNG MEREKA 1 CICLE,0,DUKUNG MEREKA 1 CICLE,dukung mereka 1 cicle,"['dukung', 'mereka', '1', 'cicle']","['dukung', '1', 'cicle']","['dukung', '1', 'cicle']",dukung 1 cicle,dukung 1 cicle,Positif
hahahha yaallah kalian ngehibur bangetttt. 😂❤,0,hahahha yaallah kalian ngehibur bangetttt,hahahha yaallah kalian ngehibur bangetttt,"['hahahha', 'yaallah', 'kalian', 'ngehibur', 'bangetttt']","['hahahha', 'yaallah', 'ngehibur', 'bangetttt']","['hahahha', 'yaallah', 'ngehibur', 'bangetttt']",hahahha yaallah ngehibur bangetttt,hahahha yaallah ngehibur bangetttt,Positif
LUCU BGTTTTT 😭😭😭😭,0,LUCU BGTTTTT,lucu bgttttt,"['lucu', 'bgttttt']","['lucu', 'bgttttt']","['lucu', 'bgttttt']",lucu bgttttt,lucu bgttttt,Positif
"<a href=""https://www.youtube.com/watch?v=CaklHISbki8&amp;t=1933"">32:13</a> PECAHH BANGETTT PD NYANYII IH",312,PECAHH BANGETTT PD NYANYII IH,pecahh bangettt pd nyanyii ih,"['pecahh', 'bangettt', 'pd', 'nyanyii', 'ih']","['pecahh', 'bangettt', 'pd', 'nyanyii', 'ih']","['pecahh', 'bangettt', 'pd', 'nyanyi', 'ih']",pecahh bangettt pd nyanyi ih,pecahh bangettt pd nyanyi ih,Positif
Sumpah SERUUUU😭😭😭,0,Sumpah SERUUUU,sumpah seruuuu,"['sumpah', 'seruuuu']","['sumpah', 'seruuuu']","['sumpah', 'seruuuu']",sumpah seruuuu,sumpah seruuuu,Positif
Wkwkwk,0,Wkwkwk,wkwkwk,['wkwkwk'],['wkwkwk'],['wkwkwk'],wkwkwk,wkwkwk,Positif
streess semua stresss😭😭😭,0,streess semua stresss,streess semua stresss,"['streess', 'semua', 'stresss']","['streess', 'stresss']","['streess', 'stresss']",streess stresss,streess stresss,Negatif
masterpiece,0,masterpiece,masterpiece,['masterpiece'],['masterpiece'],['masterpiece'],masterpiece,masterpiece,Positif
Kasihan xandi nya😢,0,Kasihan xandi nya,kasihan xandi nya,"['kasihan', 'xandi', 'nya']","['kasihan', 'xandi', 'nya']","['kasihan', 'xandi', 'nya']",kasihan xandi nya,kasihan xandi nya,Negatif
yang won serius bgt anjjjjj capek ketawaaaa,0,yang won serius banget anjjjjj capek ketawaaaa,yang won serius banget anjjjjj capek ketawaaaa,"['yang', 'won', 'serius', 'banget', 'anjjjjj', 'capek', 'ketawaaaa']","['won', 'serius', 'banget', 'anjjjjj', 'capek', 'ketawaaaa']","['won', 'serius', 'banget', 'anjjjjj', 'capek', 'ketawaaaa']",won serius banget anjjjjj capek ketawaaaa,won serius banget anjjjjj capek ketawaaaa,Positif
ya Allah asbun bgttt astagaaa 🤣🤣🤣,0,ya Allah asbun bgttt astagaaa,ya allah asbun bgttt astagaaa,"['ya', 'allah', 'asbun', 'bgttt', 'astagaaa']","['ya', 'allah', 'asbun', 'bgttt', 'astagaaa']","['ya', 'allah', 'asbun', 'bgttt', 'astagaaa']",ya allah asbun bgttt astagaaa,ya allah asbun bgttt astagaaa,Negatif
Ngakak,0,Ngakak,ngakak,['ngakak'],['ngakak'],['ngakak'],ngakak,ngakak,Positif
"HAHAAHAHA MANTAPPP, NIKI SAMA IYO JOIN COC LAH",0,HAHAAHAHA MANTAPPP NIKI SAMA IYO JOIN COC LAH,hahaahaha mantappp niki sama iyo join coc lah,"['hahaahaha', 'mantappp', 'niki', 'sama', 'iyo', 'join', 'coc', 'lah']","['hahaahaha', 'mantappp', 'niki', 'iyo', 'join', 'coc']","['hahaahaha', 'mantappp', 'nik', 'iyo', 'join', 'coc']",hahaahaha mantappp nik iyo join coc,hahaahaha mantappp nik iyo join coc,Positif
sbg anak sempoa gue merasa bangga,0,sbg anak sempoa gue merasa bangga,sbg anak sempoa gue merasa bangga,"['sbg', 'anak', 'sempoa', 'gue', 'merasa', 'bangga']","['sbg', 'anak', 'sempoa', 'gue', 'bangga']","['sbg', 'anak', 'sempoa', 'gue', 'bangga']",sbg anak sempoa gue bangga,sbg anak sempoa gue bangga,Positif
"Gong banget mereka bertiga, luv ❤",0,Gong banget mereka bertiga luv,gong banget mereka bertiga luv,"['gong', 'banget', 'mereka', 'bertiga', 'luv']","['gong', 'banget', 'bertiga', 'luv']","['gong', 'banget', 'tiga', 'luv']",gong banget tiga luv,gong banget tiga luv,Positif
TAMBAHIN DURASINYA GAAAAA😭🫵🫵,0,TAMBAHIN DURASINYA GAAAAA,tambahin durasinya gaaaaa,"['tambahin', 'durasinya', 'gaaaaa']","['tambahin', 'durasinya', 'gaaaaa']","['tambahin', 'durasi', 'gaaaaa']",tambahin durasi gaaaaa,tambahin durasi gaaaaa,Netral
ihh seryyyuuuu bangetttt ada sandyyyyyy uhuyyyyy,0,ihh seryyyuuuu bangetttt ada sandyyyyyy uhuyyyyy,ihh seryyyuuuu bangetttt ada sandyyyyyy uhuyyyyy,"['ihh', 'seryyyuuuu', 'bangetttt', 'ada', 'sandyyyyyy', 'uhuyyyyy']","['ihh', 'seryyyuuuu', 'bangetttt', 'sandyyyyyy', 'uhuyyyyy']","['ihh', 'seryyyuuuu', 'bangetttt', 'sandyyyyyy', 'uhuyyyyy']",ihh seryyyuuuu bangetttt sandyyyyyy uhuyyyyy,ihh seryyyuuuu bangetttt sandyyyyyy uhuyyyyy,Positif
KOKKK LUCUAN SANDYYY,0,KOKKK LUCUAN SANDYYY,kokkk lucuan sandyyy,"['kokkk', 'lucuan', 'sandyyy']","['kokkk', 'lucuan', 'sandyyy']","['kokkk', 'lucu', 'sandyyy']",kokkk lucu sandyyy,kokkk lucu sandyyy,Positif
GARA GARA PODCAST INI NILAI MTK AKU JADI 1000001! TERIMAKASIH PODCAST JENIUS!,0,GARA GARA PODCAST INI NILAI MTK AKU JADI TERIMAKASIH PODCAST JENIUS,gara gara podcast ini nilai mtk aku jadi terimakasih podcast jenius,"['gara', 'gara', 'podcast', 'ini', 'nilai', 'mtk', 'aku', 'jadi', 'terimakasih', 'podcast', 'jenius']","['gara', 'gara', 'podcast', 'nilai', 'mtk', 'terimakasih', 'podcast', 'jenius']","['gara', 'gara', 'podcast', 'nilai', 'mtk', 'terimakasih', 'podcast', 'jenius']",gara gara podcast nilai mtk terimakasih podcast jenius,gara gara podcast nilai mtk terimakasih podcast jenius,Netral
Gua ngak nyangka mereka nyambung bangettt,1,Gua ngak nyangka mereka nyambung bangettt,gua ngak nyangka mereka nyambung bangettt,"['gua', 'ngak', 'nyangka', 'mereka', 'nyambung', 'bangettt']","['gua', 'ngak', 'nyangka', 'nyambung', 'bangettt']","['gua', 'ngak', 'nyangka', 'nyambung', 'bangettt']",gua ngak nyangka nyambung bangettt,gua ngak nyangka nyambung bangettt,Positif
gak ekspek banget sefrekuensi gini anjir,0,gak ekspek banget sefrekuensi gini anjir,gak ekspek banget sefrekuensi gini anjir,"['gak', 'ekspek', 'banget', 'sefrekuensi', 'gini', 'anjir']","['gak', 'ekspek', 'banget', 'sefrekuensi', 'gini', 'anjir']","['gak', 'ekspek', 'banget', 'frekuensi', 'gin', 'anjir']",gak ekspek banget frekuensi gin anjir,gak ekspek banget frekuensi gin anjir,Positif
sandy udah nyiapin soal cerita apa gimana sih wkkwkw<br>NGAKAKKKK,0,sandy udah nyiapin soal cerita apa gimana sih wkkwkw NGAKAKKKK,sandy udah nyiapin soal cerita apa gimana sih wkkwkw ngakakkkk,"['sandy', 'udah', 'nyiapin', 'soal', 'cerita', 'apa', 'gimana', 'sih', 'wkkwkw', 'ngakakkkk']","['sandy', 'udah', 'nyiapin', 'cerita', 'gimana', 'sih', 'wkkwkw', 'ngakakkkk']","['sandy', 'udah', 'nyiapin', 'cerita', 'gimana', 'sih', 'wkkwkw', 'ngakakkkk']",sandy udah nyiapin cerita gimana sih wkkwkw ngakakkkk,sandy udah nyiapin cerita gimana sih wkkwkw ngakakkkk,Positif
yaampun ini yang aku suka dari podcast ini. bermutu,0,yaampun ini yang aku suka dari podcast ini bermutu,yaampun ini yang aku suka dari podcast ini bermutu,"['yaampun', 'ini', 'yang', 'aku', 'suka', 'dari', 'podcast', 'ini', 'bermutu']","['yaampun', 'suka', 'podcast', 'bermutu']","['yaampun', 'suka', 'podcast', 'mutu']",yaampun suka podcast mutu,yaampun suka podcast mutu,Positif
Baru kali ini nonton podcast sampe akhir,0,Baru kali ini nonton podcast sampe akhir,baru kali ini nonton podcast sampe akhir,"['baru', 'kali', 'ini', 'nonton', 'podcast', 'sampe', 'akhir']","['kali', 'nonton', 'podcast', 'sampe']","['kali', 'nonton', 'podcast', 'sampe']",kali nonton podcast sampe,kali nonton podcast sampe,Netral
nontonnya malu anjir,0,nontonnya malu anjir,nontonnya malu anjir,"['nontonnya', 'malu', 'anjir']","['nontonnya', 'malu', 'anjir']","['nontonnya', 'malu', 'anjir']",nontonnya malu anjir,nontonnya malu anjir,Negatif
wkwkwkkwkw 😭😭,0,wkwkwkkwkw,wkwkwkkwkw,['wkwkwkkwkw'],['wkwkwkkwkw'],['wkwkwkkwkw'],wkwkwkkwkw,wkwkwkkwkw,Positif
Cobaaa undang bintang tamu yang mistis masi bsa ketawa ga lu bangg,0,Cobaaa undang bintang tamu yang mistis masi bsa ketawa ga lu bangg,cobaaa undang bintang tamu yang mistis masi bsa ketawa ga lu bangg,"['cobaaa', 'undang', 'bintang', 'tamu', 'yang', 'mistis', 'masi', 'bsa', 'ketawa', 'ga', 'lu', 'bangg']","['cobaaa', 'undang', 'bintang', 'tamu', 'mistis', 'masi', 'bsa', 'ketawa', 'ga', 'lu', 'bangg']","['cobaaa', 'undang', 'bintang', 'tamu', 'mistis', 'mas', 'bsa', 'ketawa', 'ga', 'lu', 'bangg']",cobaaa undang bintang tamu mistis mas bsa ketawa ga lu bangg,cobaaa undang bintang tamu mistis mas bsa ketawa ga lu bangg,Netral
Durasinya ngeremehin kuota Telkomsel gua banget,0,Durasinya ngeremehin kuota Telkomsel gua banget,durasinya ngeremehin kuota telkomsel gua banget,"['durasinya', 'ngeremehin', 'kuota', 'telkomsel', 'gua', 'banget']","['durasinya', 'ngeremehin', 'kuota', 'telkomsel', 'gua', 'banget']","['durasi', 'ngeremehin', 'kuota', 'telkomsel', 'gua', 'banget']",durasi ngeremehin kuota telkomsel gua banget,durasi ngeremehin kuota telkomsel gua banget,Netral
cape bgt😂,0,cape banget,cape banget,"['cape', 'banget']","['cape', 'banget']","['cape', 'banget']",cape banget,cape banget,Negatif
wakakakak bisa bisanya si sendi abnormal juga,0,wakakakak bisa bisanya si sendi abnormal juga,wakakakak bisa bisanya si sendi abnormal juga,"['wakakakak', 'bisa', 'bisanya', 'si', 'sendi', 'abnormal', 'juga']","['wakakakak', 'bisanya', 'si', 'sendi', 'abnormal']","['wakakakak', 'bisa', 'si', 'sendi', 'abnormal']",wakakakak bisa si sendi abnormal,wakakakak bisa si sendi abnormal,Positif
list yg waras<br>1. aku<br>mff ya gbs lg udh penuh,0,list yang waras 1 aku mff ya tidak bisa lg sudah penuh,list yang waras 1 aku mff ya tidak bisa lg sudah penuh,"['list', 'yang', 'waras', '1', 'aku', 'mff', 'ya', 'tidak', 'bisa', 'lg', 'sudah', 'penuh']","['list', 'waras', '1', 'mff', 'ya', 'lg', 'penuh']","['list', 'waras', '1', 'mff', 'ya', 'lg', 'penuh']",list waras 1 mff ya lg penuh,list waras 1 mff ya lg penuh,Netral
akhirnya makan,0,akhirnya makan,akhirnya makan,"['akhirnya', 'makan']",['makan'],['makan'],makan,makan,Positif
Banyain up pliz gizi buruk gua lama lama,0,Banyain up pliz gizi buruk gua lama lama,banyain up pliz gizi buruk gua lama lama,"['banyain', 'up', 'pliz', 'gizi', 'buruk', 'gua', 'lama', 'lama']","['banyain', 'up', 'pliz', 'gizi', 'buruk', 'gua']","['banyain', 'up', 'pliz', 'gizi', 'buruk', 'gua']",banyain up pliz gizi buruk gua,banyain up pliz gizi buruk gua,Positif
Dari episode ini gue jadi tau pak timbul perutnya BUNCIT.. thanks,0,Dari episode ini gue jadi tau pak timbul perutnya BUNCIT thanks,dari episode ini gue jadi tau pak timbul perutnya buncit thanks,"['dari', 'episode', 'ini', 'gue', 'jadi', 'tau', 'pak', 'timbul', 'perutnya', 'buncit', 'thanks']","['episode', 'gue', 'tau', 'timbul', 'perutnya', 'buncit', 'thanks']","['episode', 'gue', 'tau', 'timbul', 'perut', 'buncit', 'thanks']",episode gue tau timbul perut buncit thanks,episode gue tau timbul perut buncit thanks,Negatif
NGUWAKAKKKKKK,0,NGUWAKAKKKKKK,nguwakakkkkkk,['nguwakakkkkkk'],['nguwakakkkkkk'],['nguwakakkkkkk'],nguwakakkkkkk,nguwakakkkkkk,Positif
"<a href=""https://www.youtube.com/watch?v=CaklHISbki8&amp;t=1732"">28:52</a> WOI SANDY, PLOT TWIST BANGET😭😭😭😭😭",5,WOI SANDY PLOT TWIST BANGET,woi sandy plot twist banget,"['woi', 'sandy', 'plot', 'twist', 'banget']","['woi', 'sandy', 'plot', 'twist', 'banget']","['woi', 'sandy', 'plot', 'twist', 'banget']",woi sandy plot twist banget,woi sandy plot twist banget,Positif
gak nyangka se klop ini😭,0,gak nyangka se klop ini,gak nyangka se klop ini,"['gak', 'nyangka', 'se', 'klop', 'ini']","['gak', 'nyangka', 'klop']","['gak', 'nyangka', 'klop']",gak nyangka klop,gak nyangka klop,Positif
ilmu~~~~ punten kak 🙏🏻,1,ilmu punten kak,ilmu punten kak,"['ilmu', 'punten', 'kak']","['ilmu', 'punten', 'kak']","['ilmu', 'punten', 'kak']",ilmu punten kak,ilmu punten kak,Positif
Sandy+io+niki = srimulat🤣,0,Sandyioniki srimulat,sandyioniki srimulat,"['sandyioniki', 'srimulat']","['sandyioniki', 'srimulat']","['sandyioniki', 'srimulat']",sandyioniki srimulat,sandyioniki srimulat,Netral
Bisa bisanya Sandy nyambung 😭😭😭,1,Bisa bisanya Sandy nyambung,bisa bisanya sandy nyambung,"['bisa', 'bisanya', 'sandy', 'nyambung']","['bisanya', 'sandy', 'nyambung']","['bisa', 'sandy', 'nyambung']",bisa sandy nyambung,bisa sandy nyambung,Positif
jujur kosong bngt😭😭😭😭😭,0,jujur kosong bngt,jujur kosong bngt,"['jujur', 'kosong', 'bngt']","['jujur', 'kosong', 'bngt']","['jujur', 'kosong', 'bngt']",jujur kosong bngt,jujur kosong bngt,Negatif
SERUUH BGTTT MY ORNG ORNG WARAS,0,SERUUH BGTTT MY ORNG ORNG WARAS,seruuh bgttt my orng orng waras,"['seruuh', 'bgttt', 'my', 'orng', 'orng', 'waras']","['seruuh', 'bgttt', 'my', 'orng', 'orng', 'waras']","['seruuh', 'bgttt', 'my', 'orng', 'orng', 'waras']",seruuh bgttt my orng orng waras,seruuh bgttt my orng orng waras,Positif
"Ngobrol santai tapi isinya berbobot, ♛𝗣𝗦𝗧𝗢𝗧𝗢𝟵𝟵♛ jadi makin asik kalau ditemani tontonan kayak gini 😄🎙️",0,Ngobrol santai tapi isinya berbobot jadi makin asik kalau ditemani tontonan kayak gini,ngobrol santai tapi isinya berbobot jadi makin asik kalau ditemani tontonan kayak gini,"['ngobrol', 'santai', 'tapi', 'isinya', 'berbobot', 'jadi', 'makin', 'asik', 'kalau', 'ditemani', 'tontonan', 'kayak', 'gini']","['ngobrol', 'santai', 'isinya', 'berbobot', 'asik', 'ditemani', 'tontonan', 'kayak', 'gini']","['ngobrol', 'santai', 'isi', 'bobot', 'asik', 'tani', 'tonton', 'kayak', 'gin']",ngobrol santai isi bobot asik tani tonton kayak gin,ngobrol santai isi bobot asik tani tonton kayak gin,Netral
Gue gak nyangka bisa belajar berhitung sambil main ✌𝐏𝐒𝐓𝐎𝐓𝐎𝟗𝟗✌—multitasking produktif banget 😂🧠,0,Gue gak nyangka bisa belajar berhitung sambil main multitasking produktif banget,gue gak nyangka bisa belajar berhitung sambil main multitasking produktif banget,"['gue', 'gak', 'nyangka', 'bisa', 'belajar', 'berhitung', 'sambil', 'main', 'multitasking', 'produktif', 'banget']","['gue', 'gak', 'nyangka', 'belajar', 'berhitung', 'main', 'multitasking', 'produktif', 'banget']","['gue', 'gak', 'nyangka', 'ajar', 'hitung', 'main', 'multitasking', 'produktif', 'banget']",gue gak nyangka ajar hitung main multitasking produktif banget,gue gak nyangka ajar hitung main multitasking produktif banget,Positif
"Ketawa terus dengerin mereka bahas matematika, 🙌𝙋𝙎𝙏𝙊𝙏𝙊𝟵𝟵🙌 juga bikin jantung deg-degan pas nunggu hasil spin 😆",0,Ketawa terus dengerin mereka bahas matematika juga bikin jantung degdegan pas nunggu hasil spin,ketawa terus dengerin mereka bahas matematika juga bikin jantung degdegan pas nunggu hasil spin,"['ketawa', 'terus', 'dengerin', 'mereka', 'bahas', 'matematika', 'juga', 'bikin', 'jantung', 'degdegan', 'pas', 'nunggu', 'hasil', 'spin']","['ketawa', 'dengerin', 'bahas', 'matematika', 'bikin', 'jantung', 'degdegan', 'pas', 'nunggu', 'hasil', 'spin']","['ketawa', 'dengerin', 'bahas', 'matematika', 'bikin', 'jantung', 'degdegan', 'pas', 'nunggu', 'hasil', 'spin']",ketawa dengerin bahas matematika bikin jantung degdegan pas nunggu hasil spin,ketawa dengerin bahas matematika bikin jantung degdegan pas nunggu hasil spin,Positif
"Obrolannya lucu parah, ⚖️𝐏𝐒𝐓𝐎𝐓𝐎𝟗𝟗⚖️ pun gak kalah seru buat nemenin sore kayak gini 😎📱",0,Obrolannya lucu parah pun gak kalah seru buat nemenin sore kayak gini,obrolannya lucu parah pun gak kalah seru buat nemenin sore kayak gini,"['obrolannya', 'lucu', 'parah', 'pun', 'gak', 'kalah', 'seru', 'buat', 'nemenin', 'sore', 'kayak', 'gini']","['obrolannya', 'lucu', 'parah', 'gak', 'kalah', 'seru', 'nemenin', 'sore', 'kayak', 'gini']","['obrol', 'lucu', 'parah', 'gak', 'kalah', 'seru', 'nemenin', 'sore', 'kayak', 'gin']",obrol lucu parah gak kalah seru nemenin sore kayak gin,obrol lucu parah gak kalah seru nemenin sore kayak gin,Positif
Lucuuu bgttt,0,Lucuuu bgttt,lucuuu bgttt,"['lucuuu', 'bgttt']","['lucuuu', 'bgttt']","['lucuuu', 'bgttt']",lucuuu bgttt,lucuuu bgttt,Positif
"Sambil nonton 3 orang jenius ngobrol, ⚡𝙋𝙎𝙏𝙊𝙏𝙊𝟵𝟵⚡ gue auto dapet jackpot—harinya komplit banget! 💥🎉",0,Sambil nonton 3 orang jenius ngobrol gue auto dapet jackpotharinya komplit banget,sambil nonton 3 orang jenius ngobrol gue auto dapet jackpotharinya komplit banget,"['sambil', 'nonton', '3', 'orang', 'jenius', 'ngobrol', 'gue', 'auto', 'dapet', 'jackpotharinya', 'komplit', 'banget']","['nonton', '3', 'orang', 'jenius', 'ngobrol', 'gue', 'auto', 'dapet', 'jackpotharinya', 'komplit', 'banget']","['nonton', '3', 'orang', 'jenius', 'ngobrol', 'gue', 'auto', 'dapet', 'jackpotharinya', 'komplit', 'banget']",nonton 3 orang jenius ngobrol gue auto dapet jackpotharinya komplit banget,nonton 3 orang jenius ngobrol gue auto dapet jackpotharinya komplit banget,Positif
"Topik ringan tapi cerdas, 💕𝐏𝐒𝐓𝐎𝐓𝐎𝟗𝟗💕 pas banget nemenin dengerin obrolan kayak gini sambil rebahan 🎧🎰",0,Topik ringan tapi cerdas pas banget nemenin dengerin obrolan kayak gini sambil rebahan,topik ringan tapi cerdas pas banget nemenin dengerin obrolan kayak gini sambil rebahan,"['topik', 'ringan', 'tapi', 'cerdas', 'pas', 'banget', 'nemenin', 'dengerin', 'obrolan', 'kayak', 'gini', 'sambil', 'rebahan']","['topik', 'ringan', 'cerdas', 'pas', 'banget', 'nemenin', 'dengerin', 'obrolan', 'kayak', 'gini', 'rebahan']","['topik', 'ringan', 'cerdas', 'pas', 'banget', 'nemenin', 'dengerin', 'obrol', 'kayak', 'gin', 'rebah']",topik ringan cerdas pas banget nemenin dengerin obrol kayak gin rebah,topik ringan cerdas pas banget nemenin dengerin obrol kayak gin rebah,Positif
"Obrolan para jenius ini bikin ketawa, 🔥𝐏𝐒𝐓𝐎𝐓𝐎𝟗𝟗🔥 jadi makin seru pas ditonton sambil dengerin podcast ini 😄🎙️",0,Obrolan para jenius ini bikin ketawa jadi makin seru pas ditonton sambil dengerin podcast ini,obrolan para jenius ini bikin ketawa jadi makin seru pas ditonton sambil dengerin podcast ini,"['obrolan', 'para', 'jenius', 'ini', 'bikin', 'ketawa', 'jadi', 'makin', 'seru', 'pas', 'ditonton', 'sambil', 'dengerin', 'podcast', 'ini']","['obrolan', 'jenius', 'bikin', 'ketawa', 'seru', 'pas', 'ditonton', 'dengerin', 'podcast']","['obrol', 'jenius', 'bikin', 'ketawa', 'seru', 'pas', 'tonton', 'dengerin', 'podcast']",obrol jenius bikin ketawa seru pas tonton dengerin podcast,obrol jenius bikin ketawa seru pas tonton dengerin podcast,Positif
"Podcastnya ringan tapi berisi, 🖤𝐏𝐒𝐓𝐎𝐓𝐎𝟗𝟗🖤 bener-bener jadi hiburan tambahan pas nonton ini 🎧🎲",0,Podcastnya ringan tapi berisi benerbener jadi hiburan tambahan pas nonton ini,podcastnya ringan tapi berisi benerbener jadi hiburan tambahan pas nonton ini,"['podcastnya', 'ringan', 'tapi', 'berisi', 'benerbener', 'jadi', 'hiburan', 'tambahan', 'pas', 'nonton', 'ini']","['podcastnya', 'ringan', 'berisi', 'benerbener', 'hiburan', 'tambahan', 'pas', 'nonton']","['podcastnya', 'ringan', 'isi', 'benerbener', 'hibur', 'tambah', 'pas', 'nonton']",podcastnya ringan isi benerbener hibur tambah pas nonton,podcastnya ringan isi benerbener hibur tambah pas nonton,Positif
"Ngakak banget pas mereka bahas matematika, ✦𝐏𝐒𝐓𝐎𝐓𝐎𝟗𝟗✦ juga bikin otak muter tapi dengan cara yang fun 😆🧠",0,Ngakak banget pas mereka bahas matematika juga bikin otak muter tapi dengan cara yang fun,ngakak banget pas mereka bahas matematika juga bikin otak muter tapi dengan cara yang fun,"['ngakak', 'banget', 'pas', 'mereka', 'bahas', 'matematika', 'juga', 'bikin', 'otak', 'muter', 'tapi', 'dengan', 'cara', 'yang', 'fun']","['ngakak', 'banget', 'pas', 'bahas', 'matematika', 'bikin', 'otak', 'muter', 'fun']","['ngakak', 'banget', 'pas', 'bahas', 'matematika', 'bikin', 'otak', 'muter', 'fun']",ngakak banget pas bahas matematika bikin otak muter fun,ngakak banget pas bahas matematika bikin otak muter fun,Positif
"sandy suka banget ya sama konten berdaging gini, kemarin sama bang gerald sekarang sama podcast keluarga artis wkwk.. btw tos 1 mei!",0,sandy suka banget ya sama konten berdaging gini kemarin sama bang gerald sekarang sama podcast keluarga artis wkwk btw tos 1 mei,sandy suka banget ya sama konten berdaging gini kemarin sama bang gerald sekarang sama podcast keluarga artis wkwk btw tos 1 mei,"['sandy', 'suka', 'banget', 'ya', 'sama', 'konten', 'berdaging', 'gini', 'kemarin', 'sama', 'bang', 'gerald', 'sekarang', 'sama', 'podcast', 'keluarga', 'artis', 'wkwk', 'btw', 'tos', '1', 'mei']","['sandy', 'suka', 'banget', 'ya', 'konten', 'berdaging', 'gini', 'kemarin', 'bang', 'gerald', 'podcast', 'keluarga', 'artis', 'wkwk', 'btw', 'tos', '1', 'mei']","['sandy', 'suka', 'banget', 'ya', 'konten', 'daging', 'gin', 'kemarin', 'bang', 'gerald', 'podcast', 'keluarga', 'artis', 'wkwk', 'btw', 'tos', '1', 'mei']",sandy suka banget ya konten daging gin kemarin bang gerald podcast keluarga artis wkwk btw tos 1 mei,sandy suka banget ya konten daging gin kemarin bang gerald podcast keluarga artis wkwk btw tos 1 mei,Positif
NGAKAK BANGET ANJ😭😭😭,0,NGAKAK BANGET ANJ,ngakak banget anj,"['ngakak', 'banget', 'anj']","['ngakak', 'banget', 'anj']","['ngakak', 'banget', 'anj']",ngakak banget anj,ngakak banget anj,Positif
SERU BANGET PLIS,0,SERU BANGET PLIS,seru banget plis,"['seru', 'banget', 'plis']","['seru', 'banget', 'plis']","['seru', 'banget', 'plis']",seru banget plis,seru banget plis,Positif
salam mihu mihu !!!!!,0,salam mihu mihu,salam mihu mihu,"['salam', 'mihu', 'mihu']","['salam', 'mihu', 'mihu']","['salam', 'mihu', 'mihu']",salam mihu mihu,salam mihu mihu,Positif
SERUUUU GOKIL BANGET EPS INI AHAHAHAHAH,0,SERUUUU GOKIL BANGET EPS INI AHAHAHAHAH,seruuuu gokil banget eps ini ahahahahah,"['seruuuu', 'gokil', 'banget', 'eps', 'ini', 'ahahahahah']","['seruuuu', 'gokil', 'banget', 'eps', 'ahahahahah']","['seruuuu', 'gokil', 'banget', 'eps', 'ahahahahah']",seruuuu gokil banget eps ahahahahah,seruuuu gokil banget eps ahahahahah,Positif
"AKHIRNYYAAA EPS YG DITUNGGU2 WKWKKWK SERU POLLL, UDANG SANDY2 ITU LG GASIE?!?!??!",2,AKHIRNYYAAA EPS yang DITUNGGU2 WKWKKWK SERU POLLL UDANG SANDY2 ITU LG GASIE,akhirnyyaaa eps yang ditunggu2 wkwkkwk seru polll udang sandy2 itu lg gasie,"['akhirnyyaaa', 'eps', 'yang', 'ditunggu2', 'wkwkkwk', 'seru', 'polll', 'udang', 'sandy2', 'itu', 'lg', 'gasie']","['akhirnyyaaa', 'eps', 'ditunggu2', 'wkwkkwk', 'seru', 'polll', 'udang', 'sandy2', 'lg', 'gasie']","['akhirnyyaaa', 'eps', 'ditunggu2', 'wkwkkwk', 'seru', 'polll', 'udang', 'sandy2', 'lg', 'gasie']",akhirnyyaaa eps ditunggu2 wkwkkwk seru polll udang sandy2 lg gasie,akhirnyyaaa eps ditunggu2 wkwkkwk seru polll udang sandy2 lg gasie,Positif
jangan sampai xaviera tau,0,jangan sampai xaviera tau,jangan sampai xaviera tau,"['jangan', 'sampai', 'xaviera', 'tau']","['xaviera', 'tau']","['xaviera', 'tau']",xaviera tau,xaviera tau,Positif
SEFREKUENSI YA TERNYATA😭🤣,0,SEFREKUENSI YA TERNYATA,sefrekuensi ya ternyata,"['sefrekuensi', 'ya', 'ternyata']","['sefrekuensi', 'ya']","['frekuensi', 'ya']",frekuensi ya,frekuensi ya,Netral
Bang aku muntah daging karna obrolan kalian,0,Bang aku muntah daging karna obrolan kalian,bang aku muntah daging karna obrolan kalian,"['bang', 'aku', 'muntah', 'daging', 'karna', 'obrolan', 'kalian']","['bang', 'muntah', 'daging', 'karna', 'obrolan']","['bang', 'muntah', 'daging', 'karna', 'obrol']",bang muntah daging karna obrol,bang muntah daging karna obrol,Negatif
Kocak bgt sepanjang episode 😭🤣,0,Kocak banget sepanjang episode,kocak banget sepanjang episode,"['kocak', 'banget', 'sepanjang', 'episode']","['kocak', 'banget', 'episode']","['kocak', 'banget', 'episode']",kocak banget episode,kocak banget episode,Positif
Ketawa mulu smpe sakit perut 😭,0,Ketawa mulu smpe sakit perut,ketawa mulu smpe sakit perut,"['ketawa', 'mulu', 'smpe', 'sakit', 'perut']","['ketawa', 'mulu', 'smpe', 'sakit', 'perut']","['ketawa', 'mulu', 'smpe', 'sakit', 'perut']",ketawa mulu smpe sakit perut,ketawa mulu smpe sakit perut,Positif
mihu mihu iloveyou,0,mihu mihu iloveyou,mihu mihu iloveyou,"['mihu', 'mihu', 'iloveyou']","['mihu', 'mihu', 'iloveyou']","['mihu', 'mihu', 'iloveyou']",mihu mihu iloveyou,mihu mihu iloveyou,Positif
BANGKEEEEEE WKWKKWW NGKAKAK BGTTTTTTTTTT,0,BANGKEEEEEE WKWKKWW NGKAKAK BGTTTTTTTTTT,bangkeeeeee wkwkkww ngkakak bgtttttttttt,"['bangkeeeeee', 'wkwkkww', 'ngkakak', 'bgtttttttttt']","['bangkeeeeee', 'wkwkkww', 'ngkakak', 'bgtttttttttt']","['bangkeeeeee', 'wkwkkww', 'ngkakak', 'bgtttttttttt']",bangkeeeeee wkwkkww ngkakak bgtttttttttt,bangkeeeeee wkwkkww ngkakak bgtttttttttt,Positif
Haha lucu bgtt kaliannn,0,Haha lucu bgtt kaliannn,haha lucu bgtt kaliannn,"['haha', 'lucu', 'bgtt', 'kaliannn']","['haha', 'lucu', 'bgtt', 'kaliannn']","['haha', 'lucu', 'bgtt', 'kaliannn']",haha lucu bgtt kaliannn,haha lucu bgtt kaliannn,Positif
Sumvahhhhhh pecah bgtttt 😭😭😭 mood bgttt weyyy,0,Sumvahhhhhh pecah bgtttt mood bgttt weyyy,sumvahhhhhh pecah bgtttt mood bgttt weyyy,"['sumvahhhhhh', 'pecah', 'bgtttt', 'mood', 'bgttt', 'weyyy']","['sumvahhhhhh', 'pecah', 'bgtttt', 'mood', 'bgttt', 'weyyy']","['sumvahhhhhh', 'pecah', 'bgtttt', 'mood', 'bgttt', 'weyyy']",sumvahhhhhh pecah bgtttt mood bgttt weyyy,sumvahhhhhh pecah bgtttt mood bgttt weyyy,Positif
Ini yg kutunggguuuu❤🎉,2,Ini yang kutunggguuuu,ini yang kutunggguuuu,"['ini', 'yang', 'kutunggguuuu']",['kutunggguuuu'],['kutunggguuuu'],kutunggguuuu,kutunggguuuu,Positif
Sandy di podcast keluarga artis:<br><br>menjiwai ❌<br>emang jiwanya ✅,0,Sandy di podcast keluarga artis menjiwai emang jiwanya,sandy di podcast keluarga artis menjiwai emang jiwanya,"['sandy', 'di', 'podcast', 'keluarga', 'artis', 'menjiwai', 'emang', 'jiwanya']","['sandy', 'podcast', 'keluarga', 'artis', 'menjiwai', 'emang', 'jiwanya']","['sandy', 'podcast', 'keluarga', 'artis', 'jiwa', 'emang', 'jiwa']",sandy podcast keluarga artis jiwa emang jiwa,sandy podcast keluarga artis jiwa emang jiwa,Netral
INGUS WKKKW pecah bgt niki,0,INGUS WKKKW pecah banget niki,ingus wkkkw pecah banget niki,"['ingus', 'wkkkw', 'pecah', 'banget', 'niki']","['ingus', 'wkkkw', 'pecah', 'banget', 'niki']","['ingus', 'wkkkw', 'pecah', 'banget', 'nik']",ingus wkkkw pecah banget nik,ingus wkkkw pecah banget nik,Positif
"<a href=""https://www.youtube.com/watch?v=CaklHISbki8&amp;t=1192"">19:52</a> APASIH KOCAKKK 😭😭😭😭😭😭",1,APASIH KOCAKKK,apasih kocakkk,"['apasih', 'kocakkk']","['apasih', 'kocakkk']","['apasih', 'kocakkk']",apasih kocakkk,apasih kocakkk,Positif
sandiii❤❤,0,sandiii,sandiii,['sandiii'],['sandiii'],['sandiii'],sandiii,sandiii,Positif
Sumpah yah ngakakk banget,0,Sumpah yah ngakakk banget,sumpah yah ngakakk banget,"['sumpah', 'yah', 'ngakakk', 'banget']","['sumpah', 'yah', 'ngakakk', 'banget']","['sumpah', 'yah', 'ngakakk', 'banget']",sumpah yah ngakakk banget,sumpah yah ngakakk banget,Positif
undang vino pleaseee,0,undang vino pleaseee,undang vino pleaseee,"['undang', 'vino', 'pleaseee']","['undang', 'vino', 'pleaseee']","['undang', 'vino', 'pleaseee']",undang vino pleaseee,undang vino pleaseee,Netral
pinter pinter somplak anyiirrrr😭😭😭😭😭,0,pinter pinter somplak anyiirrrr,pinter pinter somplak anyiirrrr,"['pinter', 'pinter', 'somplak', 'anyiirrrr']","['pinter', 'pinter', 'somplak', 'anyiirrrr']","['pinter', 'pinter', 'somplak', 'anyiirrrr']",pinter pinter somplak anyiirrrr,pinter pinter somplak anyiirrrr,Positif
BDAY TWINNNNN,0,BDAY TWINNNNN,bday twinnnnn,"['bday', 'twinnnnn']","['bday', 'twinnnnn']","['bday', 'twinnnnn']",bday twinnnnn,bday twinnnnn,Netral
"ngakak bgtt nonton nyaaa,seruuuu euy",1,ngakak bgtt nonton nyaaaseruuuu euy,ngakak bgtt nonton nyaaaseruuuu euy,"['ngakak', 'bgtt', 'nonton', 'nyaaaseruuuu', 'euy']","['ngakak', 'bgtt', 'nonton', 'nyaaaseruuuu', 'euy']","['ngakak', 'bgtt', 'nonton', 'nyaaaseruuuu', 'euy']",ngakak bgtt nonton nyaaaseruuuu euy,ngakak bgtt nonton nyaaaseruuuu euy,Positif
"ketawaku pecah banget di menit <a href=""https://www.youtube.com/watch?v=CaklHISbki8&amp;t=1950"">32:30</a> 😭",0,ketawaku pecah banget di menit,ketawaku pecah banget di menit,"['ketawaku', 'pecah', 'banget', 'di', 'menit']","['ketawaku', 'pecah', 'banget', 'menit']","['ketawa', 'pecah', 'banget', 'menit']",ketawa pecah banget menit,ketawa pecah banget menit,Positif
gak kuat ngakak pooool hahahahaha jenius jenius jeniusnya kakak,0,gak kuat ngakak pooool hahahahaha jenius jenius jeniusnya kakak,gak kuat ngakak pooool hahahahaha jenius jenius jeniusnya kakak,"['gak', 'kuat', 'ngakak', 'pooool', 'hahahahaha', 'jenius', 'jenius', 'jeniusnya', 'kakak']","['gak', 'kuat', 'ngakak', 'pooool', 'hahahahaha', 'jenius', 'jenius', 'jeniusnya', 'kakak']","['gak', 'kuat', 'ngakak', 'pooool', 'hahahahaha', 'jenius', 'jenius', 'jenius', 'kakak']",gak kuat ngakak pooool hahahahaha jenius jenius jenius kakak,gak kuat ngakak pooool hahahahaha jenius jenius jenius kakak,Positif
"ga berhenti ketawa pls, sandy ternyata sama WARAS nya dgn member keluarga artis😭😭😭😭😭😭",0,ga berhenti ketawa pls sandy ternyata sama WARAS nya dengan member keluarga artis,ga berhenti ketawa pls sandy ternyata sama waras nya dengan member keluarga artis,"['ga', 'berhenti', 'ketawa', 'pls', 'sandy', 'ternyata', 'sama', 'waras', 'nya', 'dengan', 'member', 'keluarga', 'artis']","['ga', 'berhenti', 'ketawa', 'pls', 'sandy', 'waras', 'nya', 'member', 'keluarga', 'artis']","['ga', 'henti', 'ketawa', 'pls', 'sandy', 'waras', 'nya', 'member', 'keluarga', 'artis']",ga henti ketawa pls sandy waras nya member keluarga artis,ga henti ketawa pls sandy waras nya member keluarga artis,Positif
wow waras banget,0,wow waras banget,wow waras banget,"['wow', 'waras', 'banget']","['wow', 'waras', 'banget']","['wow', 'waras', 'banget']",wow waras banget,wow waras banget,Positif
anjir bangga banget gua les sempoa dari sd dan sekarang mentioned 🥹🥹🥹,0,anjir bangga banget gua les sempoa dari sd dan sekarang mentioned,anjir bangga banget gua les sempoa dari sd dan sekarang mentioned,"['anjir', 'bangga', 'banget', 'gua', 'les', 'sempoa', 'dari', 'sd', 'dan', 'sekarang', 'mentioned']","['anjir', 'bangga', 'banget', 'gua', 'les', 'sempoa', 'sd', 'mentioned']","['anjir', 'bangga', 'banget', 'gua', 'les', 'sempoa', 'sd', 'mentioned']",anjir bangga banget gua les sempoa sd mentioned,anjir bangga banget gua les sempoa sd mentioned,Positif
"terima kasih, berkat podcast ini akhirnya gw memberanikan diri buat ikut lomba cerdas cermat, dan hasilnya gw diblacklist.",260,terima kasih berkat podcast ini akhirnya saya memberanikan diri buat ikut lomba cerdas cermat dan hasilnya saya diblacklist,terima kasih berkat podcast ini akhirnya saya memberanikan diri buat ikut lomba cerdas cermat dan hasilnya saya diblacklist,"['terima', 'kasih', 'berkat', 'podcast', 'ini', 'akhirnya', 'saya', 'memberanikan', 'diri', 'buat', 'ikut', 'lomba', 'cerdas', 'cermat', 'dan', 'hasilnya', 'saya', 'diblacklist']","['terima', 'kasih', 'berkat', 'podcast', 'memberanikan', 'lomba', 'cerdas', 'cermat', 'hasilnya', 'diblacklist']","['terima', 'kasih', 'berkat', 'podcast', 'berani', 'lomba', 'cerdas', 'cermat', 'hasil', 'diblacklist']",terima kasih berkat podcast berani lomba cerdas cermat hasil diblacklist,terima kasih berkat podcast berani lomba cerdas cermat hasil diblacklist,Netral
Sandy 😂 kuat kuat ya,0,Sandy kuat kuat ya,sandy kuat kuat ya,"['sandy', 'kuat', 'kuat', 'ya']","['sandy', 'kuat', 'kuat', 'ya']","['sandy', 'kuat', 'kuat', 'ya']",sandy kuat kuat ya,sandy kuat kuat ya,Positif
anak bawang= mario KWKWKWKW,0,anak bawang mario KWKWKWKW,anak bawang mario kwkwkwkw,"['anak', 'bawang', 'mario', 'kwkwkwkw']","['anak', 'bawang', 'mario', 'kwkwkwkw']","['anak', 'bawang', 'mario', 'kwkwkwkw']",anak bawang mario kwkwkwkw,anak bawang mario kwkwkwkw,Netral
Niky😭🤣,0,Niky,niky,['niky'],['niky'],['niky'],niky,niky,Netral
"<a href=""https://www.youtube.com/watch?v=CaklHISbki8&amp;t=275"">4:35</a> Awal Mula Teori Konspirasi",0,Awal Mula Teori Konspirasi,awal mula teori konspirasi,"['awal', 'mula', 'teori', 'konspirasi']","['teori', 'konspirasi']","['teori', 'konspirasi']",teori konspirasi,teori konspirasi,Negatif
Bjirrrr😂,0,Bjirrrr,bjirrrr,['bjirrrr'],['bjirrrr'],['bjirrrr'],bjirrrr,bjirrrr,Positif
Seruuuu bgtttt episode iniiiii😂😂😂,0,Seruuuu bgtttt episode iniiiii,seruuuu bgtttt episode iniiiii,"['seruuuu', 'bgtttt', 'episode', 'iniiiii']","['seruuuu', 'bgtttt', 'episode', 'iniiiii']","['seruuuu', 'bgtttt', 'episode', 'iniiiii']",seruuuu bgtttt episode iniiiii,seruuuu bgtttt episode iniiiii,Positif
Ini siapa yg ngasih ide mempertemukan mereka ber 3 sih😭🤣🙏,0,Ini siapa yang ngasih ide mempertemukan mereka ber 3 sih,ini siapa yang ngasih ide mempertemukan mereka ber 3 sih,"['ini', 'siapa', 'yang', 'ngasih', 'ide', 'mempertemukan', 'mereka', 'ber', '3', 'sih']","['ngasih', 'ide', 'mempertemukan', 'ber', '3', 'sih']","['ngasih', 'ide', 'temu', 'ber', '3', 'sih']",ngasih ide temu ber 3 sih,ngasih ide temu ber 3 sih,Netral
Sandy pergaulan bebas,0,Sandy pergaulan bebas,sandy pergaulan bebas,"['sandy', 'pergaulan', 'bebas']","['sandy', 'pergaulan', 'bebas']","['sandy', 'gaul', 'bebas']",sandy gaul bebas,sandy gaul bebas,Positif
&quot;diem gausah ikutan&quot; WKWKWKWK,0,diem gausah ikutan WKWKWKWK,diem gausah ikutan wkwkwkwk,"['diem', 'gausah', 'ikutan', 'wkwkwkwk']","['diem', 'gausah', 'ikutan', 'wkwkwkwk']","['diem', 'gausah', 'ikut', 'wkwkwkwk']",diem gausah ikut wkwkwkwk,diem gausah ikut wkwkwkwk,Positif
jangan coba-coba nonton ini sambil kerja di kantor. fix jadi orgil nyengir2 sendiri weh,0,jangan cobacoba nonton ini sambil kerja di kantor fix jadi orgil nyengir2 sendiri weh,jangan cobacoba nonton ini sambil kerja di kantor fix jadi orgil nyengir2 sendiri weh,"['jangan', 'cobacoba', 'nonton', 'ini', 'sambil', 'kerja', 'di', 'kantor', 'fix', 'jadi', 'orgil', 'nyengir2', 'sendiri', 'weh']","['cobacoba', 'nonton', 'kerja', 'kantor', 'fix', 'orgil', 'nyengir2', 'weh']","['cobacoba', 'nonton', 'kerja', 'kantor', 'fix', 'orgil', 'nyengir2', 'weh']",cobacoba nonton kerja kantor fix orgil nyengir2 weh,cobacoba nonton kerja kantor fix orgil nyengir2 weh,Positif
setengah jam gaberasa😭😭,0,setengah jam gaberasa,setengah jam gaberasa,"['setengah', 'jam', 'gaberasa']","['jam', 'gaberasa']","['jam', 'gaberasa']",jam gaberasa,jam gaberasa,Netral
Jd bingung yg kebawa arus yg mana sebenarnya.,0,jadi bingung yang kebawa arus yang mana sebenarnya,jadi bingung yang kebawa arus yang mana sebenarnya,"['jadi', 'bingung', 'yang', 'kebawa', 'arus', 'yang', 'mana', 'sebenarnya']","['bingung', 'kebawa', 'arus']","['bingung', 'bawa', 'arus']",bingung bawa arus,bingung bawa arus,Negatif
sandy sadar sandy wkwkwkwk,0,sandy sadar sandy wkwkwkwk,sandy sadar sandy wkwkwkwk,"['sandy', 'sadar', 'sandy', 'wkwkwkwk']","['sandy', 'sadar', 'sandy', 'wkwkwkwk']","['sandy', 'sadar', 'sandy', 'wkwkwkwk']",sandy sadar sandy wkwkwkwk,sandy sadar sandy wkwkwkwk,Netral
"Menit <a href=""https://www.youtube.com/watch?v=CaklHISbki8&amp;t=1404"">23:24</a> Gk espek sandy nyuruh baca bismillah... Kek bisa lah diajak mangu 😂",55,Menit tidak espek sandy nyuruh baca bismillah Kek bisa lah diajak mangu,menit tidak espek sandy nyuruh baca bismillah kek bisa lah diajak mangu,"['menit', 'tidak', 'espek', 'sandy', 'nyuruh', 'baca', 'bismillah', 'kek', 'bisa', 'lah', 'diajak', 'mangu']","['menit', 'espek', 'sandy', 'nyuruh', 'baca', 'bismillah', 'kek', 'diajak', 'mangu']","['menit', 'espek', 'sandy', 'nyuruh', 'baca', 'bismillah', 'kek', 'ajak', 'mangu']",menit espek sandy nyuruh baca bismillah kek ajak mangu,menit espek sandy nyuruh baca bismillah kek ajak mangu,Netral
"Berhenti di menit keempat. Maaf ya aku pusing, mau ngerjain algoritma dulu👋",0,Berhenti di menit keempat Maaf ya aku pusing mau ngerjain algoritma dulu,berhenti di menit keempat maaf ya aku pusing mau ngerjain algoritma dulu,"['berhenti', 'di', 'menit', 'keempat', 'maaf', 'ya', 'aku', 'pusing', 'mau', 'ngerjain', 'algoritma', 'dulu']","['berhenti', 'menit', 'keempat', 'maaf', 'ya', 'pusing', 'ngerjain', 'algoritma']","['henti', 'menit', 'empat', 'maaf', 'ya', 'pusing', 'ngerjain', 'algoritma']",henti menit empat maaf ya pusing ngerjain algoritma,henti menit empat maaf ya pusing ngerjain algoritma,Negatif
Kacaw ini pecah bgtttt,0,Kacaw ini pecah bgtttt,kacaw ini pecah bgtttt,"['kacaw', 'ini', 'pecah', 'bgtttt']","['kacaw', 'pecah', 'bgtttt']","['kacaw', 'pecah', 'bgtttt']",kacaw pecah bgtttt,kacaw pecah bgtttt,Positif
Sandy bisa banget ye nyamain jokes mereka,0,Sandy bisa banget ye nyamain jokes mereka,sandy bisa banget ye nyamain jokes mereka,"['sandy', 'bisa', 'banget', 'ye', 'nyamain', 'jokes', 'mereka']","['sandy', 'banget', 'ye', 'nyamain', 'jokes']","['sandy', 'banget', 'ye', 'nyamain', 'jokes']",sandy banget ye nyamain jokes,sandy banget ye nyamain jokes,Positif
baru kali ini bintang tamu nya nyambung,0,baru kali ini bintang tamu nya nyambung,baru kali ini bintang tamu nya nyambung,"['baru', 'kali', 'ini', 'bintang', 'tamu', 'nya', 'nyambung']","['kali', 'bintang', 'tamu', 'nya', 'nyambung']","['kali', 'bintang', 'tamu', 'nya', 'nyambung']",kali bintang tamu nya nyambung,kali bintang tamu nya nyambung,Positif
mooddd bangetttt nontoninn kaliaannnnn,0,mooddd bangetttt nontoninn kaliaannnnn,mooddd bangetttt nontoninn kaliaannnnn,"['mooddd', 'bangetttt', 'nontoninn', 'kaliaannnnn']","['mooddd', 'bangetttt', 'nontoninn', 'kaliaannnnn']","['mooddd', 'bangetttt', 'nontoninn', 'kaliaannnnn']",mooddd bangetttt nontoninn kaliaannnnn,mooddd bangetttt nontoninn kaliaannnnn,Positif
"<a href=""https://www.youtube.com/watch?v=CaklHISbki8&amp;t=320"">5:20</a> ga kuatttt😂",0,ga kuatttt,ga kuatttt,"['ga', 'kuatttt']","['ga', 'kuatttt']","['ga', 'kuatttt']",ga kuatttt,ga kuatttt,Positif
"sandy, menurut gw habis ini lu kudu exorcist deh sebelum ketularan",0,sandy menurut saya habis ini lu kudu exorcist deh sebelum ketularan,sandy menurut saya habis ini lu kudu exorcist deh sebelum ketularan,"['sandy', 'menurut', 'saya', 'habis', 'ini', 'lu', 'kudu', 'exorcist', 'deh', 'sebelum', 'ketularan']","['sandy', 'habis', 'lu', 'kudu', 'exorcist', 'deh', 'ketularan']","['sandy', 'habis', 'lu', 'kudu', 'exorcist', 'deh', 'tular']",sandy habis lu kudu exorcist deh tular,sandy habis lu kudu exorcist deh tular,Negatif
Durasi kurang lama woy,0,Durasi kurang lama woy,durasi kurang lama woy,"['durasi', 'kurang', 'lama', 'woy']","['durasi', 'woy']","['durasi', 'woy']",durasi woy,durasi woy,Netral
"<a href=""https://www.youtube.com/watch?v=CaklHISbki8&amp;t=1188"">19:48</a> kagak jelas bgt taikk🤣🤣🤣",0,kagak jelas banget taikk,kagak jelas banget taikk,"['kagak', 'jelas', 'banget', 'taikk']","['kagak', 'banget', 'taikk']","['kagak', 'banget', 'taikk']",kagak banget taikk,kagak banget taikk,Negatif
CAPE KETAWA,0,CAPE KETAWA,cape ketawa,"['cape', 'ketawa']","['cape', 'ketawa']","['cape', 'ketawa']",cape ketawa,cape ketawa,Positif
tiba tiba bgt ngundang sandy 😭😭,0,tiba tiba banget ngundang sandy,tiba tiba banget ngundang sandy,"['tiba', 'tiba', 'banget', 'ngundang', 'sandy']","['banget', 'ngundang', 'sandy']","['banget', 'ngundang', 'sandy']",banget ngundang sandy,banget ngundang sandy,Netral
😭😭😭😭 makin waras dah hidup ini,0,makin waras dah hidup ini,makin waras dah hidup ini,"['makin', 'waras', 'dah', 'hidup', 'ini']","['waras', 'dah', 'hidup']","['waras', 'dah', 'hidup']",waras dah hidup,waras dah hidup,Positif
gue ngeri sandy balik ke sgp ipknya turun abis dari sini :&quot;),0,gue ngeri sandy balik ke sgp ipknya turun abis dari sini,gue ngeri sandy balik ke sgp ipknya turun abis dari sini,"['gue', 'ngeri', 'sandy', 'balik', 'ke', 'sgp', 'ipknya', 'turun', 'abis', 'dari', 'sini']","['gue', 'ngeri', 'sandy', 'sgp', 'ipknya', 'turun', 'abis']","['gue', 'ngeri', 'sandy', 'sgp', 'ipknya', 'turun', 'abis']",gue ngeri sandy sgp ipknya turun abis,gue ngeri sandy sgp ipknya turun abis,Negatif
Sumpah mereka bertiga cocok bgt hahahah ngakaakkkkkkk,0,Sumpah mereka bertiga cocok banget hahahah ngakaakkkkkkk,sumpah mereka bertiga cocok banget hahahah ngakaakkkkkkk,"['sumpah', 'mereka', 'bertiga', 'cocok', 'banget', 'hahahah', 'ngakaakkkkkkk']","['sumpah', 'bertiga', 'cocok', 'banget', 'hahahah', 'ngakaakkkkkkk']","['sumpah', 'tiga', 'cocok', 'banget', 'hahahah', 'ngakaakkkkkkk']",sumpah tiga cocok banget hahahah ngakaakkkkkkk,sumpah tiga cocok banget hahahah ngakaakkkkkkk,Positif
moodd bangettt ya tuhann😭😭😭❤️❤️❤️❤️❤️,0,moodd bangettt ya tuhann,moodd bangettt ya tuhann,"['moodd', 'bangettt', 'ya', 'tuhann']","['moodd', 'bangettt', 'ya', 'tuhann']","['moodd', 'bangettt', 'ya', 'tuhann']",moodd bangettt ya tuhann,moodd bangettt ya tuhann,Positif
Next undang MAXWELL peliss,0,Next undang MAXWELL peliss,next undang maxwell peliss,"['next', 'undang', 'maxwell', 'peliss']","['next', 'undang', 'maxwell', 'peliss']","['next', 'undang', 'maxwell', 'peliss']",next undang maxwell peliss,next undang maxwell peliss,Netral
DISATUIN😭😭,0,DISATUIN,disatuin,['disatuin'],['disatuin'],['disatuin'],disatuin,disatuin,Positif
UNIVERSITAS SINGAPUR AIRLINES......,0,UNIVERSITAS SINGAPUR AIRLINES,universitas singapur airlines,"['universitas', 'singapur', 'airlines']","['universitas', 'singapur', 'airlines']","['universitas', 'singapur', 'airlines']",universitas singapur airlines,universitas singapur airlines,Netral
Semakin waras saya nonton episode ini 😭🤣,0,Semakin waras saya nonton episode ini,semakin waras saya nonton episode ini,"['semakin', 'waras', 'saya', 'nonton', 'episode', 'ini']","['waras', 'nonton', 'episode']","['waras', 'nonton', 'episode']",waras nonton episode,waras nonton episode,Positif
"mksh ya, ini lucu bgt and seru hehe",0,mksh ya ini lucu banget and seru hehe,mksh ya ini lucu banget and seru hehe,"['mksh', 'ya', 'ini', 'lucu', 'banget', 'and', 'seru', 'hehe']","['mksh', 'ya', 'lucu', 'banget', 'and', 'seru', 'hehe']","['mksh', 'ya', 'lucu', 'banget', 'and', 'seru', 'hehe']",mksh ya lucu banget and seru hehe,mksh ya lucu banget and seru hehe,Positif
"Pas ditunjukin s nya sandy, muka niki lgsg merah 😆😆 lucu bgt",0,Pas ditunjukin s nya sandy muka niki lgsg merah lucu banget,pas ditunjukin s nya sandy muka niki lgsg merah lucu banget,"['pas', 'ditunjukin', 's', 'nya', 'sandy', 'muka', 'niki', 'lgsg', 'merah', 'lucu', 'banget']","['pas', 'ditunjukin', 's', 'nya', 'sandy', 'muka', 'niki', 'lgsg', 'merah', 'lucu', 'banget']","['pas', 'ditunjukin', 's', 'nya', 'sandy', 'muka', 'nik', 'lgsg', 'merah', 'lucu', 'banget']",pas ditunjukin s nya sandy muka nik lgsg merah lucu banget,pas ditunjukin s nya sandy muka nik lgsg merah lucu banget,Positif
ternyata ada yang lebih WARAS dari gue,0,ternyata ada yang lebih WARAS dari gue,ternyata ada yang lebih waras dari gue,"['ternyata', 'ada', 'yang', 'lebih', 'waras', 'dari', 'gue']","['waras', 'gue']","['waras', 'gue']",waras gue,waras gue,Positif
kocakkk sandy ketularan,0,kocakkk sandy ketularan,kocakkk sandy ketularan,"['kocakkk', 'sandy', 'ketularan']","['kocakkk', 'sandy', 'ketularan']","['kocakkk', 'sandy', 'tular']",kocakkk sandy tular,kocakkk sandy tular,Positif
Ngakak😂,0,Ngakak,ngakak,['ngakak'],['ngakak'],['ngakak'],ngakak,ngakak,Positif
sandy jokesnya nyambung bgt pls udah cocok join keluarga artis 😭😭,0,sandy jokesnya nyambung banget pls udah cocok join keluarga artis,sandy jokesnya nyambung banget pls udah cocok join keluarga artis,"['sandy', 'jokesnya', 'nyambung', 'banget', 'pls', 'udah', 'cocok', 'join', 'keluarga', 'artis']","['sandy', 'jokesnya', 'nyambung', 'banget', 'pls', 'udah', 'cocok', 'join', 'keluarga', 'artis']","['sandy', 'jokesnya', 'nyambung', 'banget', 'pls', 'udah', 'cocok', 'join', 'keluarga', 'artis']",sandy jokesnya nyambung banget pls udah cocok join keluarga artis,sandy jokesnya nyambung banget pls udah cocok join keluarga artis,Positif
kok cocokkkkk,0,kok cocokkkkk,kok cocokkkkk,"['kok', 'cocokkkkk']",['cocokkkkk'],['cocokkkkk'],cocokkkkk,cocokkkkk,Positif
ngomong penting ❌️ <br>yang penting ngomong ✅️,0,ngomong penting yang penting ngomong,ngomong penting yang penting ngomong,"['ngomong', 'penting', 'yang', 'penting', 'ngomong']","['ngomong', 'ngomong']","['ngomong', 'ngomong']",ngomong ngomong,ngomong ngomong,Netral
Wkwkwkw kocakk bgt seruuu🤣 semoga cepet di undang family 100 ya 😂,0,Wkwkwkw kocakk banget seruuu semoga cepet di undang family ya,wkwkwkw kocakk banget seruuu semoga cepet di undang family ya,"['wkwkwkw', 'kocakk', 'banget', 'seruuu', 'semoga', 'cepet', 'di', 'undang', 'family', 'ya']","['wkwkwkw', 'kocakk', 'banget', 'seruuu', 'semoga', 'cepet', 'undang', 'family', 'ya']","['wkwkwkw', 'kocakk', 'banget', 'seruuu', 'moga', 'cepet', 'undang', 'family', 'ya']",wkwkwkw kocakk banget seruuu moga cepet undang family ya,wkwkwkw kocakk banget seruuu moga cepet undang family ya,Positif
"BARU KALI INI NONTON SAMPE HABIS, SERU BANGET😂😂😂",0,BARU KALI INI NONTON SAMPE HABIS SERU BANGET,baru kali ini nonton sampe habis seru banget,"['baru', 'kali', 'ini', 'nonton', 'sampe', 'habis', 'seru', 'banget']","['kali', 'nonton', 'sampe', 'habis', 'seru', 'banget']","['kali', 'nonton', 'sampe', 'habis', 'seru', 'banget']",kali nonton sampe habis seru banget,kali nonton sampe habis seru banget,Positif
KURANG LAMAAAA,0,KURANG LAMAAAA,kurang lamaaaa,"['kurang', 'lamaaaa']",['lamaaaa'],['lamaaaa'],lamaaaa,lamaaaa,Negatif
kenapa lu semua jadi se frekuensi anjir wkwkwk,0,kenapa lu semua jadi se frekuensi anjir wkwkwk,kenapa lu semua jadi se frekuensi anjir wkwkwk,"['kenapa', 'lu', 'semua', 'jadi', 'se', 'frekuensi', 'anjir', 'wkwkwk']","['lu', 'frekuensi', 'anjir', 'wkwkwk']","['lu', 'frekuensi', 'anjir', 'wkwkwk']",lu frekuensi anjir wkwkwk,lu frekuensi anjir wkwkwk,Positif
bener bener habitatnya sandy yg sesungguhnya,0,bener bener habitatnya sandy yang sesungguhnya,bener bener habitatnya sandy yang sesungguhnya,"['bener', 'bener', 'habitatnya', 'sandy', 'yang', 'sesungguhnya']","['bener', 'bener', 'habitatnya', 'sandy', 'sesungguhnya']","['bener', 'bener', 'habitat', 'sandy', 'sungguh']",bener bener habitat sandy sungguh,bener bener habitat sandy sungguh,Positif
pecah bgt pas ‘toilet’ 😭😭,0,pecah banget pas toilet,pecah banget pas toilet,"['pecah', 'banget', 'pas', 'toilet']","['pecah', 'banget', 'pas', 'toilet']","['pecah', 'banget', 'pas', 'toilet']",pecah banget pas toilet,pecah banget pas toilet,Positif
"Lagu nya sangad menginspirasi yacchh ,, <br><br><br>Gue ngakak sampe akhirrr tolongggg",0,Lagu nya sangad menginspirasi yacchh Gue ngakak sampe akhirrr tolongggg,lagu nya sangad menginspirasi yacchh gue ngakak sampe akhirrr tolongggg,"['lagu', 'nya', 'sangad', 'menginspirasi', 'yacchh', 'gue', 'ngakak', 'sampe', 'akhirrr', 'tolongggg']","['lagu', 'nya', 'sangad', 'menginspirasi', 'yacchh', 'gue', 'ngakak', 'sampe', 'akhirrr', 'tolongggg']","['lagu', 'nya', 'sangad', 'inspirasi', 'yacchh', 'gue', 'ngakak', 'sampe', 'akhirrr', 'tolongggg']",lagu nya sangad inspirasi yacchh gue ngakak sampe akhirrr tolongggg,lagu nya sangad inspirasi yacchh gue ngakak sampe akhirrr tolongggg,Positif
podcast yang daging banget,0,podcast yang daging banget,podcast yang daging banget,"['podcast', 'yang', 'daging', 'banget']","['podcast', 'daging', 'banget']","['podcast', 'daging', 'banget']",podcast daging banget,podcast daging banget,Positif
Guruku yang sangat buncit😭 berdosa banget heeehh,0,Guruku yang sangat buncit berdosa banget heeehh,guruku yang sangat buncit berdosa banget heeehh,"['guruku', 'yang', 'sangat', 'buncit', 'berdosa', 'banget', 'heeehh']","['guruku', 'buncit', 'berdosa', 'banget', 'heeehh']","['guru', 'buncit', 'dosa', 'banget', 'heeehh']",guru buncit dosa banget heeehh,guru buncit dosa banget heeehh,Negatif
suka bangettttt please makasih kalian udah idup😭,2,suka bangettttt please makasih kalian udah idup,suka bangettttt please makasih kalian udah idup,"['suka', 'bangettttt', 'please', 'makasih', 'kalian', 'udah', 'idup']","['suka', 'bangettttt', 'please', 'makasih', 'udah', 'idup']","['suka', 'bangettttt', 'please', 'makasih', 'udah', 'idup']",suka bangettttt please makasih udah idup,suka bangettttt please makasih udah idup,Positif
HAHAHHAHAHA LAGI DONGGG SM SANDY,0,HAHAHHAHAHA LAGI DONGGG sama SANDY,hahahhahaha lagi donggg sama sandy,"['hahahhahaha', 'lagi', 'donggg', 'sama', 'sandy']","['hahahhahaha', 'donggg', 'sandy']","['hahahhahaha', 'donggg', 'sandy']",hahahhahaha donggg sandy,hahahhahaha donggg sandy,Positif
"Setelah nonton ini aku langsung otw belajar 24 jam tanpa henti, salam orang waras",6,Setelah nonton ini aku langsung otw belajar 24 jam tanpa henti salam orang waras,setelah nonton ini aku langsung otw belajar 24 jam tanpa henti salam orang waras,"['setelah', 'nonton', 'ini', 'aku', 'langsung', 'otw', 'belajar', '24', 'jam', 'tanpa', 'henti', 'salam', 'orang', 'waras']","['nonton', 'langsung', 'otw', 'belajar', '24', 'jam', 'henti', 'salam', 'orang', 'waras']","['nonton', 'langsung', 'otw', 'ajar', '24', 'jam', 'henti', 'salam', 'orang', 'waras']",nonton langsung otw ajar 24 jam henti salam orang waras,nonton langsung otw ajar 24 jam henti salam orang waras,Positif
gong bgt editannya😭😭🫰🏻🫰🏻🫰🏻🫰🏻🫰🏻,0,gong banget editannya,gong banget editannya,"['gong', 'banget', 'editannya']","['gong', 'banget', 'editannya']","['gong', 'banget', 'edit']",gong banget edit,gong banget edit,Positif
sangat percaya diri bersama podcast ini kita mampu menciptakan indonesia emas 2045,2,sangat percaya diri bersama podcast ini kita mampu menciptakan indonesia emas,sangat percaya diri bersama podcast ini kita mampu menciptakan indonesia emas,"['sangat', 'percaya', 'diri', 'bersama', 'podcast', 'ini', 'kita', 'mampu', 'menciptakan', 'indonesia', 'emas']","['percaya', 'podcast', 'menciptakan', 'indonesia', 'emas']","['percaya', 'podcast', 'cipta', 'indonesia', 'emas']",percaya podcast cipta indonesia emas,percaya podcast cipta indonesia emas,Positif
aslii ga berhenti ngakak sepanjang video,0,aslii ga berhenti ngakak sepanjang video,aslii ga berhenti ngakak sepanjang video,"['aslii', 'ga', 'berhenti', 'ngakak', 'sepanjang', 'video']","['aslii', 'ga', 'berhenti', 'ngakak', 'video']","['asli', 'ga', 'henti', 'ngakak', 'video']",asli ga henti ngakak video,asli ga henti ngakak video,Positif
perfect cut GAKUAT SAMPE NANGIS,0,perfect cut GAKUAT SAMPE NANGIS,perfect cut gakuat sampe nangis,"['perfect', 'cut', 'gakuat', 'sampe', 'nangis']","['perfect', 'cut', 'gakuat', 'sampe', 'nangis']","['perfect', 'cut', 'gakuat', 'sampe', 'nang']",perfect cut gakuat sampe nang,perfect cut gakuat sampe nang,Positif
"San lo kejauhan san, lari san lari !!!!",0,San lo kejauhan san lari san lari,san lo kejauhan san lari san lari,"['san', 'lo', 'kejauhan', 'san', 'lari', 'san', 'lari']","['san', 'lo', 'kejauhan', 'san', 'lari', 'san', 'lari']","['san', 'lo', 'jauh', 'san', 'lari', 'san', 'lari']",san lo jauh san lari san lari,san lo jauh san lari san lari,Negatif
gak ekspect sandy bisa satu circle sama orang waras,0,gak ekspect sandy bisa satu circle sama orang waras,gak ekspect sandy bisa satu circle sama orang waras,"['gak', 'ekspect', 'sandy', 'bisa', 'satu', 'circle', 'sama', 'orang', 'waras']","['gak', 'ekspect', 'sandy', 'circle', 'orang', 'waras']","['gak', 'ekspect', 'sandy', 'circle', 'orang', 'waras']",gak ekspect sandy circle orang waras,gak ekspect sandy circle orang waras,Positif
next undang marco abg lu dong io pasti ngakak jugaa tuh,1,next undang marco abg lu dong io pasti ngakak jugaa tuh,next undang marco abg lu dong io pasti ngakak jugaa tuh,"['next', 'undang', 'marco', 'abg', 'lu', 'dong', 'io', 'pasti', 'ngakak', 'jugaa', 'tuh']","['next', 'undang', 'marco', 'abg', 'lu', 'io', 'ngakak', 'jugaa', 'tuh']","['next', 'undang', 'marco', 'abg', 'lu', 'io', 'ngakak', 'jugaa', 'tuh']",next undang marco abg lu io ngakak jugaa tuh,next undang marco abg lu io ngakak jugaa tuh,Positif
bisa-bisanya NYAMBUNG SEMUA SIAL😭😭😭,0,bisabisanya NYAMBUNG SEMUA SIAL,bisabisanya nyambung semua sial,"['bisabisanya', 'nyambung', 'semua', 'sial']","['bisabisanya', 'nyambung', 'sial']","['bisabisanya', 'nyambung', 'sial']",bisabisanya nyambung sial,bisabisanya nyambung sial,Positif
si s bleh jadiin member tetap aja ga,0,si s bleh jadiin member tetap aja ga,si s bleh jadiin member tetap aja ga,"['si', 's', 'bleh', 'jadiin', 'member', 'tetap', 'aja', 'ga']","['si', 's', 'bleh', 'jadiin', 'member', 'aja', 'ga']","['si', 's', 'bleh', 'jadiin', 'member', 'aja', 'ga']",si s bleh jadiin member aja ga,si s bleh jadiin member aja ga,Positif
UNIVERSITAS NEGERI SINGAPURRRR😊,0,UNIVERSITAS NEGERI SINGAPURRRR,universitas negeri singapurrrr,"['universitas', 'negeri', 'singapurrrr']","['universitas', 'negeri', 'singapurrrr']","['universitas', 'negeri', 'singapurrrr']",universitas negeri singapurrrr,universitas negeri singapurrrr,Positif
Lucuu banget plisss satuin mereka lagi pliss😂😂😂,0,Lucuu banget plisss satuin mereka lagi pliss,lucuu banget plisss satuin mereka lagi pliss,"['lucuu', 'banget', 'plisss', 'satuin', 'mereka', 'lagi', 'pliss']","['lucuu', 'banget', 'plisss', 'satuin', 'pliss']","['lucuu', 'banget', 'plisss', 'satuin', 'pliss']",lucuu banget plisss satuin pliss,lucuu banget plisss satuin pliss,Positif
best episode so far randomnya setara😭😭😭😭,0,best episode so far randomnya setara,best episode so far randomnya setara,"['best', 'episode', 'so', 'far', 'randomnya', 'setara']","['best', 'episode', 'so', 'far', 'randomnya', 'setara']","['best', 'episode', 'so', 'far', 'randomnya', 'tara']",best episode so far randomnya tara,best episode so far randomnya tara,Positif
Selamat berpuasa lagi waras peeps sampe ada episode baru hari minggu,0,Selamat berpuasa lagi waras peeps sampe ada episode baru hari minggu,selamat berpuasa lagi waras peeps sampe ada episode baru hari minggu,"['selamat', 'berpuasa', 'lagi', 'waras', 'peeps', 'sampe', 'ada', 'episode', 'baru', 'hari', 'minggu']","['selamat', 'berpuasa', 'waras', 'peeps', 'sampe', 'episode', 'minggu']","['selamat', 'puasa', 'waras', 'peeps', 'sampe', 'episode', 'minggu']",selamat puasa waras peeps sampe episode minggu,selamat puasa waras peeps sampe episode minggu,Positif
yah mulai berdaging dikit 😢,0,yah mulai berdaging dikit,yah mulai berdaging dikit,"['yah', 'mulai', 'berdaging', 'dikit']","['yah', 'berdaging', 'dikit']","['yah', 'daging', 'dikit']",yah daging dikit,yah daging dikit,Negatif
EPISODE TERLUCU WAKAKAKAKAKAK😂😂😂😂,0,EPISODE TERLUCU WAKAKAKAKAKAK,episode terlucu wakakakakakak,"['episode', 'terlucu', 'wakakakakakak']","['episode', 'terlucu', 'wakakakakakak']","['episode', 'lucu', 'wakakakakakak']",episode lucu wakakakakakak,episode lucu wakakakakakak,Positif
universitas negeri singapur😭😭😭,0,universitas negeri singapur,universitas negeri singapur,"['universitas', 'negeri', 'singapur']","['universitas', 'negeri', 'singapur']","['universitas', 'negeri', 'singapur']",universitas negeri singapur,universitas negeri singapur,Netral
"dik Sandy,, plg nak,,",0,dik Sandy plg nak,dik sandy plg nak,"['dik', 'sandy', 'plg', 'nak']","['dik', 'sandy', 'plg', 'nak']","['dik', 'sandy', 'plg', 'nak']",dik sandy plg nak,dik sandy plg nak,Negatif
Olimpiade bosen? 😂😂😂,0,Olimpiade bosen,olimpiade bosen,"['olimpiade', 'bosen']","['olimpiade', 'bosen']","['olimpiade', 'bosen']",olimpiade bosen,olimpiade bosen,Negatif
Ga kerasa 30 menit gw habiskan utk menonton org2 waras iniii🥲🤣,0,Ga kerasa 30 menit saya habiskan utk menonton org2 waras iniii,ga kerasa 30 menit saya habiskan utk menonton org2 waras iniii,"['ga', 'kerasa', '30', 'menit', 'saya', 'habiskan', 'utk', 'menonton', 'org2', 'waras', 'iniii']","['ga', 'kerasa', '30', 'menit', 'habiskan', 'utk', 'menonton', 'org2', 'waras', 'iniii']","['ga', 'rasa', '30', 'menit', 'habis', 'utk', 'tonton', 'org2', 'waras', 'iniii']",ga rasa 30 menit habis utk tonton org2 waras iniii,ga rasa 30 menit habis utk tonton org2 waras iniii,Positif
Masuk banget jokesnya sandy,0,Masuk banget jokesnya sandy,masuk banget jokesnya sandy,"['masuk', 'banget', 'jokesnya', 'sandy']","['masuk', 'banget', 'jokesnya', 'sandy']","['masuk', 'banget', 'jokesnya', 'sandy']",masuk banget jokesnya sandy,masuk banget jokesnya sandy,Positif
"&#39;BUNCIT GAK KUATTTT😭😭terimakasih ya io dan adik ! aku jadi bisa tertawa karena kalian setelah seminggu ini aku sibuk ditekan magang, semoga kalian sukses dan semakinn bisa membahagiakan orang lain ! <a href=""http://www.youtube.com/results?search_query=%23salamorangwaras"">#salamorangwaras</a>",0,BUNCIT GAK KUATTTTterimakasih ya io dan adik aku jadi bisa tertawa karena kalian setelah seminggu ini aku sibuk ditekan magang semoga kalian sukses dan semakinn bisa membahagiakan orang lain,buncit gak kuattttterimakasih ya io dan adik aku jadi bisa tertawa karena kalian setelah seminggu ini aku sibuk ditekan magang semoga kalian sukses dan semakinn bisa membahagiakan orang lain,"['buncit', 'gak', 'kuattttterimakasih', 'ya', 'io', 'dan', 'adik', 'aku', 'jadi', 'bisa', 'tertawa', 'karena', 'kalian', 'setelah', 'seminggu', 'ini', 'aku', 'sibuk', 'ditekan', 'magang', 'semoga', 'kalian', 'sukses', 'dan', 'semakinn', 'bisa', 'membahagiakan', 'orang', 'lain']","['buncit', 'gak', 'kuattttterimakasih', 'ya', 'io', 'adik', 'tertawa', 'seminggu', 'sibuk', 'ditekan', 'magang', 'semoga', 'sukses', 'semakinn', 'membahagiakan', 'orang']","['buncit', 'gak', 'kuattttterimakasih', 'ya', 'io', 'adik', 'tertawa', 'minggu', 'sibuk', 'tekan', 'magang', 'moga', 'sukses', 'semakinn', 'bahagia', 'orang']",buncit gak kuattttterimakasih ya io adik tertawa minggu sibuk tekan magang moga sukses semakinn bahagia orang,buncit gak kuattttterimakasih ya io adik tertawa minggu sibuk tekan magang moga sukses semakinn bahagia orang,Positif
parss jenius bgt ni orang-orang!,0,parss jenius banget ni orangorang,parss jenius banget ni orangorang,"['parss', 'jenius', 'banget', 'ni', 'orangorang']","['parss', 'jenius', 'banget', 'ni', 'orangorang']","['parss', 'jenius', 'banget', 'ni', 'orangorang']",parss jenius banget ni orangorang,parss jenius banget ni orangorang,Positif
kok cocok bertigaaa wkwkwkwk <br>kurang ni durasinyaaaa,0,kok cocok bertigaaa wkwkwkwk kurang ni durasinyaaaa,kok cocok bertigaaa wkwkwkwk kurang ni durasinyaaaa,"['kok', 'cocok', 'bertigaaa', 'wkwkwkwk', 'kurang', 'ni', 'durasinyaaaa']","['cocok', 'bertigaaa', 'wkwkwkwk', 'ni', 'durasinyaaaa']","['cocok', 'bertigaaa', 'wkwkwkwk', 'ni', 'durasinyaaaa']",cocok bertigaaa wkwkwkwk ni durasinyaaaa,cocok bertigaaa wkwkwkwk ni durasinyaaaa,Positif
pake jaketnya yu kita ke dokter,0,pake jaketnya yu kita ke dokter,pake jaketnya yu kita ke dokter,"['pake', 'jaketnya', 'yu', 'kita', 'ke', 'dokter']","['pake', 'jaketnya', 'yu', 'dokter']","['pake', 'jaket', 'yu', 'dokter']",pake jaket yu dokter,pake jaket yu dokter,Netral
"KERENNNNN BJIR, GABERHENTI KETAWA😭😭😭",0,KERENNNNN BJIR GABERHENTI KETAWA,kerennnnn bjir gaberhenti ketawa,"['kerennnnn', 'bjir', 'gaberhenti', 'ketawa']","['kerennnnn', 'bjir', 'gaberhenti', 'ketawa']","['kerennnnn', 'bjir', 'gaberhenti', 'ketawa']",kerennnnn bjir gaberhenti ketawa,kerennnnn bjir gaberhenti ketawa,Positif
LUCU BGTTT,0,LUCU BGTTT,lucu bgttt,"['lucu', 'bgttt']","['lucu', 'bgttt']","['lucu', 'bgttt']",lucu bgttt,lucu bgttt,Positif
HAHAHHAHAHAHAAHAHAHAHA LUCU BGT PLISSSSS 😂😂😂😂😂😂😂😂😂😂😂😂😂😂😂😂😂😂😂😂😂😂😂😂,0,HAHAHHAHAHAHAAHAHAHAHA LUCU banget PLISSSSS,hahahhahahahaahahahaha lucu banget plisssss,"['hahahhahahahaahahahaha', 'lucu', 'banget', 'plisssss']","['hahahhahahahaahahahaha', 'lucu', 'banget', 'plisssss']","['hahahhahahahaahahahaha', 'lucu', 'banget', 'plisssss']",hahahhahahahaahahahaha lucu banget plisssss,hahahhahahahaahahahaha lucu banget plisssss,Positif
Berasa makin pinter gue abis selesein ni video,0,Berasa makin pinter gue abis selesein ni video,berasa makin pinter gue abis selesein ni video,"['berasa', 'makin', 'pinter', 'gue', 'abis', 'selesein', 'ni', 'video']","['berasa', 'pinter', 'gue', 'abis', 'selesein', 'ni', 'video']","['asa', 'pinter', 'gue', 'abis', 'selesein', 'ni', 'video']",asa pinter gue abis selesein ni video,asa pinter gue abis selesein ni video,Netral
SAKIT PERUTTT NGAKAK BGTTTT😭😭😭😭😭,0,SAKIT PERUTTT NGAKAK BGTTTT,sakit peruttt ngakak bgtttt,"['sakit', 'peruttt', 'ngakak', 'bgtttt']","['sakit', 'peruttt', 'ngakak', 'bgtttt']","['sakit', 'peruttt', 'ngakak', 'bgtttt']",sakit peruttt ngakak bgtttt,sakit peruttt ngakak bgtttt,Positif
lagunyaa pls😭😭😭😭,0,lagunyaa pls,lagunyaa pls,"['lagunyaa', 'pls']","['lagunyaa', 'pls']","['lagunyaa', 'pls']",lagunyaa pls,lagunyaa pls,Netral
ini ada sampe episode 3000 ga,0,ini ada sampe episode ga,ini ada sampe episode ga,"['ini', 'ada', 'sampe', 'episode', 'ga']","['sampe', 'episode', 'ga']","['sampe', 'episode', 'ga']",sampe episode ga,sampe episode ga,Netral
Sandy lu nyambung lg sama mereka 😂,0,Sandy lu nyambung lg sama mereka,sandy lu nyambung lg sama mereka,"['sandy', 'lu', 'nyambung', 'lg', 'sama', 'mereka']","['sandy', 'lu', 'nyambung', 'lg']","['sandy', 'lu', 'nyambung', 'lg']",sandy lu nyambung lg,sandy lu nyambung lg,Negatif
"<a href=""https://www.youtube.com/watch?v=CaklHISbki8&amp;t=1193"">19:53</a> nyambung amat segala google sheets, docs, apple music 😭🙏",5,nyambung amat segala google sheets docs apple music,nyambung amat segala google sheets docs apple music,"['nyambung', 'amat', 'segala', 'google', 'sheets', 'docs', 'apple', 'music']","['nyambung', 'google', 'sheets', 'docs', 'apple', 'music']","['nyambung', 'google', 'sheets', 'docs', 'apple', 'music']",nyambung google sheets docs apple music,nyambung google sheets docs apple music,Netral
LOVEEE this episodeee!!!!,0,LOVEEE this episodeee,loveee this episodeee,"['loveee', 'this', 'episodeee']","['loveee', 'this', 'episodeee']","['loveee', 'this', 'episodeee']",loveee this episodeee,loveee this episodeee,Positif
tolong jadiin member tetap 💔,0,tolong jadiin member tetap,tolong jadiin member tetap,"['tolong', 'jadiin', 'member', 'tetap']","['tolong', 'jadiin', 'member']","['tolong', 'jadiin', 'member']",tolong jadiin member,tolong jadiin member,Netral
Ngakak terus😭😭😭,0,Ngakak terus,ngakak terus,"['ngakak', 'terus']",['ngakak'],['ngakak'],ngakak,ngakak,Positif
"udah lah keluarga artis nambah 1 aja kedepannya, sandy adalah ketua waraspeeps yg selama ini kita cari",24,udah lah keluarga artis nambah 1 aja kedepannya sandy adalah ketua waraspeeps yang selama ini kita cari,udah lah keluarga artis nambah 1 aja kedepannya sandy adalah ketua waraspeeps yang selama ini kita cari,"['udah', 'lah', 'keluarga', 'artis', 'nambah', '1', 'aja', 'kedepannya', 'sandy', 'adalah', 'ketua', 'waraspeeps', 'yang', 'selama', 'ini', 'kita', 'cari']","['udah', 'keluarga', 'artis', 'nambah', '1', 'aja', 'kedepannya', 'sandy', 'ketua', 'waraspeeps', 'cari']","['udah', 'keluarga', 'artis', 'nambah', '1', 'aja', 'depan', 'sandy', 'ketua', 'waraspeeps', 'cari']",udah keluarga artis nambah 1 aja depan sandy ketua waraspeeps cari,udah keluarga artis nambah 1 aja depan sandy ketua waraspeeps cari,Netral
undang isyana ga siihhh,0,undang isyana ga siihhh,undang isyana ga siihhh,"['undang', 'isyana', 'ga', 'siihhh']","['undang', 'isyana', 'ga', 'siihhh']","['undang', 'isyana', 'ga', 'siihhh']",undang isyana ga siihhh,undang isyana ga siihhh,Netral
aku suka KESOMBONGAN mu Sandiii.hahahaha Sombong tapi seru penyampaiannya..,0,aku suka KESOMBONGAN mu Sandiiihahahaha Sombong tapi seru penyampaiannya,aku suka kesombongan mu sandiiihahahaha sombong tapi seru penyampaiannya,"['aku', 'suka', 'kesombongan', 'mu', 'sandiiihahahaha', 'sombong', 'tapi', 'seru', 'penyampaiannya']","['suka', 'kesombongan', 'mu', 'sandiiihahahaha', 'sombong', 'seru', 'penyampaiannya']","['suka', 'sombong', 'mu', 'sandiiihahahaha', 'sombong', 'seru', 'sampai']",suka sombong mu sandiiihahahaha sombong seru sampai,suka sombong mu sandiiihahahaha sombong seru sampai,Negatif
ga expect sandy kesini wkwkwkwkw,0,ga expect sandy kesini wkwkwkwkw,ga expect sandy kesini wkwkwkwkw,"['ga', 'expect', 'sandy', 'kesini', 'wkwkwkwkw']","['ga', 'expect', 'sandy', 'kesini', 'wkwkwkwkw']","['ga', 'expect', 'sandy', 'kesini', 'wkwkwkwkw']",ga expect sandy kesini wkwkwkwkw,ga expect sandy kesini wkwkwkwkw,Positif
Sandy nyambung banget ternyata sama orang orang waras ini 😂😂,0,Sandy nyambung banget ternyata sama orang orang waras ini,sandy nyambung banget ternyata sama orang orang waras ini,"['sandy', 'nyambung', 'banget', 'ternyata', 'sama', 'orang', 'orang', 'waras', 'ini']","['sandy', 'nyambung', 'banget', 'orang', 'orang', 'waras']","['sandy', 'nyambung', 'banget', 'orang', 'orang', 'waras']",sandy nyambung banget orang orang waras,sandy nyambung banget orang orang waras,Positif
Universitas Negeri Singapura...,0,Universitas Negeri Singapura,universitas negeri singapura,"['universitas', 'negeri', 'singapura']","['universitas', 'negeri', 'singapura']","['universitas', 'negeri', 'singapura']",universitas negeri singapura,universitas negeri singapura,Netral
Sandy memang humble dan smart menghibur orang mengikuti lawan main tanpa menurunkan karisma dan tidak bertingkah bodoh sangat hebaat....,184,Sandy memang humble dan smart menghibur orang mengikuti lawan main tanpa menurunkan karisma dan tidak bertingkah bodoh sangat hebaat,sandy memang humble dan smart menghibur orang mengikuti lawan main tanpa menurunkan karisma dan tidak bertingkah bodoh sangat hebaat,"['sandy', 'memang', 'humble', 'dan', 'smart', 'menghibur', 'orang', 'mengikuti', 'lawan', 'main', 'tanpa', 'menurunkan', 'karisma', 'dan', 'tidak', 'bertingkah', 'bodoh', 'sangat', 'hebaat']","['sandy', 'humble', 'smart', 'menghibur', 'orang', 'mengikuti', 'lawan', 'main', 'menurunkan', 'karisma', 'bertingkah', 'bodoh', 'hebaat']","['sandy', 'humble', 'smart', 'hibur', 'orang', 'ikut', 'lawan', 'main', 'turun', 'karisma', 'ting', 'bodoh', 'hebaat']",sandy humble smart hibur orang ikut lawan main turun karisma ting bodoh hebaat,sandy humble smart hibur orang ikut lawan main turun karisma ting bodoh hebaat,Positif
Pinter&quot; Minus nya waras,0,Pinter Minus nya waras,pinter minus nya waras,"['pinter', 'minus', 'nya', 'waras']","['pinter', 'minus', 'nya', 'waras']","['pinter', 'minus', 'nya', 'waras']",pinter minus nya waras,pinter minus nya waras,Positif
Ngakak bgt anjeit😂,0,Ngakak banget anjeit,ngakak banget anjeit,"['ngakak', 'banget', 'anjeit']","['ngakak', 'banget', 'anjeit']","['ngakak', 'banget', 'anjeit']",ngakak banget anjeit,ngakak banget anjeit,Positif
undang maxwelll,0,undang maxwelll,undang maxwelll,"['undang', 'maxwelll']","['undang', 'maxwelll']","['undang', 'maxwelll']",undang maxwelll,undang maxwelll,Netral
Kok cepet banget pod cast nya,0,Kok cepet banget pod cast nya,kok cepet banget pod cast nya,"['kok', 'cepet', 'banget', 'pod', 'cast', 'nya']","['cepet', 'banget', 'pod', 'cast', 'nya']","['cepet', 'banget', 'pod', 'cast', 'nya']",cepet banget pod cast nya,cepet banget pod cast nya,Positif
udah gada foto raisa,0,udah gada foto raisa,udah gada foto raisa,"['udah', 'gada', 'foto', 'raisa']","['udah', 'gada', 'foto', 'raisa']","['udah', 'gada', 'foto', 'raisa']",udah gada foto raisa,udah gada foto raisa,Netral
ngakak bgt woii,0,ngakak banget woii,ngakak banget woii,"['ngakak', 'banget', 'woii']","['ngakak', 'banget', 'woii']","['ngakak', 'banget', 'woii']",ngakak banget woii,ngakak banget woii,Positif
"<a href=""https://www.youtube.com/watch?v=CaklHISbki8&amp;t=296"">4:56</a> gw 1 Mei juga tau😂",12,saya 1 Mei juga tau,saya 1 mei juga tau,"['saya', '1', 'mei', 'juga', 'tau']","['1', 'mei', 'tau']","['1', 'mei', 'tau']",1 mei tau,1 mei tau,Netral
Sandy s nya salah pergaulan,0,Sandy s nya salah pergaulan,sandy s nya salah pergaulan,"['sandy', 's', 'nya', 'salah', 'pergaulan']","['sandy', 's', 'nya', 'salah', 'pergaulan']","['sandy', 's', 'nya', 'salah', 'gaul']",sandy s nya salah gaul,sandy s nya salah gaul,Negatif
"kenapa mereka NYAMBUNG😭😭 senyambung ituuu, se frekuensi ternyata😭😭",0,kenapa mereka NYAMBUNG senyambung ituuu se frekuensi ternyata,kenapa mereka nyambung senyambung ituuu se frekuensi ternyata,"['kenapa', 'mereka', 'nyambung', 'senyambung', 'ituuu', 'se', 'frekuensi', 'ternyata']","['nyambung', 'senyambung', 'ituuu', 'frekuensi']","['nyambung', 'senyambung', 'ituuu', 'frekuensi']",nyambung senyambung ituuu frekuensi,nyambung senyambung ituuu frekuensi,Positif
"<a href=""https://www.youtube.com/watch?v=CaklHISbki8&amp;t=305"">5:05</a> Jimmy neutron orang ga tuh",0,Jimmy neutron orang ga tuh,jimmy neutron orang ga tuh,"['jimmy', 'neutron', 'orang', 'ga', 'tuh']","['jimmy', 'neutron', 'orang', 'ga', 'tuh']","['jimmy', 'neutron', 'orang', 'ga', 'tuh']",jimmy neutron orang ga tuh,jimmy neutron orang ga tuh,Netral
selalu lucu kalau tentang niki gak mau diajak foto 🤣,0,selalu lucu kalau tentang niki gak mau diajak foto,selalu lucu kalau tentang niki gak mau diajak foto,"['selalu', 'lucu', 'kalau', 'tentang', 'niki', 'gak', 'mau', 'diajak', 'foto']","['lucu', 'niki', 'gak', 'diajak', 'foto']","['lucu', 'nik', 'gak', 'ajak', 'foto']",lucu nik gak ajak foto,lucu nik gak ajak foto,Positif
PECAH BGT AHAHAHAHA MAKIN WARAS DEH😭,0,PECAH banget AHAHAHAHA MAKIN WARAS DEH,pecah banget ahahahaha makin waras deh,"['pecah', 'banget', 'ahahahaha', 'makin', 'waras', 'deh']","['pecah', 'banget', 'ahahahaha', 'waras', 'deh']","['pecah', 'banget', 'ahahahaha', 'waras', 'deh']",pecah banget ahahahaha waras deh,pecah banget ahahahaha waras deh,Positif
PLIS UNDANG DANTE SKIPBERAT!!!! UDAH MAU DEBUT JADI ARTIS TUH ANAKNYE,89,PLIS UNDANG DANTE SKIPBERAT UDAH MAU DEBUT JADI ARTIS TUH ANAKNYE,plis undang dante skipberat udah mau debut jadi artis tuh anaknye,"['plis', 'undang', 'dante', 'skipberat', 'udah', 'mau', 'debut', 'jadi', 'artis', 'tuh', 'anaknye']","['plis', 'undang', 'dante', 'skipberat', 'udah', 'debut', 'artis', 'tuh', 'anaknye']","['plis', 'undang', 'dante', 'skipberat', 'udah', 'debut', 'artis', 'tuh', 'anaknye']",plis undang dante skipberat udah debut artis tuh anaknye,plis undang dante skipberat udah debut artis tuh anaknye,Netral
"<a href=""https://www.youtube.com/watch?v=CaklHISbki8&amp;t=1736"">28:56</a> GUE KETAWA KENCENG, LUCU BGTTAYHAHSJZJSJ 😭😭😭",0,GUE KETAWA KENCENG LUCU BGTTAYHAHSJZJSJ,gue ketawa kenceng lucu bgttayhahsjzjsj,"['gue', 'ketawa', 'kenceng', 'lucu', 'bgttayhahsjzjsj']","['gue', 'ketawa', 'kenceng', 'lucu', 'bgttayhahsjzjsj']","['gue', 'ketawa', 'kenceng', 'lucu', 'bgttayhahsjzjsj']",gue ketawa kenceng lucu bgttayhahsjzjsj,gue ketawa kenceng lucu bgttayhahsjzjsj,Positif
Selamatkan Sandy 😭,0,Selamatkan Sandy,selamatkan sandy,"['selamatkan', 'sandy']","['selamatkan', 'sandy']","['selamat', 'sandy']",selamat sandy,selamat sandy,Positif
"COCOK BANGET LAGI <a href=""UCkszU2WH9gy1mb0dV-11UJg/b8IfY7zOK9iVkNAP_I2A-AY""></a>",0,COCOK BANGET LAGI,cocok banget lagi,"['cocok', 'banget', 'lagi']","['cocok', 'banget']","['cocok', 'banget']",cocok banget,cocok banget,Positif
hahahahahahaha,0,hahahahahahaha,hahahahahahaha,['hahahahahahaha'],['hahahahahahaha'],['hahahahahahaha'],hahahahahahaha,hahahahahahaha,Positif
Nyambung banget bejirrrr 🤣🤣🤣🤣<br>Inimah saling ngimbangi kewarasan,546,Nyambung banget bejirrrr Inimah saling ngimbangi kewarasan,nyambung banget bejirrrr inimah saling ngimbangi kewarasan,"['nyambung', 'banget', 'bejirrrr', 'inimah', 'saling', 'ngimbangi', 'kewarasan']","['nyambung', 'banget', 'bejirrrr', 'inimah', 'ngimbangi', 'kewarasan']","['nyambung', 'banget', 'bejirrrr', 'inimah', 'ngimbangi', 'waras']",nyambung banget bejirrrr inimah ngimbangi waras,nyambung banget bejirrrr inimah ngimbangi waras,Positif
Kocak bgt takbir!!!!!,0,Kocak banget takbir,kocak banget takbir,"['kocak', 'banget', 'takbir']","['kocak', 'banget', 'takbir']","['kocak', 'banget', 'takbir']",kocak banget takbir,kocak banget takbir,Positif
Ending yg WOWWW😭❤,0,Ending yang WOWWW,ending yang wowww,"['ending', 'yang', 'wowww']","['ending', 'wowww']","['ending', 'wowww']",ending wowww,ending wowww,Positif
"dari awal sampai akhir, podcast ini isinya DAGING BANGET",0,dari awal sampai akhir podcast ini isinya DAGING BANGET,dari awal sampai akhir podcast ini isinya daging banget,"['dari', 'awal', 'sampai', 'akhir', 'podcast', 'ini', 'isinya', 'daging', 'banget']","['podcast', 'isinya', 'daging', 'banget']","['podcast', 'isi', 'daging', 'banget']",podcast isi daging banget,podcast isi daging banget,Positif
gakuatt kocak bgt😭😭😭😭😭😭,0,gakuatt kocak banget,gakuatt kocak banget,"['gakuatt', 'kocak', 'banget']","['gakuatt', 'kocak', 'banget']","['gakuatt', 'kocak', 'banget']",gakuatt kocak banget,gakuatt kocak banget,Positif
Bintang tamu TERSERUUUUUUUU,0,Bintang tamu TERSERUUUUUUUU,bintang tamu terseruuuuuuuu,"['bintang', 'tamu', 'terseruuuuuuuu']","['bintang', 'tamu', 'terseruuuuuuuu']","['bintang', 'tamu', 'terseruuuuuuuu']",bintang tamu terseruuuuuuuu,bintang tamu terseruuuuuuuu,Positif
"gila lucu terus sih ini, sayang bgt kalo ga ada sponsor",0,gila lucu terus sih ini sayang banget kalo ga ada sponsor,gila lucu terus sih ini sayang banget kalo ga ada sponsor,"['gila', 'lucu', 'terus', 'sih', 'ini', 'sayang', 'banget', 'kalo', 'ga', 'ada', 'sponsor']","['gila', 'lucu', 'sih', 'sayang', 'banget', 'kalo', 'ga', 'sponsor']","['gila', 'lucu', 'sih', 'sayang', 'banget', 'kalo', 'ga', 'sponsor']",gila lucu sih sayang banget kalo ga sponsor,gila lucu sih sayang banget kalo ga sponsor,Positif
PERFECT END😭😭😭,0,PERFECT END,perfect end,"['perfect', 'end']","['perfect', 'end']","['perfect', 'end']",perfect end,perfect end,Positif
SELAYAKNYA TEMAN SEJATI YAP TETAP ORANG WARAS DIHATI.. asek,0,SELAYAKNYA TEMAN SEJATI YAP TETAP ORANG WARAS DIHATI asek,selayaknya teman sejati yap tetap orang waras dihati asek,"['selayaknya', 'teman', 'sejati', 'yap', 'tetap', 'orang', 'waras', 'dihati', 'asek']","['selayaknya', 'teman', 'sejati', 'yap', 'orang', 'waras', 'dihati', 'asek']","['layak', 'teman', 'sejati', 'yap', 'orang', 'waras', 'hati', 'asek']",layak teman sejati yap orang waras hati asek,layak teman sejati yap orang waras hati asek,Positif
Aku dapat ranking 2 di kelas karena sering nonton podcast ini!!!,0,Aku dapat ranking 2 di kelas karena sering nonton podcast ini,aku dapat ranking 2 di kelas karena sering nonton podcast ini,"['aku', 'dapat', 'ranking', '2', 'di', 'kelas', 'karena', 'sering', 'nonton', 'podcast', 'ini']","['ranking', '2', 'kelas', 'nonton', 'podcast']","['ranking', '2', 'kelas', 'nonton', 'podcast']",ranking 2 kelas nonton podcast,ranking 2 kelas nonton podcast,Netral
nunggu udah lama harusnya durasinya juga lama😭😭,0,nunggu udah lama harusnya durasinya juga lama,nunggu udah lama harusnya durasinya juga lama,"['nunggu', 'udah', 'lama', 'harusnya', 'durasinya', 'juga', 'lama']","['nunggu', 'udah', 'durasinya']","['nunggu', 'udah', 'durasi']",nunggu udah durasi,nunggu udah durasi,Netral
cape bgttt niki mo stop gaaaa,1,cape bgttt niki mo stop gaaaa,cape bgttt niki mo stop gaaaa,"['cape', 'bgttt', 'niki', 'mo', 'stop', 'gaaaa']","['cape', 'bgttt', 'niki', 'mo', 'stop', 'gaaaa']","['cape', 'bgttt', 'nik', 'mo', 'stop', 'gaaaa']",cape bgttt nik mo stop gaaaa,cape bgttt nik mo stop gaaaa,Negatif
Akhirnya bisa makan,0,Akhirnya bisa makan,akhirnya bisa makan,"['akhirnya', 'bisa', 'makan']",['makan'],['makan'],makan,makan,Positif
"akhirnya ngeliat 1 dari 7 orang kembaran niky putra,azeek<br>tapi sedikit kesenjangan otak 🤏🙏",0,akhirnya ngeliat 1 dari 7 orang kembaran niky putraazeek tapi sedikit kesenjangan otak,akhirnya ngeliat 1 dari 7 orang kembaran niky putraazeek tapi sedikit kesenjangan otak,"['akhirnya', 'ngeliat', '1', 'dari', '7', 'orang', 'kembaran', 'niky', 'putraazeek', 'tapi', 'sedikit', 'kesenjangan', 'otak']","['ngeliat', '1', '7', 'orang', 'kembaran', 'niky', 'putraazeek', 'kesenjangan', 'otak']","['ngeliat', '1', '7', 'orang', 'kembar', 'niky', 'putraazeek', 'senjang', 'otak']",ngeliat 1 7 orang kembar niky putraazeek senjang otak,ngeliat 1 7 orang kembar niky putraazeek senjang otak,Netral
ini mah bocah prik ketemu bocah prik,0,ini mah bocah prik ketemu bocah prik,ini mah bocah prik ketemu bocah prik,"['ini', 'mah', 'bocah', 'prik', 'ketemu', 'bocah', 'prik']","['mah', 'bocah', 'prik', 'ketemu', 'bocah', 'prik']","['mah', 'bocah', 'prik', 'ketemu', 'bocah', 'prik']",mah bocah prik ketemu bocah prik,mah bocah prik ketemu bocah prik,Negatif
tamu yg dateng hrs bikin kaos dulu ya emg,0,tamu yang dateng hrs bikin kaos dulu ya memang,tamu yang dateng hrs bikin kaos dulu ya memang,"['tamu', 'yang', 'dateng', 'hrs', 'bikin', 'kaos', 'dulu', 'ya', 'memang']","['tamu', 'dateng', 'hrs', 'bikin', 'kaos', 'ya']","['tamu', 'dateng', 'hrs', 'bikin', 'kaos', 'ya']",tamu dateng hrs bikin kaos ya,tamu dateng hrs bikin kaos ya,Netral
Mau heran kok ya dijiwai banget,0,Mau heran kok ya dijiwai banget,mau heran kok ya dijiwai banget,"['mau', 'heran', 'kok', 'ya', 'dijiwai', 'banget']","['heran', 'ya', 'dijiwai', 'banget']","['heran', 'ya', 'jiwa', 'banget']",heran ya jiwa banget,heran ya jiwa banget,Negatif
PODCAST TERDAGING SETATA SURYA,0,PODCAST TERDAGING SETATA SURYA,podcast terdaging setata surya,"['podcast', 'terdaging', 'setata', 'surya']","['podcast', 'terdaging', 'setata', 'surya']","['podcast', 'daging', 'tata', 'surya']",podcast daging tata surya,podcast daging tata surya,Positif
PODCAST TERDAGING 2025,0,PODCAST TERDAGING,podcast terdaging,"['podcast', 'terdaging']","['podcast', 'terdaging']","['podcast', 'daging']",podcast daging,podcast daging,Positif
THE BESTTT LUCU BGT,0,THE BESTTT LUCU banget,the besttt lucu banget,"['the', 'besttt', 'lucu', 'banget']","['the', 'besttt', 'lucu', 'banget']","['the', 'besttt', 'lucu', 'banget']",the besttt lucu banget,the besttt lucu banget,Positif
omg podcastnya daging bgt,0,omg podcastnya daging banget,omg podcastnya daging banget,"['omg', 'podcastnya', 'daging', 'banget']","['omg', 'podcastnya', 'daging', 'banget']","['omg', 'podcastnya', 'daging', 'banget']",omg podcastnya daging banget,omg podcastnya daging banget,Positif
ulang ga closingnya,0,ulang ga closingnya,ulang ga closingnya,"['ulang', 'ga', 'closingnya']","['ulang', 'ga', 'closingnya']","['ulang', 'ga', 'closingnya']",ulang ga closingnya,ulang ga closingnya,Netral
GAJELAS BGT ANJERRR😭😭😭😭,0,GAJELAS banget ANJERRR,gajelas banget anjerrr,"['gajelas', 'banget', 'anjerrr']","['gajelas', 'banget', 'anjerrr']","['gajelas', 'banget', 'anjerrr']",gajelas banget anjerrr,gajelas banget anjerrr,Negatif
SALAM WARASSSSSS,0,SALAM WARASSSSSS,salam warassssss,"['salam', 'warassssss']","['salam', 'warassssss']","['salam', 'warassssss']",salam warassssss,salam warassssss,Positif
sumpah meski saya ibu&quot; ini episode keren banget .. anak genius Sandy tapi gaulll .... bisa menyeimbangkan kewarasan mario dan niki ..,66,sumpah meski saya ibu ini episode keren banget anak genius Sandy tapi gaulll bisa menyeimbangkan kewarasan mario dan niki,sumpah meski saya ibu ini episode keren banget anak genius sandy tapi gaulll bisa menyeimbangkan kewarasan mario dan niki,"['sumpah', 'meski', 'saya', 'ibu', 'ini', 'episode', 'keren', 'banget', 'anak', 'genius', 'sandy', 'tapi', 'gaulll', 'bisa', 'menyeimbangkan', 'kewarasan', 'mario', 'dan', 'niki']","['sumpah', 'episode', 'keren', 'banget', 'anak', 'genius', 'sandy', 'gaulll', 'menyeimbangkan', 'kewarasan', 'mario', 'niki']","['sumpah', 'episode', 'keren', 'banget', 'anak', 'genius', 'sandy', 'gaulll', 'imbang', 'waras', 'mario', 'nik']",sumpah episode keren banget anak genius sandy gaulll imbang waras mario nik,sumpah episode keren banget anak genius sandy gaulll imbang waras mario nik,Positif
ini lah podkes yg mmbuat aku answer iya dengan lantang atas 77 pertanyaan untuk lahir ke dunia,0,ini lah podcast yang mmbuat aku answer iya dengan lantang atas 77 pertanyaan untuk lahir ke dunia,ini lah podcast yang mmbuat aku answer iya dengan lantang atas 77 pertanyaan untuk lahir ke dunia,"['ini', 'lah', 'podcast', 'yang', 'mmbuat', 'aku', 'answer', 'iya', 'dengan', 'lantang', 'atas', '77', 'pertanyaan', 'untuk', 'lahir', 'ke', 'dunia']","['podcast', 'mmbuat', 'answer', 'iya', 'lantang', '77', 'lahir', 'dunia']","['podcast', 'mmbuat', 'answer', 'iya', 'lantang', '77', 'lahir', 'dunia']",podcast mmbuat answer iya lantang 77 lahir dunia,podcast mmbuat answer iya lantang 77 lahir dunia,Positif
HAAAAAAH KOK BISAAAAAAAA ADA SANDYYY,0,HAAAAAAH KOK BISAAAAAAAA ADA SANDYYY,haaaaaah kok bisaaaaaaaa ada sandyyy,"['haaaaaah', 'kok', 'bisaaaaaaaa', 'ada', 'sandyyy']","['haaaaaah', 'bisaaaaaaaa', 'sandyyy']","['haaaaaah', 'bisaaaaaaaa', 'sandyyy']",haaaaaah bisaaaaaaaa sandyyy,haaaaaah bisaaaaaaaa sandyyy,Netral
"Mantap bgt podcast nya, sebelum mengerjakan skripsi saya menonton podcast ini dulu karena saya tau isinya bakal daging semua. Ya walaupun ada lah dikit-dikit tulangnya. Tapi podcast ini beneran sangat berarti bagi tumbuh kembang skripsi saya, terima kasih semuanya, semoga skripsi saya bisa semakin berkembang dengan seiring perkembangan podcast ini❤",19,Mantap banget podcast nya sebelum mengerjakan skripsi saya menonton podcast ini dulu karena saya tau isinya bakal daging semua Ya walaupun ada lah dikitdikit tulangnya Tapi podcast ini beneran sangat berarti bagi tumbuh kembang skripsi saya terima kasih semuanya semoga skripsi saya bisa semakin berkembang dengan seiring perkembangan podcast ini,mantap banget podcast nya sebelum mengerjakan skripsi saya menonton podcast ini dulu karena saya tau isinya bakal daging semua ya walaupun ada lah dikitdikit tulangnya tapi podcast ini beneran sangat berarti bagi tumbuh kembang skripsi saya terima kasih semuanya semoga skripsi saya bisa semakin berkembang dengan seiring perkembangan podcast ini,"['mantap', 'banget', 'podcast', 'nya', 'sebelum', 'mengerjakan', 'skripsi', 'saya', 'menonton', 'podcast', 'ini', 'dulu', 'karena', 'saya', 'tau', 'isinya', 'bakal', 'daging', 'semua', 'ya', 'walaupun', 'ada', 'lah', 'dikitdikit', 'tulangnya', 'tapi', 'podcast', 'ini', 'beneran', 'sangat', 'berarti', 'bagi', 'tumbuh', 'kembang', 'skripsi', 'saya', 'terima', 'kasih', 'semuanya', 'semoga', 'skripsi', 'saya', 'bisa', 'semakin', 'berkembang', 'dengan', 'seiring', 'perkembangan', 'podcast', 'ini']","['mantap', 'banget', 'podcast', 'nya', 'skripsi', 'menonton', 'podcast', 'tau', 'isinya', 'daging', 'ya', 'dikitdikit', 'tulangnya', 'podcast', 'beneran', 'tumbuh', 'kembang', 'skripsi', 'terima', 'kasih', 'semoga', 'skripsi', 'berkembang', 'seiring', 'perkembangan', 'podcast']","['mantap', 'banget', 'podcast', 'nya', 'skripsi', 'tonton', 'podcast', 'tau', 'isi', 'daging', 'ya', 'dikitdikit', 'tulang', 'podcast', 'beneran', 'tumbuh', 'kembang', 'skripsi', 'terima', 'kasih', 'moga', 'skripsi', 'kembang', 'iring', 'kembang', 'podcast']",mantap banget podcast nya skripsi tonton podcast tau isi daging ya dikitdikit tulang podcast beneran tumbuh kembang skripsi terima kasih moga skripsi kembang iring kembang podcast,mantap banget podcast nya skripsi tonton podcast tau isi daging ya dikitdikit tulang podcast beneran tumbuh kembang skripsi terima kasih moga skripsi kembang iring kembang podcast,Positif
Pak arib pa timbuk guru yang sangat buncit😭,0,Pak arib pa timbuk guru yang sangat buncit,pak arib pa timbuk guru yang sangat buncit,"['pak', 'arib', 'pa', 'timbuk', 'guru', 'yang', 'sangat', 'buncit']","['arib', 'pa', 'timbuk', 'guru', 'buncit']","['arib', 'pa', 'timbuk', 'guru', 'buncit']",arib pa timbuk guru buncit,arib pa timbuk guru buncit,Netral
gong banget end nya😭🤣🤣🤣🤣,0,gong banget end nya,gong banget end nya,"['gong', 'banget', 'end', 'nya']","['gong', 'banget', 'end', 'nya']","['gong', 'banget', 'end', 'nya']",gong banget end nya,gong banget end nya,Positif
IQ berkurang nonton ini,2,IQ berkurang nonton ini,iq berkurang nonton ini,"['iq', 'berkurang', 'nonton', 'ini']","['iq', 'berkurang', 'nonton']","['iq', 'kurang', 'nonton']",iq kurang nonton,iq kurang nonton,Negatif
iq aku naik -5 nonton ini bang,0,iq aku naik 5 nonton ini bang,iq aku naik 5 nonton ini bang,"['iq', 'aku', 'naik', '5', 'nonton', 'ini', 'bang']","['iq', '5', 'nonton', 'bang']","['iq', '5', 'nonton', 'bang']",iq 5 nonton bang,iq 5 nonton bang,Netral
yaampun seru banget😭😭,0,yaampun seru banget,yaampun seru banget,"['yaampun', 'seru', 'banget']","['yaampun', 'seru', 'banget']","['yaampun', 'seru', 'banget']",yaampun seru banget,yaampun seru banget,Positif
Sandy nggak takut ilmunya rontok apa ya ? 😭,0,Sandy nggak takut ilmunya rontok apa ya,sandy nggak takut ilmunya rontok apa ya,"['sandy', 'nggak', 'takut', 'ilmunya', 'rontok', 'apa', 'ya']","['sandy', 'nggak', 'takut', 'ilmunya', 'rontok', 'ya']","['sandy', 'nggak', 'takut', 'ilmu', 'rontok', 'ya']",sandy nggak takut ilmu rontok ya,sandy nggak takut ilmu rontok ya,Positif
"nonton ini tuh awalnya coba coba, lama lama ikutan gila🙂",0,nonton ini tuh awalnya coba coba lama lama ikutan gila,nonton ini tuh awalnya coba coba lama lama ikutan gila,"['nonton', 'ini', 'tuh', 'awalnya', 'coba', 'coba', 'lama', 'lama', 'ikutan', 'gila']","['nonton', 'tuh', 'coba', 'coba', 'ikutan', 'gila']","['nonton', 'tuh', 'coba', 'coba', 'ikut', 'gila']",nonton tuh coba coba ikut gila,nonton tuh coba coba ikut gila,Negatif
"mario kali ini aga ngeselin, yg sabar nik",0,mario kali ini aga ngeselin yang sabar nik,mario kali ini aga ngeselin yang sabar nik,"['mario', 'kali', 'ini', 'aga', 'ngeselin', 'yang', 'sabar', 'nik']","['mario', 'kali', 'aga', 'ngeselin', 'sabar', 'nik']","['mario', 'kali', 'aga', 'ngeselin', 'sabar', 'nik']",mario kali aga ngeselin sabar nik,mario kali aga ngeselin sabar nik,Negatif
durasinya 24 jam dongggggg,0,durasinya 24 jam dongggggg,durasinya 24 jam dongggggg,"['durasinya', '24', 'jam', 'dongggggg']","['durasinya', '24', 'jam', 'dongggggg']","['durasi', '24', 'jam', 'dongggggg']",durasi 24 jam dongggggg,durasi 24 jam dongggggg,Positif
"Kurang weh kurang, tiga orang ini harus sampe 350 eps. Tontonan yg mendidik buat anak muda seperti saya",1,Kurang weh kurang tiga orang ini harus sampe eps Tontonan yang mendidik buat anak muda seperti saya,kurang weh kurang tiga orang ini harus sampe eps tontonan yang mendidik buat anak muda seperti saya,"['kurang', 'weh', 'kurang', 'tiga', 'orang', 'ini', 'harus', 'sampe', 'eps', 'tontonan', 'yang', 'mendidik', 'buat', 'anak', 'muda', 'seperti', 'saya']","['weh', 'orang', 'sampe', 'eps', 'tontonan', 'mendidik', 'anak', 'muda']","['weh', 'orang', 'sampe', 'eps', 'tonton', 'didik', 'anak', 'muda']",weh orang sampe eps tonton didik anak muda,weh orang sampe eps tonton didik anak muda,Netral
"Maaf lambat nonton ketua, soalnya bru beli kuota",0,Maaf lambat nonton ketua soalnya bru beli kuota,maaf lambat nonton ketua soalnya bru beli kuota,"['maaf', 'lambat', 'nonton', 'ketua', 'soalnya', 'bru', 'beli', 'kuota']","['maaf', 'lambat', 'nonton', 'ketua', 'bru', 'beli', 'kuota']","['maaf', 'lambat', 'nonton', 'ketua', 'bru', 'beli', 'kuota']",maaf lambat nonton ketua bru beli kuota,maaf lambat nonton ketua bru beli kuota,Netral
Ngikik bgt😭😭,0,Ngikik banget,ngikik banget,"['ngikik', 'banget']","['ngikik', 'banget']","['ngikik', 'banget']",ngikik banget,ngikik banget,Positif
Gua capek,0,Gua capek,gua capek,"['gua', 'capek']","['gua', 'capek']","['gua', 'capek']",gua capek,gua capek,Negatif
perfect combo dari orang orang JENIUS dan WARAS,0,perfect combo dari orang orang JENIUS dan WARAS,perfect combo dari orang orang jenius dan waras,"['perfect', 'combo', 'dari', 'orang', 'orang', 'jenius', 'dan', 'waras']","['perfect', 'combo', 'orang', 'orang', 'jenius', 'waras']","['perfect', 'combo', 'orang', 'orang', 'jenius', 'waras']",perfect combo orang orang jenius waras,perfect combo orang orang jenius waras,Positif
PECAH BGT KETAWA GUA PAS BAGIAN NYANYI ANJER,0,PECAH banget KETAWA GUA PAS BAGIAN NYANYI ANJER,pecah banget ketawa gua pas bagian nyanyi anjer,"['pecah', 'banget', 'ketawa', 'gua', 'pas', 'bagian', 'nyanyi', 'anjer']","['pecah', 'banget', 'ketawa', 'gua', 'pas', 'nyanyi', 'anjer']","['pecah', 'banget', 'ketawa', 'gua', 'pas', 'nyanyi', 'anjer']",pecah banget ketawa gua pas nyanyi anjer,pecah banget ketawa gua pas nyanyi anjer,Positif
Lupa Sandy jga waras,0,Lupa Sandy jga waras,lupa sandy jga waras,"['lupa', 'sandy', 'jga', 'waras']","['lupa', 'sandy', 'jga', 'waras']","['lupa', 'sandy', 'jga', 'waras']",lupa sandy jga waras,lupa sandy jga waras,Positif
"Abis nonton ini, gw baru nyadar ternyata gw sewaras mereka🥺",0,Abis nonton ini saya baru nyadar ternyata saya sewaras mereka,abis nonton ini saya baru nyadar ternyata saya sewaras mereka,"['abis', 'nonton', 'ini', 'saya', 'baru', 'nyadar', 'ternyata', 'saya', 'sewaras', 'mereka']","['abis', 'nonton', 'nyadar', 'sewaras']","['abis', 'nonton', 'nyadar', 'waras']",abis nonton nyadar waras,abis nonton nyadar waras,Positif
Nonton ini berasa WARAS bangettt,0,Nonton ini berasa WARAS bangettt,nonton ini berasa waras bangettt,"['nonton', 'ini', 'berasa', 'waras', 'bangettt']","['nonton', 'berasa', 'waras', 'bangettt']","['nonton', 'asa', 'waras', 'bangettt']",nonton asa waras bangettt,nonton asa waras bangettt,Positif
shandy kamu akhirnya punya temen sepemikiran orang pintar (selamat),0,shandy kamu akhirnya punya temen sepemikiran orang pintar selamat,shandy kamu akhirnya punya temen sepemikiran orang pintar selamat,"['shandy', 'kamu', 'akhirnya', 'punya', 'temen', 'sepemikiran', 'orang', 'pintar', 'selamat']","['shandy', 'temen', 'sepemikiran', 'orang', 'pintar', 'selamat']","['shandy', 'temen', 'pikir', 'orang', 'pintar', 'selamat']",shandy temen pikir orang pintar selamat,shandy temen pikir orang pintar selamat,Positif
endingnya gong bangett😭😭,0,endingnya gong bangett,endingnya gong bangett,"['endingnya', 'gong', 'bangett']","['endingnya', 'gong', 'bangett']","['endingnya', 'gong', 'bangett']",endingnya gong bangett,endingnya gong bangett,Positif
"shitt,, ternyata yg nonton orang2 waras beneran 😢",0,shitt ternyata yang nonton orang2 waras beneran,shitt ternyata yang nonton orang2 waras beneran,"['shitt', 'ternyata', 'yang', 'nonton', 'orang2', 'waras', 'beneran']","['shitt', 'nonton', 'orang2', 'waras', 'beneran']","['shitt', 'nonton', 'orang2', 'waras', 'beneran']",shitt nonton orang2 waras beneran,shitt nonton orang2 waras beneran,Positif
gue juga 1 mei sihh... berarti bisa nih masuk ke geng jenius.. WKWKWKWKKW,0,gue juga 1 mei sihh berarti bisa nih masuk ke geng jenius WKWKWKWKKW,gue juga 1 mei sihh berarti bisa nih masuk ke geng jenius wkwkwkwkkw,"['gue', 'juga', '1', 'mei', 'sihh', 'berarti', 'bisa', 'nih', 'masuk', 'ke', 'geng', 'jenius', 'wkwkwkwkkw']","['gue', '1', 'mei', 'sihh', 'nih', 'masuk', 'geng', 'jenius', 'wkwkwkwkkw']","['gue', '1', 'mei', 'sihh', 'nih', 'masuk', 'geng', 'jenius', 'wkwkwkwkkw']",gue 1 mei sihh nih masuk geng jenius wkwkwkwkkw,gue 1 mei sihh nih masuk geng jenius wkwkwkwkkw,Netral
Sandy bisa juga jadi random gini wkkwk,0,Sandy bisa juga jadi random gini wkkwk,sandy bisa juga jadi random gini wkkwk,"['sandy', 'bisa', 'juga', 'jadi', 'random', 'gini', 'wkkwk']","['sandy', 'random', 'gini', 'wkkwk']","['sandy', 'random', 'gin', 'wkkwk']",sandy random gin wkkwk,sandy random gin wkkwk,Positif
Saatnya makaann,0,Saatnya makaann,saatnya makaann,"['saatnya', 'makaann']",['makaann'],['makaann'],makaann,makaann,Positif
"menurut saya mau se jenius Albert Einstein pun, kalo masuk podcast ini langsung ketularan absurd",0,menurut saya mau se jenius Albert Einstein pun kalo masuk podcast ini langsung ketularan absurd,menurut saya mau se jenius albert einstein pun kalo masuk podcast ini langsung ketularan absurd,"['menurut', 'saya', 'mau', 'se', 'jenius', 'albert', 'einstein', 'pun', 'kalo', 'masuk', 'podcast', 'ini', 'langsung', 'ketularan', 'absurd']","['jenius', 'albert', 'einstein', 'kalo', 'masuk', 'podcast', 'langsung', 'ketularan', 'absurd']","['jenius', 'albert', 'einstein', 'kalo', 'masuk', 'podcast', 'langsung', 'tular', 'absurd']",jenius albert einstein kalo masuk podcast langsung tular absurd,jenius albert einstein kalo masuk podcast langsung tular absurd,Positif
"Sandy.. pulang aja nakk, mamah khawatir",0,Sandy pulang aja nakk mamah khawatir,sandy pulang aja nakk mamah khawatir,"['sandy', 'pulang', 'aja', 'nakk', 'mamah', 'khawatir']","['sandy', 'pulang', 'aja', 'nakk', 'mamah', 'khawatir']","['sandy', 'pulang', 'aja', 'nakk', 'mamah', 'khawatir']",sandy pulang aja nakk mamah khawatir,sandy pulang aja nakk mamah khawatir,Negatif
"fakta ya guys, dulu gua les sempoa awalnya make sempoa, lanjut make kertas (gambar kerangka sempoa nanti harus bayangin ada biji sempoanya.) setelah itu pake imajinasi dan itu kepake bgt jd walaupun gua ga gitu jago itung-itungan masi bisa ngitung make teknik sempoa.",76,fakta ya guys dulu gua les sempoa awalnya make sempoa lanjut make kertas gambar kerangka sempoa nanti harus bayangin ada biji sempoanya setelah itu pake imajinasi dan itu kepake banget jadi walaupun gua ga gitu jago itungitungan masi bisa ngitung make teknik sempoa,fakta ya guys dulu gua les sempoa awalnya make sempoa lanjut make kertas gambar kerangka sempoa nanti harus bayangin ada biji sempoanya setelah itu pake imajinasi dan itu kepake banget jadi walaupun gua ga gitu jago itungitungan masi bisa ngitung make teknik sempoa,"['fakta', 'ya', 'guys', 'dulu', 'gua', 'les', 'sempoa', 'awalnya', 'make', 'sempoa', 'lanjut', 'make', 'kertas', 'gambar', 'kerangka', 'sempoa', 'nanti', 'harus', 'bayangin', 'ada', 'biji', 'sempoanya', 'setelah', 'itu', 'pake', 'imajinasi', 'dan', 'itu', 'kepake', 'banget', 'jadi', 'walaupun', 'gua', 'ga', 'gitu', 'jago', 'itungitungan', 'masi', 'bisa', 'ngitung', 'make', 'teknik', 'sempoa']","['fakta', 'ya', 'guys', 'gua', 'les', 'sempoa', 'make', 'sempoa', 'make', 'kertas', 'gambar', 'kerangka', 'sempoa', 'bayangin', 'biji', 'sempoanya', 'pake', 'imajinasi', 'kepake', 'banget', 'gua', 'ga', 'gitu', 'jago', 'itungitungan', 'masi', 'ngitung', 'make', 'teknik', 'sempoa']","['fakta', 'ya', 'guys', 'gua', 'les', 'sempoa', 'make', 'sempoa', 'make', 'kertas', 'gambar', 'kerangka', 'sempoa', 'bayangin', 'biji', 'sempoanya', 'pake', 'imajinasi', 'kepake', 'banget', 'gua', 'ga', 'gitu', 'jago', 'itungitungan', 'mas', 'ngitung', 'make', 'teknik', 'sempoa']",fakta ya guys gua les sempoa make sempoa make kertas gambar kerangka sempoa bayangin biji sempoanya pake imajinasi kepake banget gua ga gitu jago itungitungan mas ngitung make teknik sempoa,fakta ya guys gua les sempoa make sempoa make kertas gambar kerangka sempoa bayangin biji sempoanya pake imajinasi kepake banget gua ga gitu jago itungitungan mas ngitung make teknik sempoa,Netral
Daginggggg,1,Daginggggg,daginggggg,['daginggggg'],['daginggggg'],['daginggggg'],daginggggg,daginggggg,Positif
"undang sandy tiap hari plisssssss, gakuadd ngakak bangettt😭😭😭😭😭 <a href=""http://www.youtube.com/results?search_query=%23salammihumihu"">#salammihumihu</a>",0,undang sandy tiap hari plisssssss gakuadd ngakak bangettt,undang sandy tiap hari plisssssss gakuadd ngakak bangettt,"['undang', 'sandy', 'tiap', 'hari', 'plisssssss', 'gakuadd', 'ngakak', 'bangettt']","['undang', 'sandy', 'plisssssss', 'gakuadd', 'ngakak', 'bangettt']","['undang', 'sandy', 'plisssssss', 'gakuadd', 'ngakak', 'bangettt']",undang sandy plisssssss gakuadd ngakak bangettt,undang sandy plisssssss gakuadd ngakak bangettt,Positif
Jeniussss🛐,0,Jeniussss,jeniussss,['jeniussss'],['jeniussss'],['jeniussss'],jeniussss,jeniussss,Positif
Absen mihumihu ✌️,0,Absen mihumihu,absen mihumihu,"['absen', 'mihumihu']","['absen', 'mihumihu']","['absen', 'mihumihu']",absen mihumihu,absen mihumihu,Netral
"cape bgt nahan tawa, nonton dijam set 3 pagi, apalagi pas bagian &quot;guruku yg buncit&quot;",0,cape banget nahan tawa nonton dijam set 3 pagi apalagi pas bagian guruku yang buncit,cape banget nahan tawa nonton dijam set 3 pagi apalagi pas bagian guruku yang buncit,"['cape', 'banget', 'nahan', 'tawa', 'nonton', 'dijam', 'set', '3', 'pagi', 'apalagi', 'pas', 'bagian', 'guruku', 'yang', 'buncit']","['cape', 'banget', 'nahan', 'tawa', 'nonton', 'dijam', 'set', '3', 'pagi', 'pas', 'guruku', 'buncit']","['cape', 'banget', 'nahan', 'tawa', 'nonton', 'jam', 'set', '3', 'pagi', 'pas', 'guru', 'buncit']",cape banget nahan tawa nonton jam set 3 pagi pas guru buncit,cape banget nahan tawa nonton jam set 3 pagi pas guru buncit,Positif
kewarasan ini jangan lah cepat berlalu,0,kewarasan ini jangan lah cepat berlalu,kewarasan ini jangan lah cepat berlalu,"['kewarasan', 'ini', 'jangan', 'lah', 'cepat', 'berlalu']","['kewarasan', 'cepat']","['waras', 'cepat']",waras cepat,waras cepat,Positif
terseru,0,terseru,terseru,['terseru'],['terseru'],['seru'],seru,seru,Positif
CAPE BGT JUJUR😭,0,CAPE banget JUJUR,cape banget jujur,"['cape', 'banget', 'jujur']","['cape', 'banget', 'jujur']","['cape', 'banget', 'jujur']",cape banget jujur,cape banget jujur,Negatif
HAHAHAHAHAH DUKUNG WARAS: S-NYA SANDY✨️,0,HAHAHAHAHAH DUKUNG WARAS SNYA SANDY,hahahahahah dukung waras snya sandy,"['hahahahahah', 'dukung', 'waras', 'snya', 'sandy']","['hahahahahah', 'dukung', 'waras', 'snya', 'sandy']","['hahahahahah', 'dukung', 'waras', 'snya', 'sandy']",hahahahahah dukung waras snya sandy,hahahahahah dukung waras snya sandy,Negatif
ga eskpek nyambung,1,ga eskpek nyambung,ga eskpek nyambung,"['ga', 'eskpek', 'nyambung']","['ga', 'eskpek', 'nyambung']","['ga', 'eskpek', 'nyambung']",ga eskpek nyambung,ga eskpek nyambung,Positif
"next bareng Dante, fix",0,next bareng Dante fix,next bareng dante fix,"['next', 'bareng', 'dante', 'fix']","['next', 'bareng', 'dante', 'fix']","['next', 'bareng', 'dante', 'fix']",next bareng dante fix,next bareng dante fix,Netral
ehhh gua capekkk 😂,0,ehhh gua capekkk,ehhh gua capekkk,"['ehhh', 'gua', 'capekkk']","['ehhh', 'gua', 'capekkk']","['ehhh', 'gua', 'capekkk']",ehhh gua capekkk,ehhh gua capekkk,Negatif
Undang halda plis,0,Undang halda plis,undang halda plis,"['undang', 'halda', 'plis']","['undang', 'halda', 'plis']","['undang', 'halda', 'plis']",undang halda plis,undang halda plis,Netral
AKU 1 MEI JUGAAAA😭😭😭,0,AKU 1 MEI JUGAAAA,aku 1 mei jugaaaa,"['aku', '1', 'mei', 'jugaaaa']","['1', 'mei', 'jugaaaa']","['1', 'mei', 'jugaaaa']",1 mei jugaaaa,1 mei jugaaaa,Netral
benar benar podcast full daging,0,benar benar podcast full daging,benar benar podcast full daging,"['benar', 'benar', 'podcast', 'full', 'daging']","['podcast', 'full', 'daging']","['podcast', 'full', 'daging']",podcast full daging,podcast full daging,Positif
lucuuu bgtt klo benerann ada game family 100 trs ada sandy axel wkwk,0,lucuuu bgtt kalau benerann ada game family terus ada sandy axel wkwk,lucuuu bgtt kalau benerann ada game family terus ada sandy axel wkwk,"['lucuuu', 'bgtt', 'kalau', 'benerann', 'ada', 'game', 'family', 'terus', 'ada', 'sandy', 'axel', 'wkwk']","['lucuuu', 'bgtt', 'benerann', 'game', 'family', 'sandy', 'axel', 'wkwk']","['lucuuu', 'bgtt', 'benerann', 'game', 'family', 'sandy', 'axel', 'wkwk']",lucuuu bgtt benerann game family sandy axel wkwk,lucuuu bgtt benerann game family sandy axel wkwk,Positif
nunggu bangett eps sandy😭😭😭,0,nunggu bangett eps sandy,nunggu bangett eps sandy,"['nunggu', 'bangett', 'eps', 'sandy']","['nunggu', 'bangett', 'eps', 'sandy']","['nunggu', 'bangett', 'eps', 'sandy']",nunggu bangett eps sandy,nunggu bangett eps sandy,Positif
orang2 stress semua😭😭,0,orang2 stress semua,orang2 stress semua,"['orang2', 'stress', 'semua']","['orang2', 'stress']","['orang2', 'stress']",orang2 stress,orang2 stress,Negatif
Pliss undang daffa ariqq,0,Pliss undang daffa ariqq,pliss undang daffa ariqq,"['pliss', 'undang', 'daffa', 'ariqq']","['pliss', 'undang', 'daffa', 'ariqq']","['pliss', 'undang', 'daffa', 'ariqq']",pliss undang daffa ariqq,pliss undang daffa ariqq,Netral
sandy ngeblend banget sama orang waras😭😭😭,156,sandy ngeblend banget sama orang waras,sandy ngeblend banget sama orang waras,"['sandy', 'ngeblend', 'banget', 'sama', 'orang', 'waras']","['sandy', 'ngeblend', 'banget', 'orang', 'waras']","['sandy', 'ngeblend', 'banget', 'orang', 'waras']",sandy ngeblend banget orang waras,sandy ngeblend banget orang waras,Positif
Batal ikut kursus karna <br>baru sadar ilmu bisa di dapat<br>dari sini tanpa keluar uang😏,0,Batal ikut kursus karna baru sadar ilmu bisa di dapat dari sini tanpa keluar uang,batal ikut kursus karna baru sadar ilmu bisa di dapat dari sini tanpa keluar uang,"['batal', 'ikut', 'kursus', 'karna', 'baru', 'sadar', 'ilmu', 'bisa', 'di', 'dapat', 'dari', 'sini', 'tanpa', 'keluar', 'uang']","['batal', 'kursus', 'karna', 'sadar', 'ilmu', 'uang']","['batal', 'kursus', 'karna', 'sadar', 'ilmu', 'uang']",batal kursus karna sadar ilmu uang,batal kursus karna sadar ilmu uang,Positif
pecahhh bangettt endingnyaaa😭😭😭,0,pecahhh bangettt endingnyaaa,pecahhh bangettt endingnyaaa,"['pecahhh', 'bangettt', 'endingnyaaa']","['pecahhh', 'bangettt', 'endingnyaaa']","['pecahhh', 'bangettt', 'endingnyaaa']",pecahhh bangettt endingnyaaa,pecahhh bangettt endingnyaaa,Positif
Duhhh Sandy ketularan Niky hehe,0,Duhhh Sandy ketularan Niky hehe,duhhh sandy ketularan niky hehe,"['duhhh', 'sandy', 'ketularan', 'niky', 'hehe']","['duhhh', 'sandy', 'ketularan', 'niky', 'hehe']","['duhhh', 'sandy', 'tular', 'niky', 'hehe']",duhhh sandy tular niky hehe,duhhh sandy tular niky hehe,Positif
Sandy parah juga anj🤣🤣,1,Sandy parah juga anj,sandy parah juga anj,"['sandy', 'parah', 'juga', 'anj']","['sandy', 'parah', 'anj']","['sandy', 'parah', 'anj']",sandy parah anj,sandy parah anj,Negatif
kocakkk bgttt malah disatuin😭😭😭 thank u yaa udah ngundang sandy❤,22,kocakkk bgttt malah disatuin thank u yaa udah ngundang sandy,kocakkk bgttt malah disatuin thank u yaa udah ngundang sandy,"['kocakkk', 'bgttt', 'malah', 'disatuin', 'thank', 'u', 'yaa', 'udah', 'ngundang', 'sandy']","['kocakkk', 'bgttt', 'disatuin', 'thank', 'u', 'yaa', 'udah', 'ngundang', 'sandy']","['kocakkk', 'bgttt', 'disatuin', 'thank', 'u', 'yaa', 'udah', 'ngundang', 'sandy']",kocakkk bgttt disatuin thank u yaa udah ngundang sandy,kocakkk bgttt disatuin thank u yaa udah ngundang sandy,Positif
undang sandy lagi plissss,1,undang sandy lagi plissss,undang sandy lagi plissss,"['undang', 'sandy', 'lagi', 'plissss']","['undang', 'sandy', 'plissss']","['undang', 'sandy', 'plissss']",undang sandy plissss,undang sandy plissss,Netral
Podcast ini isinya daging bgt❤,1,Podcast ini isinya daging banget,podcast ini isinya daging banget,"['podcast', 'ini', 'isinya', 'daging', 'banget']","['podcast', 'isinya', 'daging', 'banget']","['podcast', 'isi', 'daging', 'banget']",podcast isi daging banget,podcast isi daging banget,Positif
iq langsung bertambah 35²,0,iq langsung bertambah 35,iq langsung bertambah 35,"['iq', 'langsung', 'bertambah', '35']","['iq', 'langsung', 'bertambah', '35']","['iq', 'langsung', 'tambah', '35']",iq langsung tambah 35,iq langsung tambah 35,Netral
ganyangka Sandy orang waras mentok. kaget tbtb berdiri kirain ngapain😭,20,ganyangka Sandy orang waras mentok kaget tbtb berdiri kirain ngapain,ganyangka sandy orang waras mentok kaget tbtb berdiri kirain ngapain,"['ganyangka', 'sandy', 'orang', 'waras', 'mentok', 'kaget', 'tbtb', 'berdiri', 'kirain', 'ngapain']","['ganyangka', 'sandy', 'orang', 'waras', 'mentok', 'kaget', 'tbtb', 'berdiri', 'kirain', 'ngapain']","['ganyangka', 'sandy', 'orang', 'waras', 'mentok', 'kaget', 'tbtb', 'diri', 'kirain', 'ngapain']",ganyangka sandy orang waras mentok kaget tbtb diri kirain ngapain,ganyangka sandy orang waras mentok kaget tbtb diri kirain ngapain,Positif
akhirnya aku makan lagi,0,akhirnya aku makan lagi,akhirnya aku makan lagi,"['akhirnya', 'aku', 'makan', 'lagi']",['makan'],['makan'],makan,makan,Positif
"eps terlucuuu <a href=""UCkszU2WH9gy1mb0dV-11UJg/KsIfY6LzFoLM6AKanYDQAg""></a>",0,eps terlucuuu,eps terlucuuu,"['eps', 'terlucuuu']","['eps', 'terlucuuu']","['eps', 'terlucuuu']",eps terlucuuu,eps terlucuuu,Positif
"Came for the thumbnail, stayed for the vibes",0,Came for the thumbnail stayed for the vibes,came for the thumbnail stayed for the vibes,"['came', 'for', 'the', 'thumbnail', 'stayed', 'for', 'the', 'vibes']","['came', 'for', 'the', 'thumbnail', 'stayed', 'for', 'the', 'vibes']","['came', 'for', 'the', 'thumbnail', 'stayed', 'for', 'the', 'vibes']",came for the thumbnail stayed for the vibes,came for the thumbnail stayed for the vibes,Positif
guru yang apa? 😭,0,guru yang apa,guru yang apa,"['guru', 'yang', 'apa']",['guru'],['guru'],guru,guru,Netral
WKSNAKANAJJA GAKUAT NGAKAK BGT BAGIAN S NYA SANDY😭😭😭😭😭😭😭,0,WKSNAKANAJJA GAKUAT NGAKAK banget BAGIAN S NYA SANDY,wksnakanajja gakuat ngakak banget bagian s nya sandy,"['wksnakanajja', 'gakuat', 'ngakak', 'banget', 'bagian', 's', 'nya', 'sandy']","['wksnakanajja', 'gakuat', 'ngakak', 'banget', 's', 'nya', 'sandy']","['wksnakanajja', 'gakuat', 'ngakak', 'banget', 's', 'nya', 'sandy']",wksnakanajja gakuat ngakak banget s nya sandy,wksnakanajja gakuat ngakak banget s nya sandy,Positif
oemjiii inii lucuuu abisss,0,oemjiii inii lucuuu abisss,oemjiii inii lucuuu abisss,"['oemjiii', 'inii', 'lucuuu', 'abisss']","['oemjiii', 'inii', 'lucuuu', 'abisss']","['oemjiii', 'ini', 'lucuuu', 'abisss']",oemjiii ini lucuuu abisss,oemjiii ini lucuuu abisss,Positif
kurang panjang durasinyaaa WKWKWKWKWWK,0,kurang panjang durasinyaaa WKWKWKWKWWK,kurang panjang durasinyaaa wkwkwkwkwwk,"['kurang', 'panjang', 'durasinyaaa', 'wkwkwkwkwwk']","['durasinyaaa', 'wkwkwkwkwwk']","['durasinyaaa', 'wkwkwkwkwwk']",durasinyaaa wkwkwkwkwwk,durasinyaaa wkwkwkwkwwk,Positif
GOONNGGG,0,GOONNGGG,goonnggg,['goonnggg'],['goonnggg'],['goonnggg'],goonnggg,goonnggg,Positif
Beneran deh mau nanya niky sama mario nih beneran pinter gasi? mrk kuliah di mn dulu soalny niky keliatan pinter b.inggris nya😂,0,Beneran deh mau nanya niky sama mario nih beneran pinter gasi mrk kuliah di mn dulu soalny niky keliatan pinter binggris nya,beneran deh mau nanya niky sama mario nih beneran pinter gasi mrk kuliah di mn dulu soalny niky keliatan pinter binggris nya,"['beneran', 'deh', 'mau', 'nanya', 'niky', 'sama', 'mario', 'nih', 'beneran', 'pinter', 'gasi', 'mrk', 'kuliah', 'di', 'mn', 'dulu', 'soalny', 'niky', 'keliatan', 'pinter', 'binggris', 'nya']","['beneran', 'deh', 'nanya', 'niky', 'mario', 'nih', 'beneran', 'pinter', 'gasi', 'mrk', 'kuliah', 'mn', 'soalny', 'niky', 'keliatan', 'pinter', 'binggris', 'nya']","['beneran', 'deh', 'nanya', 'niky', 'mario', 'nih', 'beneran', 'pinter', 'gas', 'mrk', 'kuliah', 'mn', 'soalny', 'niky', 'liat', 'pinter', 'binggris', 'nya']",beneran deh nanya niky mario nih beneran pinter gas mrk kuliah mn soalny niky liat pinter binggris nya,beneran deh nanya niky mario nih beneran pinter gas mrk kuliah mn soalny niky liat pinter binggris nya,Positif
PLISSSSS BUAT EPS SELANJUTNYA SAMA SANDY LAGIIIII❤,0,PLISSSSS BUAT EPS SELANJUTNYA SAMA SANDY LAGIIIII,plisssss buat eps selanjutnya sama sandy lagiiiii,"['plisssss', 'buat', 'eps', 'selanjutnya', 'sama', 'sandy', 'lagiiiii']","['plisssss', 'eps', 'sandy', 'lagiiiii']","['plisssss', 'eps', 'sandy', 'lagiiiii']",plisssss eps sandy lagiiiii,plisssss eps sandy lagiiiii,Positif
CHANNEL ini membungkus kisah nyata dengan treatment visual minimalis ala 𝐑̲ 𝐏̲ 𝟕̲ 𝟕̲,0,CHANNEL ini membungkus kisah nyata dengan treatment visual minimalis ala,channel ini membungkus kisah nyata dengan treatment visual minimalis ala,"['channel', 'ini', 'membungkus', 'kisah', 'nyata', 'dengan', 'treatment', 'visual', 'minimalis', 'ala']","['channel', 'membungkus', 'kisah', 'nyata', 'treatment', 'visual', 'minimalis', 'ala']","['channel', 'bungkus', 'kisah', 'nyata', 'treatment', 'visual', 'minimal', 'ala']",channel bungkus kisah nyata treatment visual minimal ala,channel bungkus kisah nyata treatment visual minimal ala,Netral
Serru banget Pliss Se frekuensi,0,Serru banget Pliss Se frekuensi,serru banget pliss se frekuensi,"['serru', 'banget', 'pliss', 'se', 'frekuensi']","['serru', 'banget', 'pliss', 'frekuensi']","['serru', 'banget', 'pliss', 'frekuensi']",serru banget pliss frekuensi,serru banget pliss frekuensi,Positif
capee ketawa sepanjang videoo wkwkwkwk,0,capee ketawa sepanjang videoo wkwkwkwk,capee ketawa sepanjang videoo wkwkwkwk,"['capee', 'ketawa', 'sepanjang', 'videoo', 'wkwkwkwk']","['capee', 'ketawa', 'videoo', 'wkwkwkwk']","['capee', 'ketawa', 'videoo', 'wkwkwkwk']",capee ketawa videoo wkwkwkwk,capee ketawa videoo wkwkwkwk,Positif
Bisa bisanya sefrekuensi wkwkwk,0,Bisa bisanya sefrekuensi wkwkwk,bisa bisanya sefrekuensi wkwkwk,"['bisa', 'bisanya', 'sefrekuensi', 'wkwkwk']","['bisanya', 'sefrekuensi', 'wkwkwk']","['bisa', 'frekuensi', 'wkwkwk']",bisa frekuensi wkwkwk,bisa frekuensi wkwkwk,Positif
EPISODE KALI INI SANGAT BERAT 😮😮😮😂😂😂😂,0,EPISODE KALI INI SANGAT BERAT,episode kali ini sangat berat,"['episode', 'kali', 'ini', 'sangat', 'berat']","['episode', 'kali', 'berat']","['episode', 'kali', 'berat']",episode kali berat,episode kali berat,Netral
ga ada di indonesia yg lbh bener dari podcast keluarga artis. bahkan ini lah satu2nya kebenara  di indonesia. 😊,23,ga ada di indonesia yang lbh bener dari podcast keluarga artis bahkan ini lah satu2nya kebenara di indonesia,ga ada di indonesia yang lbh bener dari podcast keluarga artis bahkan ini lah satu2nya kebenara di indonesia,"['ga', 'ada', 'di', 'indonesia', 'yang', 'lbh', 'bener', 'dari', 'podcast', 'keluarga', 'artis', 'bahkan', 'ini', 'lah', 'satu2nya', 'kebenara', 'di', 'indonesia']","['ga', 'indonesia', 'lbh', 'bener', 'podcast', 'keluarga', 'artis', 'satu2nya', 'kebenara', 'indonesia']","['ga', 'indonesia', 'lbh', 'bener', 'podcast', 'keluarga', 'artis', 'satu2nya', 'benara', 'indonesia']",ga indonesia lbh bener podcast keluarga artis satu2nya benara indonesia,ga indonesia lbh bener podcast keluarga artis satu2nya benara indonesia,Positif
Minimal 3jam ini mah harusnya 😭,0,Minimal 3jam ini mah harusnya,minimal 3jam ini mah harusnya,"['minimal', '3jam', 'ini', 'mah', 'harusnya']","['minimal', '3jam', 'mah']","['minimal', '3jam', 'mah']",minimal 3jam mah,minimal 3jam mah,Netral
susu ultramilk,0,susu ultramilk,susu ultramilk,"['susu', 'ultramilk']","['susu', 'ultramilk']","['susu', 'ultramilk']",susu ultramilk,susu ultramilk,Positif
PODCAST MANFAAATTTT,0,PODCAST MANFAAATTTT,podcast manfaaatttt,"['podcast', 'manfaaatttt']","['podcast', 'manfaaatttt']","['podcast', 'manfaaatttt']",podcast manfaaatttt,podcast manfaaatttt,Positif
SUKAAAKKKK,0,SUKAAAKKKK,sukaaakkkk,['sukaaakkkk'],['sukaaakkkk'],['sukaaakkkk'],sukaaakkkk,sukaaakkkk,Positif
MIHU MIHUUUUUUU,0,MIHU MIHUUUUUUU,mihu mihuuuuuuu,"['mihu', 'mihuuuuuuu']","['mihu', 'mihuuuuuuu']","['mihu', 'mihuuuuuuu']",mihu mihuuuuuuu,mihu mihuuuuuuu,Netral
KOCAKKKK BANGETTT,0,KOCAKKKK BANGETTT,kocakkkk bangettt,"['kocakkkk', 'bangettt']","['kocakkkk', 'bangettt']","['kocakkkk', 'bangettt']",kocakkkk bangettt,kocakkkk bangettt,Positif
IHHH MAKIIIIN LUCUUUUUUU,0,IHHH MAKIIIIN LUCUUUUUUU,ihhh makiiiin lucuuuuuuu,"['ihhh', 'makiiiin', 'lucuuuuuuu']","['ihhh', 'makiiiin', 'lucuuuuuuu']","['ihhh', 'makiiiin', 'lucuuuuuuu']",ihhh makiiiin lucuuuuuuu,ihhh makiiiin lucuuuuuuu,Positif
next sama vino pls,0,next sama vino pls,next sama vino pls,"['next', 'sama', 'vino', 'pls']","['next', 'vino', 'pls']","['next', 'vino', 'pls']",next vino pls,next vino pls,Netral
HAYAHAAHAHAH STRESS,0,HAYAHAAHAHAH STRESS,hayahaahahah stress,"['hayahaahahah', 'stress']","['hayahaahahah', 'stress']","['hayahaahahah', 'stress']",hayahaahahah stress,hayahaahahah stress,Positif
Baru juga sampai &quot;Pak Timbul Pak Arif guruku yang sangat buncit&quot; malah udahan nyanyinya 🤣,0,Baru juga sampai Pak Timbul Pak Arif guruku yang sangat buncit malah udahan nyanyinya,baru juga sampai pak timbul pak arif guruku yang sangat buncit malah udahan nyanyinya,"['baru', 'juga', 'sampai', 'pak', 'timbul', 'pak', 'arif', 'guruku', 'yang', 'sangat', 'buncit', 'malah', 'udahan', 'nyanyinya']","['timbul', 'arif', 'guruku', 'buncit', 'udahan', 'nyanyinya']","['timbul', 'arif', 'guru', 'buncit', 'udahan', 'nyanyi']",timbul arif guru buncit udahan nyanyi,timbul arif guru buncit udahan nyanyi,Negatif
kocak bgt😂😂😂🤣🤣🤣,0,kocak banget,kocak banget,"['kocak', 'banget']","['kocak', 'banget']","['kocak', 'banget']",kocak banget,kocak banget,Positif
oh i love u orang² WARAS,1,oh i love u orang WARAS,oh i love u orang waras,"['oh', 'i', 'love', 'u', 'orang', 'waras']","['oh', 'i', 'love', 'u', 'orang', 'waras']","['oh', 'i', 'love', 'u', 'orang', 'waras']",oh i love u orang waras,oh i love u orang waras,Positif
PETJAHHHH ABIZZZZZZ,0,PETJAHHHH ABIZZZZZZ,petjahhhh abizzzzzz,"['petjahhhh', 'abizzzzzz']","['petjahhhh', 'abizzzzzz']","['petjahhhh', 'abizzzzzz']",petjahhhh abizzzzzz,petjahhhh abizzzzzz,Positif
sandy begitu menikmati adaptasinya wkwkwk,0,sandy begitu menikmati adaptasinya wkwkwk,sandy begitu menikmati adaptasinya wkwkwk,"['sandy', 'begitu', 'menikmati', 'adaptasinya', 'wkwkwk']","['sandy', 'menikmati', 'adaptasinya', 'wkwkwk']","['sandy', 'nikmat', 'adaptasi', 'wkwkwk']",sandy nikmat adaptasi wkwkwk,sandy nikmat adaptasi wkwkwk,Positif
next bikin lg sm sandy axel jg dong!!,0,next bikin lg sama sandy axel juga dong,next bikin lg sama sandy axel juga dong,"['next', 'bikin', 'lg', 'sama', 'sandy', 'axel', 'juga', 'dong']","['next', 'bikin', 'lg', 'sandy', 'axel']","['next', 'bikin', 'lg', 'sandy', 'axel']",next bikin lg sandy axel,next bikin lg sandy axel,Netral
ANJIR NGAKAK BGTTTTT HAHAHAHAHAHAAHAHAHAHAHAHAHAHAHAHAHAHAH,0,ANJIR NGAKAK BGTTTTT HAHAHAHAHAHAAHAHAHAHAHAHAHAHAHAHAHAHAH,anjir ngakak bgttttt hahahahahahaahahahahahahahahahahahahah,"['anjir', 'ngakak', 'bgttttt', 'hahahahahahaahahahahahahahahahahahahah']","['anjir', 'ngakak', 'bgttttt', 'hahahahahahaahahahahahahahahahahahahah']","['anjir', 'ngakak', 'bgttttt', 'hahahahahahaahahahahahahahahahahahahah']",anjir ngakak bgttttt hahahahahahaahahahahahahahahahahahahah,anjir ngakak bgttttt hahahahahahaahahahahahahahahahahahahah,Positif
takut banget sefrekuensi 😭,0,takut banget sefrekuensi,takut banget sefrekuensi,"['takut', 'banget', 'sefrekuensi']","['takut', 'banget', 'sefrekuensi']","['takut', 'banget', 'frekuensi']",takut banget frekuensi,takut banget frekuensi,Netral
seru banget wkwkwkkwkwkw,0,seru banget wkwkwkkwkwkw,seru banget wkwkwkkwkwkw,"['seru', 'banget', 'wkwkwkkwkwkw']","['seru', 'banget', 'wkwkwkkwkwkw']","['seru', 'banget', 'wkwkwkkwkwkw']",seru banget wkwkwkkwkwkw,seru banget wkwkwkkwkwkw,Positif
"<a href=""https://www.youtube.com/watch?v=CaklHISbki8&amp;t=308"">5:08</a> oh jadi ini alasan timbulnya reels &quot;kita kembar&quot;😂",0,oh jadi ini alasan timbulnya reels kita kembar,oh jadi ini alasan timbulnya reels kita kembar,"['oh', 'jadi', 'ini', 'alasan', 'timbulnya', 'reels', 'kita', 'kembar']","['oh', 'alasan', 'timbulnya', 'reels', 'kembar']","['oh', 'alas', 'timbul', 'reels', 'kembar']",oh alas timbul reels kembar,oh alas timbul reels kembar,Netral
KOCAK BGTTT NI EPS,0,KOCAK BGTTT NI EPS,kocak bgttt ni eps,"['kocak', 'bgttt', 'ni', 'eps']","['kocak', 'bgttt', 'ni', 'eps']","['kocak', 'bgttt', 'ni', 'eps']",kocak bgttt ni eps,kocak bgttt ni eps,Positif
"kenapa bentar bgt, seru bgt anjir",0,kenapa bentar banget seru banget anjir,kenapa bentar banget seru banget anjir,"['kenapa', 'bentar', 'banget', 'seru', 'banget', 'anjir']","['bentar', 'banget', 'seru', 'banget', 'anjir']","['bentar', 'banget', 'seru', 'banget', 'anjir']",bentar banget seru banget anjir,bentar banget seru banget anjir,Positif
"ngabrutt, ditambah editannya jadi makin ngakaakm😂",0,ngabrutt ditambah editannya jadi makin ngakaakm,ngabrutt ditambah editannya jadi makin ngakaakm,"['ngabrutt', 'ditambah', 'editannya', 'jadi', 'makin', 'ngakaakm']","['ngabrutt', 'ditambah', 'editannya', 'ngakaakm']","['ngabrutt', 'tambah', 'edit', 'ngakaakm']",ngabrutt tambah edit ngakaakm,ngabrutt tambah edit ngakaakm,Positif
KOK PENDEKKKK DURASINYA,0,KOK PENDEKKKK DURASINYA,kok pendekkkk durasinya,"['kok', 'pendekkkk', 'durasinya']","['pendekkkk', 'durasinya']","['pendekkkk', 'durasi']",pendekkkk durasi,pendekkkk durasi,Negatif
"SANDY, MARIO, NIKI CHEMISTRY NYA DAPET BANGETTT SUKA PLEASE HARUS UNDANG LAGI",0,SANDY MARIO NIKI CHEMISTRY NYA DAPET BANGETTT SUKA PLEASE HARUS UNDANG LAGI,sandy mario niki chemistry nya dapet bangettt suka please harus undang lagi,"['sandy', 'mario', 'niki', 'chemistry', 'nya', 'dapet', 'bangettt', 'suka', 'please', 'harus', 'undang', 'lagi']","['sandy', 'mario', 'niki', 'chemistry', 'nya', 'dapet', 'bangettt', 'suka', 'please', 'undang']","['sandy', 'mario', 'nik', 'chemistry', 'nya', 'dapet', 'bangettt', 'suka', 'please', 'undang']",sandy mario nik chemistry nya dapet bangettt suka please undang,sandy mario nik chemistry nya dapet bangettt suka please undang,Positif
aku keluar dari bimbel karena sadar kalo semua ilmu bisa aku dapatkan lewat podcast ini,5558,aku keluar dari bimbel karena sadar kalo semua ilmu bisa aku dapatkan lewat podcast ini,aku keluar dari bimbel karena sadar kalo semua ilmu bisa aku dapatkan lewat podcast ini,"['aku', 'keluar', 'dari', 'bimbel', 'karena', 'sadar', 'kalo', 'semua', 'ilmu', 'bisa', 'aku', 'dapatkan', 'lewat', 'podcast', 'ini']","['bimbel', 'sadar', 'kalo', 'ilmu', 'dapatkan', 'podcast']","['bimbel', 'sadar', 'kalo', 'ilmu', 'dapat', 'podcast']",bimbel sadar kalo ilmu dapat podcast,bimbel sadar kalo ilmu dapat podcast,Positif
"<a href=""https://www.youtube.com/watch?v=CaklHISbki8&amp;t=289"">4:49</a> seru bgt sumpah",1,seru banget sumpah,seru banget sumpah,"['seru', 'banget', 'sumpah']","['seru', 'banget', 'sumpah']","['seru', 'banget', 'sumpah']",seru banget sumpah,seru banget sumpah,Positif
next minul,0,next minul,next minul,"['next', 'minul']","['next', 'minul']","['next', 'minul']",next minul,next minul,Netral
EDITOR BARUNYA GA KALAH SERUUUUUU iloveit😘😋🤭,18,EDITOR BARUNYA GA KALAH SERUUUUUU iloveit,editor barunya ga kalah seruuuuuu iloveit,"['editor', 'barunya', 'ga', 'kalah', 'seruuuuuu', 'iloveit']","['editor', 'barunya', 'ga', 'kalah', 'seruuuuuu', 'iloveit']","['editor', 'baru', 'ga', 'kalah', 'seruuuuuu', 'iloveit']",editor baru ga kalah seruuuuuu iloveit,editor baru ga kalah seruuuuuu iloveit,Positif
Tapiii niki sama sandy beneran mirip,0,Tapiii niki sama sandy beneran mirip,tapiii niki sama sandy beneran mirip,"['tapiii', 'niki', 'sama', 'sandy', 'beneran', 'mirip']","['tapiii', 'niki', 'sandy', 'beneran']","['tapiii', 'nik', 'sandy', 'beneran']",tapiii nik sandy beneran,tapiii nik sandy beneran,Netral
undang xaviera,0,undang xaviera,undang xaviera,"['undang', 'xaviera']","['undang', 'xaviera']","['undang', 'xaviera']",undang xaviera,undang xaviera,Netral
gamau fotonya tetep di omongin☺️,0,gamau fotonya tetep di omongin,gamau fotonya tetep di omongin,"['gamau', 'fotonya', 'tetep', 'di', 'omongin']","['gamau', 'fotonya', 'tetep', 'omongin']","['gamau', 'foto', 'tetep', 'omongin']",gamau foto tetep omongin,gamau foto tetep omongin,Negatif
"sebagai anak sempoa relate bgt sih cara ngitungnya haha, aku sampe dikatain aneh karna ngitung cepat tp tangannya gerak gerak wkwkw",0,sebagai anak sempoa relate banget sih cara ngitungnya haha aku sampe dikatain aneh karna ngitung cepat tapi tangannya gerak gerak wkwkw,sebagai anak sempoa relate banget sih cara ngitungnya haha aku sampe dikatain aneh karna ngitung cepat tapi tangannya gerak gerak wkwkw,"['sebagai', 'anak', 'sempoa', 'relate', 'banget', 'sih', 'cara', 'ngitungnya', 'haha', 'aku', 'sampe', 'dikatain', 'aneh', 'karna', 'ngitung', 'cepat', 'tapi', 'tangannya', 'gerak', 'gerak', 'wkwkw']","['anak', 'sempoa', 'relate', 'banget', 'sih', 'ngitungnya', 'haha', 'sampe', 'dikatain', 'aneh', 'karna', 'ngitung', 'cepat', 'tangannya', 'gerak', 'gerak', 'wkwkw']","['anak', 'sempoa', 'relate', 'banget', 'sih', 'ngitungnya', 'haha', 'sampe', 'dikatain', 'aneh', 'karna', 'ngitung', 'cepat', 'tangan', 'gerak', 'gerak', 'wkwkw']",anak sempoa relate banget sih ngitungnya haha sampe dikatain aneh karna ngitung cepat tangan gerak gerak wkwkw,anak sempoa relate banget sih ngitungnya haha sampe dikatain aneh karna ngitung cepat tangan gerak gerak wkwkw,Netral
hadirr orang  warasss❤❤,0,hadirr orang warasss,hadirr orang warasss,"['hadirr', 'orang', 'warasss']","['hadirr', 'orang', 'warasss']","['hadirr', 'orang', 'warasss']",hadirr orang warasss,hadirr orang warasss,Positif
KO BENTAR BGT DURASINYA YAWLO????!? TEGAAAA,0,KO BENTAR banget DURASINYA YAWLO TEGAAAA,ko bentar banget durasinya yawlo tegaaaa,"['ko', 'bentar', 'banget', 'durasinya', 'yawlo', 'tegaaaa']","['ko', 'bentar', 'banget', 'durasinya', 'yawlo', 'tegaaaa']","['ko', 'bentar', 'banget', 'durasi', 'yawlo', 'tegaaaa']",ko bentar banget durasi yawlo tegaaaa,ko bentar banget durasi yawlo tegaaaa,Negatif
eps ini pecah sih kejeniusan mereka di luar nalar coy,0,eps ini pecah sih kejeniusan mereka di luar nalar coy,eps ini pecah sih kejeniusan mereka di luar nalar coy,"['eps', 'ini', 'pecah', 'sih', 'kejeniusan', 'mereka', 'di', 'luar', 'nalar', 'coy']","['eps', 'pecah', 'sih', 'kejeniusan', 'nalar', 'coy']","['eps', 'pecah', 'sih', 'jenius', 'nalar', 'coy']",eps pecah sih jenius nalar coy,eps pecah sih jenius nalar coy,Positif
obrolan yang sangat MENUNTUN masyarakat tuk tetap WARAS🧚‍♀️,0,obrolan yang sangat MENUNTUN masyarakat tuk tetap WARAS,obrolan yang sangat menuntun masyarakat tuk tetap waras,"['obrolan', 'yang', 'sangat', 'menuntun', 'masyarakat', 'tuk', 'tetap', 'waras']","['obrolan', 'menuntun', 'masyarakat', 'tuk', 'waras']","['obrol', 'tuntun', 'masyarakat', 'tuk', 'waras']",obrol tuntun masyarakat tuk waras,obrol tuntun masyarakat tuk waras,Positif
Liat mario niki ini kayak liat gumbal darwin 😂,0,Liat mario niki ini kayak liat gumbal darwin,liat mario niki ini kayak liat gumbal darwin,"['liat', 'mario', 'niki', 'ini', 'kayak', 'liat', 'gumbal', 'darwin']","['liat', 'mario', 'niki', 'kayak', 'liat', 'gumbal', 'darwin']","['liat', 'mario', 'nik', 'kayak', 'liat', 'gumbal', 'darwin']",liat mario nik kayak liat gumbal darwin,liat mario nik kayak liat gumbal darwin,Netral
PECAH BGTTTT WKWKWKWKKWW SAKIT BANGET DADA NAHAN KETAWA MALAM2,0,PECAH BGTTTT WKWKWKWKKWW SAKIT BANGET DADA NAHAN KETAWA MALAM2,pecah bgtttt wkwkwkwkkww sakit banget dada nahan ketawa malam2,"['pecah', 'bgtttt', 'wkwkwkwkkww', 'sakit', 'banget', 'dada', 'nahan', 'ketawa', 'malam2']","['pecah', 'bgtttt', 'wkwkwkwkkww', 'sakit', 'banget', 'dada', 'nahan', 'ketawa', 'malam2']","['pecah', 'bgtttt', 'wkwkwkwkkww', 'sakit', 'banget', 'dada', 'nahan', 'ketawa', 'malam2']",pecah bgtttt wkwkwkwkkww sakit banget dada nahan ketawa malam2,pecah bgtttt wkwkwkwkkww sakit banget dada nahan ketawa malam2,Positif
SERU BGT PART 2 PLS😭 asbunnya nyambung bgt,0,SERU banget PART 2 PLS asbunnya nyambung banget,seru banget part 2 pls asbunnya nyambung banget,"['seru', 'banget', 'part', '2', 'pls', 'asbunnya', 'nyambung', 'banget']","['seru', 'banget', 'part', '2', 'pls', 'asbunnya', 'nyambung', 'banget']","['seru', 'banget', 'part', '2', 'pls', 'asbunnya', 'nyambung', 'banget']",seru banget part 2 pls asbunnya nyambung banget,seru banget part 2 pls asbunnya nyambung banget,Positif
Kuranggg lamaaa,0,Kuranggg lamaaa,kuranggg lamaaa,"['kuranggg', 'lamaaa']","['kuranggg', 'lamaaa']","['kuranggg', 'lamaaa']",kuranggg lamaaa,kuranggg lamaaa,Negatif
"PADAHAL SELUCU INI KO BISA YA ORG ORG GATAU, GUA BAKAL KOAR KOAR KE TMN GUA BUAT NONTON INI SIH",0,PADAHAL SELUCU INI KO BISA YA ORG ORG GATAU GUA BAKAL KOAR KOAR KE TMN GUA BUAT NONTON INI SIH,padahal selucu ini ko bisa ya org org gatau gua bakal koar koar ke tmn gua buat nonton ini sih,"['padahal', 'selucu', 'ini', 'ko', 'bisa', 'ya', 'org', 'org', 'gatau', 'gua', 'bakal', 'koar', 'koar', 'ke', 'tmn', 'gua', 'buat', 'nonton', 'ini', 'sih']","['selucu', 'ko', 'ya', 'org', 'org', 'gatau', 'gua', 'koar', 'koar', 'tmn', 'gua', 'nonton', 'sih']","['lucu', 'ko', 'ya', 'org', 'org', 'gatau', 'gua', 'koar', 'koar', 'tmn', 'gua', 'nonton', 'sih']",lucu ko ya org org gatau gua koar koar tmn gua nonton sih,lucu ko ya org org gatau gua koar koar tmn gua nonton sih,Positif
podcast underanted si ini,0,podcast underanted si ini,podcast underanted si ini,"['podcast', 'underanted', 'si', 'ini']","['podcast', 'underanted', 'si']","['podcast', 'underanted', 'si']",podcast underanted si,podcast underanted si,Positif
"weeh kok 30 menit berasa cepet bgt alias g terasa karna asik bgt, bisa g ya durasinya ditambah? (bertanya dg nada rendah) <a href=""http://www.youtube.com/results?search_query=%23salamorangwaras"">#salamorangwaras</a>",0,weeh kok 30 menit berasa cepet banget alias g terasa karna asik banget bisa g ya durasinya ditambah bertanya dg nada rendah,weeh kok 30 menit berasa cepet banget alias g terasa karna asik banget bisa g ya durasinya ditambah bertanya dg nada rendah,"['weeh', 'kok', '30', 'menit', 'berasa', 'cepet', 'banget', 'alias', 'g', 'terasa', 'karna', 'asik', 'banget', 'bisa', 'g', 'ya', 'durasinya', 'ditambah', 'bertanya', 'dg', 'nada', 'rendah']","['weeh', '30', 'menit', 'berasa', 'cepet', 'banget', 'alias', 'g', 'karna', 'asik', 'banget', 'g', 'ya', 'durasinya', 'ditambah', 'dg', 'nada', 'rendah']","['weeh', '30', 'menit', 'asa', 'cepet', 'banget', 'alias', 'g', 'karna', 'asik', 'banget', 'g', 'ya', 'durasi', 'tambah', 'dg', 'nada', 'rendah']",weeh 30 menit asa cepet banget alias g karna asik banget g ya durasi tambah dg nada rendah,weeh 30 menit asa cepet banget alias g karna asik banget g ya durasi tambah dg nada rendah,Positif
KURANG LAMA WEH😭😭😭😭,0,KURANG LAMA WEH,kurang lama weh,"['kurang', 'lama', 'weh']",['weh'],['weh'],weh,weh,Negatif
"<a href=""https://www.youtube.com/watch?v=CaklHISbki8&amp;t=1733"">28:53</a> si sandy totalitas banget njir",1,si sandy totalitas banget njir,si sandy totalitas banget njir,"['si', 'sandy', 'totalitas', 'banget', 'njir']","['si', 'sandy', 'totalitas', 'banget', 'njir']","['si', 'sandy', 'totalitas', 'banget', 'njir']",si sandy totalitas banget njir,si sandy totalitas banget njir,Positif
Wooooo ternyata Sandy lucu lawak banget,0,Wooooo ternyata Sandy lucu lawak banget,wooooo ternyata sandy lucu lawak banget,"['wooooo', 'ternyata', 'sandy', 'lucu', 'lawak', 'banget']","['wooooo', 'sandy', 'lucu', 'lawak', 'banget']","['wooooo', 'sandy', 'lucu', 'lawak', 'banget']",wooooo sandy lucu lawak banget,wooooo sandy lucu lawak banget,Positif
nonton ini membuatku makin jenius!,0,nonton ini membuatku makin jenius,nonton ini membuatku makin jenius,"['nonton', 'ini', 'membuatku', 'makin', 'jenius']","['nonton', 'membuatku', 'jenius']","['nonton', 'buat', 'jenius']",nonton buat jenius,nonton buat jenius,Positif
S1 Teknik Perasbunan,0,S1 Teknik Perasbunan,s1 teknik perasbunan,"['s1', 'teknik', 'perasbunan']","['s1', 'teknik', 'perasbunan']","['s1', 'teknik', 'perasbunan']",s1 teknik perasbunan,s1 teknik perasbunan,Negatif
Sandy cocok bgt ini,0,Sandy cocok banget ini,sandy cocok banget ini,"['sandy', 'cocok', 'banget', 'ini']","['sandy', 'cocok', 'banget']","['sandy', 'cocok', 'banget']",sandy cocok banget,sandy cocok banget,Positif
akhir nya gw makan 🥲🥲,0,akhir nya saya makan,akhir nya saya makan,"['akhir', 'nya', 'saya', 'makan']","['nya', 'makan']","['nya', 'makan']",nya makan,nya makan,Positif
PECAHHH KETAWA BGTT😭,0,PECAHHH KETAWA BGTT,pecahhh ketawa bgtt,"['pecahhh', 'ketawa', 'bgtt']","['pecahhh', 'ketawa', 'bgtt']","['pecahhh', 'ketawa', 'bgtt']",pecahhh ketawa bgtt,pecahhh ketawa bgtt,Positif
TEH YAYA MARAH BESAR GK DI PAJANG INIH,0,TEH YAYA MARAH BESAR tidak DI PAJANG INIH,teh yaya marah besar tidak di pajang inih,"['teh', 'yaya', 'marah', 'besar', 'tidak', 'di', 'pajang', 'inih']","['teh', 'yaya', 'marah', 'pajang', 'inih']","['teh', 'yaya', 'marah', 'pajang', 'inih']",teh yaya marah pajang inih,teh yaya marah pajang inih,Negatif
"Coba postnya jangan seminggu sekali,, lebih dipercepat!!, joksnya masuk digua😭😭😭",0,Coba postnya jangan seminggu sekali lebih dipercepat joksnya masuk digua,coba postnya jangan seminggu sekali lebih dipercepat joksnya masuk digua,"['coba', 'postnya', 'jangan', 'seminggu', 'sekali', 'lebih', 'dipercepat', 'joksnya', 'masuk', 'digua']","['coba', 'postnya', 'seminggu', 'dipercepat', 'joksnya', 'masuk', 'digua']","['coba', 'postnya', 'minggu', 'cepat', 'joksnya', 'masuk', 'gua']",coba postnya minggu cepat joksnya masuk gua,coba postnya minggu cepat joksnya masuk gua,Netral
"<a href=""https://www.youtube.com/watch?v=CaklHISbki8&amp;t=1948"">32:28</a> niky anjjjjj 😔😔😔",0,niky anjjjjj,niky anjjjjj,"['niky', 'anjjjjj']","['niky', 'anjjjjj']","['niky', 'anjjjjj']",niky anjjjjj,niky anjjjjj,Negatif
Seru banget bisa nyambung🤣,0,Seru banget bisa nyambung,seru banget bisa nyambung,"['seru', 'banget', 'bisa', 'nyambung']","['seru', 'banget', 'nyambung']","['seru', 'banget', 'nyambung']",seru banget nyambung,seru banget nyambung,Positif
"sandy, kalo ga betah pulang aja nak🤗🤗🤗",1,sandy kalo ga betah pulang aja nak,sandy kalo ga betah pulang aja nak,"['sandy', 'kalo', 'ga', 'betah', 'pulang', 'aja', 'nak']","['sandy', 'kalo', 'ga', 'betah', 'pulang', 'aja', 'nak']","['sandy', 'kalo', 'ga', 'betah', 'pulang', 'aja', 'nak']",sandy kalo ga betah pulang aja nak,sandy kalo ga betah pulang aja nak,Netral
ini eps ter GONG sii 😭😭😭,1,ini eps ter GONG sii,ini eps ter gong sii,"['ini', 'eps', 'ter', 'gong', 'sii']","['eps', 'ter', 'gong', 'sii']","['eps', 'ter', 'gong', 'sii']",eps ter gong sii,eps ter gong sii,Positif
bang ga boong gue jg 1 mei 😭😭,0,bang ga boong gue juga 1 mei,bang ga boong gue juga 1 mei,"['bang', 'ga', 'boong', 'gue', 'juga', '1', 'mei']","['bang', 'ga', 'boong', 'gue', '1', 'mei']","['bang', 'ga', 'boong', 'gue', '1', 'mei']",bang ga boong gue 1 mei,bang ga boong gue 1 mei,Netral
Pecahh banget eps ini woy 😭🔥,3,Pecahh banget eps ini woy,pecahh banget eps ini woy,"['pecahh', 'banget', 'eps', 'ini', 'woy']","['pecahh', 'banget', 'eps', 'woy']","['pecahh', 'banget', 'eps', 'woy']",pecahh banget eps woy,pecahh banget eps woy,Positif
Menurut gua si gausah pelit durasi kenapa????? Dikit banget ½jam tu😢,0,Menurut gua si gausah pelit durasi kenapa Dikit banget jam tu,menurut gua si gausah pelit durasi kenapa dikit banget jam tu,"['menurut', 'gua', 'si', 'gausah', 'pelit', 'durasi', 'kenapa', 'dikit', 'banget', 'jam', 'tu']","['gua', 'si', 'gausah', 'pelit', 'durasi', 'dikit', 'banget', 'jam', 'tu']","['gua', 'si', 'gausah', 'pelit', 'durasi', 'dikit', 'banget', 'jam', 'tu']",gua si gausah pelit durasi dikit banget jam tu,gua si gausah pelit durasi dikit banget jam tu,Negatif
Kirain adeknya niki,0,Kirain adeknya niki,kirain adeknya niki,"['kirain', 'adeknya', 'niki']","['kirain', 'adeknya', 'niki']","['kirain', 'adeknya', 'nik']",kirain adeknya nik,kirain adeknya nik,Netral
“Axel word power point” bener bener ga bisa diprediksi asbunnya 🤣🤣🤣🤣🤣,0,Axel word power point bener bener ga bisa diprediksi asbunnya,axel word power point bener bener ga bisa diprediksi asbunnya,"['axel', 'word', 'power', 'point', 'bener', 'bener', 'ga', 'bisa', 'diprediksi', 'asbunnya']","['axel', 'word', 'power', 'point', 'bener', 'bener', 'ga', 'diprediksi', 'asbunnya']","['axel', 'word', 'power', 'point', 'bener', 'bener', 'ga', 'prediksi', 'asbunnya']",axel word power point bener bener ga prediksi asbunnya,axel word power point bener bener ga prediksi asbunnya,Positif
ga sanggup pls awskwsk lucu banget seruuu 😭😭😭,0,ga sanggup pls awskwsk lucu banget seruuu,ga sanggup pls awskwsk lucu banget seruuu,"['ga', 'sanggup', 'pls', 'awskwsk', 'lucu', 'banget', 'seruuu']","['ga', 'sanggup', 'pls', 'awskwsk', 'lucu', 'banget', 'seruuu']","['ga', 'sanggup', 'pls', 'awskwsk', 'lucu', 'banget', 'seruuu']",ga sanggup pls awskwsk lucu banget seruuu,ga sanggup pls awskwsk lucu banget seruuu,Positif
resah banget denger pada nyanyi,0,resah banget denger pada nyanyi,resah banget denger pada nyanyi,"['resah', 'banget', 'denger', 'pada', 'nyanyi']","['resah', 'banget', 'denger', 'nyanyi']","['resah', 'banget', 'denger', 'nyanyi']",resah banget denger nyanyi,resah banget denger nyanyi,Negatif
pecahh bangettt!! ga expect bajuu sandy😭😭😭,0,pecahh bangettt ga expect bajuu sandy,pecahh bangettt ga expect bajuu sandy,"['pecahh', 'bangettt', 'ga', 'expect', 'bajuu', 'sandy']","['pecahh', 'bangettt', 'ga', 'expect', 'bajuu', 'sandy']","['pecahh', 'bangettt', 'ga', 'expect', 'bajuu', 'sandy']",pecahh bangettt ga expect bajuu sandy,pecahh bangettt ga expect bajuu sandy,Positif
PAK ARIP PAK TIMBUL MURIDNYA NIH,0,PAK ARIP PAK TIMBUL MURIDNYA NIH,pak arip pak timbul muridnya nih,"['pak', 'arip', 'pak', 'timbul', 'muridnya', 'nih']","['arip', 'timbul', 'muridnya', 'nih']","['arip', 'timbul', 'murid', 'nih']",arip timbul murid nih,arip timbul murid nih,Netral
kewarasan sandy menurun drastis setelah gabung sama duo ini,22,kewarasan sandy menurun drastis setelah gabung sama duo ini,kewarasan sandy menurun drastis setelah gabung sama duo ini,"['kewarasan', 'sandy', 'menurun', 'drastis', 'setelah', 'gabung', 'sama', 'duo', 'ini']","['kewarasan', 'sandy', 'menurun', 'drastis', 'gabung', 'duo']","['waras', 'sandy', 'turun', 'drastis', 'gabung', 'duo']",waras sandy turun drastis gabung duo,waras sandy turun drastis gabung duo,Netral
&quot;Guruku yg sangat buncit😭😭😭😭&quot;<br>Pecah bgt ketawa gw,0,Guruku yang sangat buncit Pecah banget ketawa saya,guruku yang sangat buncit pecah banget ketawa saya,"['guruku', 'yang', 'sangat', 'buncit', 'pecah', 'banget', 'ketawa', 'saya']","['guruku', 'buncit', 'pecah', 'banget', 'ketawa']","['guru', 'buncit', 'pecah', 'banget', 'ketawa']",guru buncit pecah banget ketawa,guru buncit pecah banget ketawa,Negatif
Niky kaya bocah ngaduin mario mulu 😭,0,Niky kaya bocah ngaduin mario mulu,niky kaya bocah ngaduin mario mulu,"['niky', 'kaya', 'bocah', 'ngaduin', 'mario', 'mulu']","['niky', 'kaya', 'bocah', 'ngaduin', 'mario', 'mulu']","['niky', 'kaya', 'bocah', 'ngaduin', 'mario', 'mulu']",niky kaya bocah ngaduin mario mulu,niky kaya bocah ngaduin mario mulu,Negatif
Alhamdulillah br makan,0,Alhamdulillah br makan,alhamdulillah br makan,"['alhamdulillah', 'br', 'makan']","['alhamdulillah', 'br', 'makan']","['alhamdulillah', 'br', 'makan']",alhamdulillah br makan,alhamdulillah br makan,Positif
nggak expect bgt anjir collaboration nya,0,nggak expect banget anjir collaboration nya,nggak expect banget anjir collaboration nya,"['nggak', 'expect', 'banget', 'anjir', 'collaboration', 'nya']","['nggak', 'expect', 'banget', 'anjir', 'collaboration', 'nya']","['nggak', 'expect', 'banget', 'anjir', 'collaboration', 'nya']",nggak expect banget anjir collaboration nya,nggak expect banget anjir collaboration nya,Netral
makasih udah hidup orang2 waras,2,makasih udah hidup orang2 waras,makasih udah hidup orang2 waras,"['makasih', 'udah', 'hidup', 'orang2', 'waras']","['makasih', 'udah', 'hidup', 'orang2', 'waras']","['makasih', 'udah', 'hidup', 'orang2', 'waras']",makasih udah hidup orang2 waras,makasih udah hidup orang2 waras,Positif
Ini episode kurangnya cuma satu. Kurang lama woyyyy!!!,0,Ini episode kurangnya cuma satu Kurang lama woyyyy,ini episode kurangnya cuma satu kurang lama woyyyy,"['ini', 'episode', 'kurangnya', 'cuma', 'satu', 'kurang', 'lama', 'woyyyy']","['episode', 'kurangnya', 'woyyyy']","['episode', 'kurang', 'woyyyy']",episode kurang woyyyy,episode kurang woyyyy,Negatif
AKU JUGA 1 MEI WOIII,0,AKU JUGA 1 MEI WOIII,aku juga 1 mei woiii,"['aku', 'juga', '1', 'mei', 'woiii']","['1', 'mei', 'woiii']","['1', 'mei', 'woiii']",1 mei woiii,1 mei woiii,Netral
kesimpulan podcast hari ini adalah pak timbul pak arip guruku yang sangat buncit,0,kesimpulan podcast hari ini adalah pak timbul pak arip guruku yang sangat buncit,kesimpulan podcast hari ini adalah pak timbul pak arip guruku yang sangat buncit,"['kesimpulan', 'podcast', 'hari', 'ini', 'adalah', 'pak', 'timbul', 'pak', 'arip', 'guruku', 'yang', 'sangat', 'buncit']","['kesimpulan', 'podcast', 'timbul', 'arip', 'guruku', 'buncit']","['simpul', 'podcast', 'timbul', 'arip', 'guru', 'buncit']",simpul podcast timbul arip guru buncit,simpul podcast timbul arip guru buncit,Netral
Semuaaa yang dateng kesini jadi waras semua,2,Semuaaa yang dateng kesini jadi waras semua,semuaaa yang dateng kesini jadi waras semua,"['semuaaa', 'yang', 'dateng', 'kesini', 'jadi', 'waras', 'semua']","['semuaaa', 'dateng', 'kesini', 'waras']","['semuaaa', 'dateng', 'kesini', 'waras']",semuaaa dateng kesini waras,semuaaa dateng kesini waras,Positif
ga expect gimmicknya aduh lucu banget dah gakuat 😭😭😭😭😭😭,0,ga expect gimmicknya aduh lucu banget dah gakuat,ga expect gimmicknya aduh lucu banget dah gakuat,"['ga', 'expect', 'gimmicknya', 'aduh', 'lucu', 'banget', 'dah', 'gakuat']","['ga', 'expect', 'gimmicknya', 'aduh', 'lucu', 'banget', 'dah', 'gakuat']","['ga', 'expect', 'gimmicknya', 'aduh', 'lucu', 'banget', 'dah', 'gakuat']",ga expect gimmicknya aduh lucu banget dah gakuat,ga expect gimmicknya aduh lucu banget dah gakuat,Positif
DURASI KURANG LAMAAAA,0,DURASI KURANG LAMAAAA,durasi kurang lamaaaa,"['durasi', 'kurang', 'lamaaaa']","['durasi', 'lamaaaa']","['durasi', 'lamaaaa']",durasi lamaaaa,durasi lamaaaa,Negatif
aaaaaaaahhh finallyy tayang jugaakk<br>sandy ❤,0,aaaaaaaahhh finallyy tayang jugaakk sandy,aaaaaaaahhh finallyy tayang jugaakk sandy,"['aaaaaaaahhh', 'finallyy', 'tayang', 'jugaakk', 'sandy']","['aaaaaaaahhh', 'finallyy', 'tayang', 'jugaakk', 'sandy']","['aaaaaaaahhh', 'finallyy', 'tayang', 'jugaakk', 'sandy']",aaaaaaaahhh finallyy tayang jugaakk sandy,aaaaaaaahhh finallyy tayang jugaakk sandy,Positif
"sarann boleh gaa kalo personal kamera kaya buat sendi inii, mending angle nya lurus mukaaa, jadi ketutupan poni mulu ikii huhu",0,sarann boleh gaa kalo personal kamera kaya buat sendi inii mending angle nya lurus mukaaa jadi ketutupan poni mulu ikii huhu,sarann boleh gaa kalo personal kamera kaya buat sendi inii mending angle nya lurus mukaaa jadi ketutupan poni mulu ikii huhu,"['sarann', 'boleh', 'gaa', 'kalo', 'personal', 'kamera', 'kaya', 'buat', 'sendi', 'inii', 'mending', 'angle', 'nya', 'lurus', 'mukaaa', 'jadi', 'ketutupan', 'poni', 'mulu', 'ikii', 'huhu']","['sarann', 'gaa', 'kalo', 'personal', 'kamera', 'kaya', 'sendi', 'inii', 'mending', 'angle', 'nya', 'lurus', 'mukaaa', 'ketutupan', 'poni', 'mulu', 'ikii', 'huhu']","['sarann', 'gaa', 'kalo', 'personal', 'kamera', 'kaya', 'sendi', 'ini', 'mending', 'angle', 'nya', 'lurus', 'mukaaa', 'tutup', 'poni', 'mulu', 'ikii', 'huhu']",sarann gaa kalo personal kamera kaya sendi ini mending angle nya lurus mukaaa tutup poni mulu ikii huhu,sarann gaa kalo personal kamera kaya sendi ini mending angle nya lurus mukaaa tutup poni mulu ikii huhu,Negatif
"<a href=""https://www.youtube.com/watch?v=CaklHISbki8&amp;t=1948"">32:28</a> pak muridnya pak",0,pak muridnya pak,pak muridnya pak,"['pak', 'muridnya', 'pak']",['muridnya'],['murid'],murid,murid,Netral
AKHIRNYA BISA MAKAN😚😚,0,AKHIRNYA BISA MAKAN,akhirnya bisa makan,"['akhirnya', 'bisa', 'makan']",['makan'],['makan'],makan,makan,Positif
ANJIR SANDY OTAKNYA SAMA KAYA MEREKA,0,ANJIR SANDY OTAKNYA SAMA KAYA MEREKA,anjir sandy otaknya sama kaya mereka,"['anjir', 'sandy', 'otaknya', 'sama', 'kaya', 'mereka']","['anjir', 'sandy', 'otaknya', 'kaya']","['anjir', 'sandy', 'otak', 'kaya']",anjir sandy otak kaya,anjir sandy otak kaya,Netral
miky dan nario,0,miky dan nario,miky dan nario,"['miky', 'dan', 'nario']","['miky', 'nario']","['miky', 'nario']",miky nario,miky nario,Netral
"anjirrr, ga ada yang bisaa dislametin (nangissss)... uda masukkkk semuaaa",0,anjirrr ga ada yang bisaa dislametin nangissss uda masukkkk semuaaa,anjirrr ga ada yang bisaa dislametin nangissss uda masukkkk semuaaa,"['anjirrr', 'ga', 'ada', 'yang', 'bisaa', 'dislametin', 'nangissss', 'uda', 'masukkkk', 'semuaaa']","['anjirrr', 'ga', 'bisaa', 'dislametin', 'nangissss', 'uda', 'masukkkk', 'semuaaa']","['anjirrr', 'ga', 'bisaa', 'dislametin', 'nangissss', 'uda', 'masukkkk', 'semuaaa']",anjirrr ga bisaa dislametin nangissss uda masukkkk semuaaa,anjirrr ga bisaa dislametin nangissss uda masukkkk semuaaa,Negatif
KETAWABGTANJ,0,KETAWABGTANJ,ketawabgtanj,['ketawabgtanj'],['ketawabgtanj'],['ketawabgtanj'],ketawabgtanj,ketawabgtanj,Positif
KENAPA NYAMBUNG SIHHH😭😭😭😭😭,0,KENAPA NYAMBUNG SIHHH,kenapa nyambung sihhh,"['kenapa', 'nyambung', 'sihhh']","['nyambung', 'sihhh']","['nyambung', 'sihhh']",nyambung sihhh,nyambung sihhh,Positif
LUCU BGT NI EPS AHAHAHHAHA,0,LUCU banget NI EPS AHAHAHHAHA,lucu banget ni eps ahahahhaha,"['lucu', 'banget', 'ni', 'eps', 'ahahahhaha']","['lucu', 'banget', 'ni', 'eps', 'ahahahhaha']","['lucu', 'banget', 'ni', 'eps', 'ahahahhaha']",lucu banget ni eps ahahahhaha,lucu banget ni eps ahahahhaha,Positif
SERU BANGETTTT mihu mihu,0,SERU BANGETTTT mihu mihu,seru bangetttt mihu mihu,"['seru', 'bangetttt', 'mihu', 'mihu']","['seru', 'bangetttt', 'mihu', 'mihu']","['seru', 'bangetttt', 'mihu', 'mihu']",seru bangetttt mihu mihu,seru bangetttt mihu mihu,Positif
PALING GUE TUNGGUUUUUUU. LANGSUNGGG MENONTONNNNNN WKWKW,4,PALING GUE TUNGGUUUUUUU LANGSUNGGG MENONTONNNNNN WKWKW,paling gue tungguuuuuuu langsunggg menontonnnnnn wkwkw,"['paling', 'gue', 'tungguuuuuuu', 'langsunggg', 'menontonnnnnn', 'wkwkw']","['gue', 'tungguuuuuuu', 'langsunggg', 'menontonnnnnn', 'wkwkw']","['gue', 'tungguuuuuuu', 'langsunggg', 'menontonnnnnn', 'wkwkw']",gue tungguuuuuuu langsunggg menontonnnnnn wkwkw,gue tungguuuuuuu langsunggg menontonnnnnn wkwkw,Positif
Ngakakkk bgt ampunn ih 😂😂,0,Ngakakkk banget ampunn ih,ngakakkk banget ampunn ih,"['ngakakkk', 'banget', 'ampunn', 'ih']","['ngakakkk', 'banget', 'ampunn', 'ih']","['ngakakkk', 'banget', 'ampunn', 'ih']",ngakakkk banget ampunn ih,ngakakkk banget ampunn ih,Positif
wkwkwkwkwk au ah 😂,0,wkwkwkwkwk au ah,wkwkwkwkwk au ah,"['wkwkwkwkwk', 'au', 'ah']","['wkwkwkwkwk', 'au', 'ah']","['wkwkwkwkwk', 'au', 'ah']",wkwkwkwkwk au ah,wkwkwkwkwk au ah,Positif
sandy menemukan circlenya😭,0,sandy menemukan circlenya,sandy menemukan circlenya,"['sandy', 'menemukan', 'circlenya']","['sandy', 'menemukan', 'circlenya']","['sandy', 'temu', 'circlenya']",sandy temu circlenya,sandy temu circlenya,Netral
Sandy kenapa nyambung banget sih sama mereka😭😭😭,0,Sandy kenapa nyambung banget sih sama mereka,sandy kenapa nyambung banget sih sama mereka,"['sandy', 'kenapa', 'nyambung', 'banget', 'sih', 'sama', 'mereka']","['sandy', 'nyambung', 'banget', 'sih']","['sandy', 'nyambung', 'banget', 'sih']",sandy nyambung banget sih,sandy nyambung banget sih,Positif
"podcastnya selalu berdaging, love it ❤❤",9,podcastnya selalu berdaging love it,podcastnya selalu berdaging love it,"['podcastnya', 'selalu', 'berdaging', 'love', 'it']","['podcastnya', 'berdaging', 'love', 'it']","['podcastnya', 'daging', 'love', 'it']",podcastnya daging love it,podcastnya daging love it,Positif
akhirnya bisa tidur cepet,0,akhirnya bisa tidur cepet,akhirnya bisa tidur cepet,"['akhirnya', 'bisa', 'tidur', 'cepet']","['tidur', 'cepet']","['tidur', 'cepet']",tidur cepet,tidur cepet,Positif
awokwok😂,0,awokwok,awokwok,['awokwok'],['awokwok'],['awokwok'],awokwok,awokwok,Positif
Whatttt podcast se jenius ini cuma 30 menit😢,0,Whatttt podcast se jenius ini cuma 30 menit,whatttt podcast se jenius ini cuma 30 menit,"['whatttt', 'podcast', 'se', 'jenius', 'ini', 'cuma', '30', 'menit']","['whatttt', 'podcast', 'jenius', '30', 'menit']","['whatttt', 'podcast', 'jenius', '30', 'menit']",whatttt podcast jenius 30 menit,whatttt podcast jenius 30 menit,Netral
"Hei👋🏻hei👋🏻 adik, gppa ko kalau otak kamu gak nyampe🫂",0,Heihei adik gppa ko kalau otak kamu gak nyampe,heihei adik gppa ko kalau otak kamu gak nyampe,"['heihei', 'adik', 'gppa', 'ko', 'kalau', 'otak', 'kamu', 'gak', 'nyampe']","['heihei', 'adik', 'gppa', 'ko', 'otak', 'gak', 'nyampe']","['heihei', 'adik', 'gppa', 'ko', 'otak', 'gak', 'nyampe']",heihei adik gppa ko otak gak nyampe,heihei adik gppa ko otak gak nyampe,Negatif
"HAHAHAHAH PECAH BANGET EPS KALI INI SUMPAAAH!!! beneran ngakak sepanjang video aku HAHAHAH ternyata seorang sandy nyambung bgt sama orang-orang WARAS ini😭😭😭😭😭😭😭 <br><br>next undaang sandy lagi pls😭🫰🏻 <a href=""http://www.youtube.com/results?search_query=%23salamorangwaras"">#salamorangwaras</a>",1111,HAHAHAHAH PECAH BANGET EPS KALI INI SUMPAAAH beneran ngakak sepanjang video aku HAHAHAH ternyata seorang sandy nyambung banget sama orangorang WARAS ini next undaang sandy lagi pls,hahahahah pecah banget eps kali ini sumpaaah beneran ngakak sepanjang video aku hahahah ternyata seorang sandy nyambung banget sama orangorang waras ini next undaang sandy lagi pls,"['hahahahah', 'pecah', 'banget', 'eps', 'kali', 'ini', 'sumpaaah', 'beneran', 'ngakak', 'sepanjang', 'video', 'aku', 'hahahah', 'ternyata', 'seorang', 'sandy', 'nyambung', 'banget', 'sama', 'orangorang', 'waras', 'ini', 'next', 'undaang', 'sandy', 'lagi', 'pls']","['hahahahah', 'pecah', 'banget', 'eps', 'kali', 'sumpaaah', 'beneran', 'ngakak', 'video', 'hahahah', 'sandy', 'nyambung', 'banget', 'orangorang', 'waras', 'next', 'undaang', 'sandy', 'pls']","['hahahahah', 'pecah', 'banget', 'eps', 'kali', 'sumpaaah', 'beneran', 'ngakak', 'video', 'hahahah', 'sandy', 'nyambung', 'banget', 'orangorang', 'waras', 'next', 'undaang', 'sandy', 'pls']",hahahahah pecah banget eps kali sumpaaah beneran ngakak video hahahah sandy nyambung banget orangorang waras next undaang sandy pls,hahahahah pecah banget eps kali sumpaaah beneran ngakak video hahahah sandy nyambung banget orangorang waras next undaang sandy pls,Positif
Yo,0,Yo,yo,['yo'],['yo'],['yo'],yo,yo,Positif
pas universitas negri singapore PECAH BANGET TAWA GUE 😭,1448,pas universitas negri singapore PECAH BANGET TAWA GUE,pas universitas negri singapore pecah banget tawa gue,"['pas', 'universitas', 'negri', 'singapore', 'pecah', 'banget', 'tawa', 'gue']","['pas', 'universitas', 'negri', 'singapore', 'pecah', 'banget', 'tawa', 'gue']","['pas', 'universitas', 'negri', 'singapore', 'pecah', 'banget', 'tawa', 'gue']",pas universitas negri singapore pecah banget tawa gue,pas universitas negri singapore pecah banget tawa gue,Positif
detik&quot; iq sandy menurun 😭😭😭,1,detik iq sandy menurun,detik iq sandy menurun,"['detik', 'iq', 'sandy', 'menurun']","['detik', 'iq', 'sandy', 'menurun']","['detik', 'iq', 'sandy', 'turun']",detik iq sandy turun,detik iq sandy turun,Negatif
apaan abis buncit langsung di cut ini lagi ngakak2 nya😭,3,apaan abis buncit langsung di cut ini lagi ngakak2 nya,apaan abis buncit langsung di cut ini lagi ngakak2 nya,"['apaan', 'abis', 'buncit', 'langsung', 'di', 'cut', 'ini', 'lagi', 'ngakak2', 'nya']","['abis', 'buncit', 'langsung', 'cut', 'ngakak2', 'nya']","['abis', 'buncit', 'langsung', 'cut', 'ngakak2', 'nya']",abis buncit langsung cut ngakak2 nya,abis buncit langsung cut ngakak2 nya,Positif
"undang indra frimawan dong, sama sama gk waras tuh",0,undang indra frimawan dong sama sama tidak waras tuh,undang indra frimawan dong sama sama tidak waras tuh,"['undang', 'indra', 'frimawan', 'dong', 'sama', 'sama', 'tidak', 'waras', 'tuh']","['undang', 'indra', 'frimawan', 'waras', 'tuh']","['undang', 'indra', 'frimawan', 'waras', 'tuh']",undang indra frimawan waras tuh,undang indra frimawan waras tuh,Netral
"sandy unexpectedly lucu bgt ternyata, nyambung bgt asbunnya😭😭😭😭",0,sandy unexpectedly lucu banget ternyata nyambung banget asbunnya,sandy unexpectedly lucu banget ternyata nyambung banget asbunnya,"['sandy', 'unexpectedly', 'lucu', 'banget', 'ternyata', 'nyambung', 'banget', 'asbunnya']","['sandy', 'unexpectedly', 'lucu', 'banget', 'nyambung', 'banget', 'asbunnya']","['sandy', 'unexpectedly', 'lucu', 'banget', 'nyambung', 'banget', 'asbunnya']",sandy unexpectedly lucu banget nyambung banget asbunnya,sandy unexpectedly lucu banget nyambung banget asbunnya,Positif
udah lama ga makan grgr eps 15 lama bgttt,0,udah lama ga makan grgr eps 15 lama bgttt,udah lama ga makan grgr eps 15 lama bgttt,"['udah', 'lama', 'ga', 'makan', 'grgr', 'eps', '15', 'lama', 'bgttt']","['udah', 'ga', 'makan', 'grgr', 'eps', '15', 'bgttt']","['udah', 'ga', 'makan', 'grgr', 'eps', '15', 'bgttt']",udah ga makan grgr eps 15 bgttt,udah ga makan grgr eps 15 bgttt,Negatif
lagi maskeran nonton ini gk bisa nahan ketawa pliss,0,lagi maskeran nonton ini tidak bisa nahan ketawa pliss,lagi maskeran nonton ini tidak bisa nahan ketawa pliss,"['lagi', 'maskeran', 'nonton', 'ini', 'tidak', 'bisa', 'nahan', 'ketawa', 'pliss']","['maskeran', 'nonton', 'nahan', 'ketawa', 'pliss']","['masker', 'nonton', 'nahan', 'ketawa', 'pliss']",masker nonton nahan ketawa pliss,masker nonton nahan ketawa pliss,Positif
LUCU BGTT,0,LUCU BGTT,lucu bgtt,"['lucu', 'bgtt']","['lucu', 'bgtt']","['lucu', 'bgtt']",lucu bgtt,lucu bgtt,Positif
"Undang halda donggg, dia kan juga keluarga artis wkwkwk",0,Undang halda donggg dia kan juga keluarga artis wkwkwk,undang halda donggg dia kan juga keluarga artis wkwkwk,"['undang', 'halda', 'donggg', 'dia', 'kan', 'juga', 'keluarga', 'artis', 'wkwkwk']","['undang', 'halda', 'donggg', 'keluarga', 'artis', 'wkwkwk']","['undang', 'halda', 'donggg', 'keluarga', 'artis', 'wkwkwk']",undang halda donggg keluarga artis wkwkwk,undang halda donggg keluarga artis wkwkwk,Netral
koreksi jawaban pertanyaan sandy nomer 1 harusnya 7. karena pengen aja 🤸‍♂️🥂🙏😗😭,0,koreksi jawaban pertanyaan sandy nomer 1 harusnya 7 karena pengen aja,koreksi jawaban pertanyaan sandy nomer 1 harusnya 7 karena pengen aja,"['koreksi', 'jawaban', 'pertanyaan', 'sandy', 'nomer', '1', 'harusnya', '7', 'karena', 'pengen', 'aja']","['koreksi', 'sandy', 'nomer', '1', '7', 'pengen', 'aja']","['koreksi', 'sandy', 'nomer', '1', '7', 'ken', 'aja']",koreksi sandy nomer 1 7 ken aja,koreksi sandy nomer 1 7 ken aja,Netral
gua waras kan ya nontonin ini ampe kelarrr 😭,0,gua waras kan ya nontonin ini ampe kelarrr,gua waras kan ya nontonin ini ampe kelarrr,"['gua', 'waras', 'kan', 'ya', 'nontonin', 'ini', 'ampe', 'kelarrr']","['gua', 'waras', 'ya', 'nontonin', 'ampe', 'kelarrr']","['gua', 'waras', 'ya', 'nontonin', 'ampe', 'kelarrr']",gua waras ya nontonin ampe kelarrr,gua waras ya nontonin ampe kelarrr,Positif
Episode terbaik bagi pasukan orang-orang waras 🙃🙃,0,Episode terbaik bagi pasukan orangorang waras,episode terbaik bagi pasukan orangorang waras,"['episode', 'terbaik', 'bagi', 'pasukan', 'orangorang', 'waras']","['episode', 'terbaik', 'pasukan', 'orangorang', 'waras']","['episode', 'baik', 'pasu', 'orangorang', 'waras']",episode baik pasu orangorang waras,episode baik pasu orangorang waras,Positif
ini episode gilaaa sihhh ga sia sia nahan laperr dari jam 4,5,ini episode gilaaa sihhh ga sia sia nahan laperr dari jam 4,ini episode gilaaa sihhh ga sia sia nahan laperr dari jam 4,"['ini', 'episode', 'gilaaa', 'sihhh', 'ga', 'sia', 'sia', 'nahan', 'laperr', 'dari', 'jam', '4']","['episode', 'gilaaa', 'sihhh', 'ga', 'sia', 'sia', 'nahan', 'laperr', 'jam', '4']","['episode', 'gilaaa', 'sihhh', 'ga', 'sia', 'sia', 'nahan', 'laperr', 'jam', '4']",episode gilaaa sihhh ga sia sia nahan laperr jam 4,episode gilaaa sihhh ga sia sia nahan laperr jam 4,Positif
Pliss upload seminggu lima kaliiiii,0,Pliss upload seminggu lima kaliiiii,pliss upload seminggu lima kaliiiii,"['pliss', 'upload', 'seminggu', 'lima', 'kaliiiii']","['pliss', 'upload', 'seminggu', 'kaliiiii']","['pliss', 'upload', 'minggu', 'kaliiiii']",pliss upload minggu kaliiiii,pliss upload minggu kaliiiii,Netral
Kok kaya sebentar banget yakk<br>Kurang lamaaaaaaa,0,Kok kaya sebentar banget yakk Kurang lamaaaaaaa,kok kaya sebentar banget yakk kurang lamaaaaaaa,"['kok', 'kaya', 'sebentar', 'banget', 'yakk', 'kurang', 'lamaaaaaaa']","['kaya', 'sebentar', 'banget', 'yakk', 'lamaaaaaaa']","['kaya', 'sebentar', 'banget', 'yakk', 'lamaaaaaaa']",kaya sebentar banget yakk lamaaaaaaa,kaya sebentar banget yakk lamaaaaaaa,Negatif
"“Diem ga usah ikutan” sand, itu host loooh",0,Diem ga usah ikutan sand itu host loooh,diem ga usah ikutan sand itu host loooh,"['diem', 'ga', 'usah', 'ikutan', 'sand', 'itu', 'host', 'loooh']","['diem', 'ga', 'ikutan', 'sand', 'host', 'loooh']","['diem', 'ga', 'ikut', 'sand', 'host', 'loooh']",diem ga ikut sand host loooh,diem ga ikut sand host loooh,Negatif
"<a href=""https://www.youtube.com/watch?v=CaklHISbki8&amp;t=1951"">32:31</a> gong bangett😭😭",0,gong bangett,gong bangett,"['gong', 'bangett']","['gong', 'bangett']","['gong', 'bangett']",gong bangett,gong bangett,Positif
WKWKWKWKWKWKKW,0,WKWKWKWKWKWKKW,wkwkwkwkwkwkkw,['wkwkwkwkwkwkkw'],['wkwkwkwkwkwkkw'],['wkwkwkwkwkwkkw'],wkwkwkwkwkwkkw,wkwkwkwkwkwkkw,Positif
next undang hismi sama rispo dong,0,next undang hismi sama rispo dong,next undang hismi sama rispo dong,"['next', 'undang', 'hismi', 'sama', 'rispo', 'dong']","['next', 'undang', 'hismi', 'rispo']","['next', 'undang', 'hismi', 'rispo']",next undang hismi rispo,next undang hismi rispo,Netral
kurang panjangggg durasinya,0,kurang panjangggg durasinya,kurang panjangggg durasinya,"['kurang', 'panjangggg', 'durasinya']","['panjangggg', 'durasinya']","['panjangggg', 'durasi']",panjangggg durasi,panjangggg durasi,Negatif
NIKY ANJING😭😭😭😭UDAH MUAK GUE KETAWA MULU,0,NIKY ANJINGUDAH MUAK GUE KETAWA MULU,niky anjingudah muak gue ketawa mulu,"['niky', 'anjingudah', 'muak', 'gue', 'ketawa', 'mulu']","['niky', 'anjingudah', 'muak', 'gue', 'ketawa', 'mulu']","['niky', 'anjingudah', 'muak', 'gue', 'ketawa', 'mulu']",niky anjingudah muak gue ketawa mulu,niky anjingudah muak gue ketawa mulu,Positif
hah bentar banget gak kerasa,0,hah bentar banget gak kerasa,hah bentar banget gak kerasa,"['hah', 'bentar', 'banget', 'gak', 'kerasa']","['hah', 'bentar', 'banget', 'gak', 'kerasa']","['hah', 'bentar', 'banget', 'gak', 'rasa']",hah bentar banget gak rasa,hah bentar banget gak rasa,Negatif
nangis babget mihu mihu,0,nangis babget mihu mihu,nangis babget mihu mihu,"['nangis', 'babget', 'mihu', 'mihu']","['nangis', 'babget', 'mihu', 'mihu']","['nang', 'babget', 'mihu', 'mihu']",nang babget mihu mihu,nang babget mihu mihu,Positif
wahhhhh❤❤❤,0,wahhhhh,wahhhhh,['wahhhhh'],['wahhhhh'],['wahhhhh'],wahhhhh,wahhhhh,Positif
kembaran Niki?,1,kembaran Niki,kembaran niki,"['kembaran', 'niki']","['kembaran', 'niki']","['kembar', 'nik']",kembar nik,kembar nik,Netral
sandy terbawa arus nya deras bgt sand,0,sandy terbawa arus nya deras banget sand,sandy terbawa arus nya deras banget sand,"['sandy', 'terbawa', 'arus', 'nya', 'deras', 'banget', 'sand']","['sandy', 'terbawa', 'arus', 'nya', 'deras', 'banget', 'sand']","['sandy', 'bawa', 'arus', 'nya', 'deras', 'banget', 'sand']",sandy bawa arus nya deras banget sand,sandy bawa arus nya deras banget sand,Netral
"<a href=""https://www.youtube.com/watch?v=CaklHISbki8&amp;t=1599"">26:39</a> kek lelang bgst 😂",0,kek lelang bgst,kek lelang bgst,"['kek', 'lelang', 'bgst']","['kek', 'lelang', 'bgst']","['kek', 'lelang', 'bgst']",kek lelang bgst,kek lelang bgst,Negatif
deym tokoh2 waras dunia sedang bersatu membahas topik edukatif nan inspiratif di studio paling kalcer se-kemang raya alias belinsky studio belinsky agar otak orang2 waras bertambah IQnya,0,deym tokoh2 waras dunia sedang bersatu membahas topik edukatif nan inspiratif di studio paling kalcer sekemang raya alias belinsky studio belinsky agar otak orang2 waras bertambah IQnya,deym tokoh2 waras dunia sedang bersatu membahas topik edukatif nan inspiratif di studio paling kalcer sekemang raya alias belinsky studio belinsky agar otak orang2 waras bertambah iqnya,"['deym', 'tokoh2', 'waras', 'dunia', 'sedang', 'bersatu', 'membahas', 'topik', 'edukatif', 'nan', 'inspiratif', 'di', 'studio', 'paling', 'kalcer', 'sekemang', 'raya', 'alias', 'belinsky', 'studio', 'belinsky', 'agar', 'otak', 'orang2', 'waras', 'bertambah', 'iqnya']","['deym', 'tokoh2', 'waras', 'dunia', 'bersatu', 'membahas', 'topik', 'edukatif', 'nan', 'inspiratif', 'studio', 'kalcer', 'sekemang', 'raya', 'alias', 'belinsky', 'studio', 'belinsky', 'otak', 'orang2', 'waras', 'bertambah', 'iqnya']","['deym', 'tokoh2', 'waras', 'dunia', 'satu', 'bahas', 'topik', 'edukatif', 'nan', 'inspiratif', 'studio', 'kalcer', 'kemang', 'raya', 'alias', 'belinsky', 'studio', 'belinsky', 'otak', 'orang2', 'waras', 'tambah', 'iqnya']",deym tokoh2 waras dunia satu bahas topik edukatif nan inspiratif studio kalcer kemang raya alias belinsky studio belinsky otak orang2 waras tambah iqnya,deym tokoh2 waras dunia satu bahas topik edukatif nan inspiratif studio kalcer kemang raya alias belinsky studio belinsky otak orang2 waras tambah iqnya,Positif
Vidionya kurang panjang woy😢😢,1,Vidionya kurang panjang woy,vidionya kurang panjang woy,"['vidionya', 'kurang', 'panjang', 'woy']","['vidionya', 'woy']","['vidionya', 'woy']",vidionya woy,vidionya woy,Negatif
DURASINYAA KURANG LAMAAAA!!!  SETUJU GAA?????!!!!,0,DURASINYAA KURANG LAMAAAA SETUJU GAA,durasinyaa kurang lamaaaa setuju gaa,"['durasinyaa', 'kurang', 'lamaaaa', 'setuju', 'gaa']","['durasinyaa', 'lamaaaa', 'setuju', 'gaa']","['durasinyaa', 'lamaaaa', 'tuju', 'gaa']",durasinyaa lamaaaa tuju gaa,durasinyaa lamaaaa tuju gaa,Negatif
WKWKKWKW GA KUAT,0,WKWKKWKW GA KUAT,wkwkkwkw ga kuat,"['wkwkkwkw', 'ga', 'kuat']","['wkwkkwkw', 'ga', 'kuat']","['wkwkkwkw', 'ga', 'kuat']",wkwkkwkw ga kuat,wkwkkwkw ga kuat,Positif
UP NYA 7 KALI KEK SEMINGGUUUUUU!!! BIAR GUA GA STRES2AMAT,0,UP NYA 7 KALI KEK SEMINGGUUUUUU BIAR GUA GA STRES2AMAT,up nya 7 kali kek semingguuuuuu biar gua ga stres2amat,"['up', 'nya', '7', 'kali', 'kek', 'semingguuuuuu', 'biar', 'gua', 'ga', 'stres2amat']","['up', 'nya', '7', 'kali', 'kek', 'semingguuuuuu', 'biar', 'gua', 'ga', 'stres2amat']","['up', 'nya', '7', 'kali', 'kek', 'semingguuuuuu', 'biar', 'gua', 'ga', 'stres2amat']",up nya 7 kali kek semingguuuuuu biar gua ga stres2amat,up nya 7 kali kek semingguuuuuu biar gua ga stres2amat,Negatif
durasi nya knp ga setahun Sonia,0,durasi nya kenapa ga setahun Sonia,durasi nya kenapa ga setahun sonia,"['durasi', 'nya', 'kenapa', 'ga', 'setahun', 'sonia']","['durasi', 'nya', 'ga', 'setahun', 'sonia']","['durasi', 'nya', 'ga', 'tahun', 'sonia']",durasi nya ga tahun sonia,durasi nya ga tahun sonia,Negatif
aku cinta orang waras😻,0,aku cinta orang waras,aku cinta orang waras,"['aku', 'cinta', 'orang', 'waras']","['cinta', 'orang', 'waras']","['cinta', 'orang', 'waras']",cinta orang waras,cinta orang waras,Positif
"orang beneran waras izin absen, hadir",0,orang beneran waras izin absen hadir,orang beneran waras izin absen hadir,"['orang', 'beneran', 'waras', 'izin', 'absen', 'hadir']","['orang', 'beneran', 'waras', 'izin', 'absen', 'hadir']","['orang', 'beneran', 'waras', 'izin', 'absen', 'hadir']",orang beneran waras izin absen hadir,orang beneran waras izin absen hadir,Positif
gakuattt 😭😭😭😭😭,8,gakuattt,gakuattt,['gakuattt'],['gakuattt'],['gakuattt'],gakuattt,gakuattt,Positif
"gue ga ngerti apa rumus dan formulasi ketika podcast ini dibuat.<br>yang jelas perasaan gue ketika nonton: resah, gelisah tapi  senyum merekah. <br>God Bless Waraspeeps",569,gue ga ngerti apa rumus dan formulasi ketika podcast ini dibuat yang jelas perasaan gue ketika nonton resah gelisah tapi senyum merekah God Bless Waraspeeps,gue ga ngerti apa rumus dan formulasi ketika podcast ini dibuat yang jelas perasaan gue ketika nonton resah gelisah tapi senyum merekah god bless waraspeeps,"['gue', 'ga', 'ngerti', 'apa', 'rumus', 'dan', 'formulasi', 'ketika', 'podcast', 'ini', 'dibuat', 'yang', 'jelas', 'perasaan', 'gue', 'ketika', 'nonton', 'resah', 'gelisah', 'tapi', 'senyum', 'merekah', 'god', 'bless', 'waraspeeps']","['gue', 'ga', 'ngerti', 'rumus', 'formulasi', 'podcast', 'perasaan', 'gue', 'nonton', 'resah', 'gelisah', 'senyum', 'merekah', 'god', 'bless', 'waraspeeps']","['gue', 'ga', 'ngerti', 'rumus', 'formulasi', 'podcast', 'asa', 'gue', 'nonton', 'resah', 'gelisah', 'senyum', 'mere', 'god', 'bless', 'waraspeeps']",gue ga ngerti rumus formulasi podcast asa gue nonton resah gelisah senyum mere god bless waraspeeps,gue ga ngerti rumus formulasi podcast asa gue nonton resah gelisah senyum mere god bless waraspeeps,Positif
MIHU MIHU,0,MIHU MIHU,mihu mihu,"['mihu', 'mihu']","['mihu', 'mihu']","['mihu', 'mihu']",mihu mihu,mihu mihu,Netral
TERIMA KASIH SUDAH MAKIN MEMPERWARAS ORANG ORANG WARAS INI 🎉🎉❤❤,4,TERIMA KASIH SUDAH MAKIN MEMPERWARAS ORANG ORANG WARAS INI,terima kasih sudah makin memperwaras orang orang waras ini,"['terima', 'kasih', 'sudah', 'makin', 'memperwaras', 'orang', 'orang', 'waras', 'ini']","['terima', 'kasih', 'memperwaras', 'orang', 'orang', 'waras']","['terima', 'kasih', 'waras', 'orang', 'orang', 'waras']",terima kasih waras orang orang waras,terima kasih waras orang orang waras,Positif
isi podcast ini makin berdaginggg,0,isi podcast ini makin berdaginggg,isi podcast ini makin berdaginggg,"['isi', 'podcast', 'ini', 'makin', 'berdaginggg']","['isi', 'podcast', 'berdaginggg']","['isi', 'podcast', 'berdaginggg']",isi podcast berdaginggg,isi podcast berdaginggg,Positif
bukti besar kalau podcast ini isinya daging karna sandy sdh hadir disini,0,bukti besar kalau podcast ini isinya daging karna sandy sdh hadir disini,bukti besar kalau podcast ini isinya daging karna sandy sdh hadir disini,"['bukti', 'besar', 'kalau', 'podcast', 'ini', 'isinya', 'daging', 'karna', 'sandy', 'sdh', 'hadir', 'disini']","['bukti', 'podcast', 'isinya', 'daging', 'karna', 'sandy', 'sdh', 'hadir']","['bukti', 'podcast', 'isi', 'daging', 'karna', 'sandy', 'sdh', 'hadir']",bukti podcast isi daging karna sandy sdh hadir,bukti podcast isi daging karna sandy sdh hadir,Positif
next up durasi 2 jam pls,0,next up durasi 2 jam pls,next up durasi 2 jam pls,"['next', 'up', 'durasi', '2', 'jam', 'pls']","['next', 'up', 'durasi', '2', 'jam', 'pls']","['next', 'up', 'durasi', '2', 'jam', 'pls']",next up durasi 2 jam pls,next up durasi 2 jam pls,Netral
"seruuu bangetttt, kenapa durasinya bentar bgttttt kalian sibuk apaa sii selain jadi org pinter",0,seruuu bangetttt kenapa durasinya bentar bgttttt kalian sibuk apaa sii selain jadi org pinter,seruuu bangetttt kenapa durasinya bentar bgttttt kalian sibuk apaa sii selain jadi org pinter,"['seruuu', 'bangetttt', 'kenapa', 'durasinya', 'bentar', 'bgttttt', 'kalian', 'sibuk', 'apaa', 'sii', 'selain', 'jadi', 'org', 'pinter']","['seruuu', 'bangetttt', 'durasinya', 'bentar', 'bgttttt', 'sibuk', 'apaa', 'sii', 'org', 'pinter']","['seruuu', 'bangetttt', 'durasi', 'bentar', 'bgttttt', 'sibuk', 'apaa', 'sii', 'org', 'pinter']",seruuu bangetttt durasi bentar bgttttt sibuk apaa sii org pinter,seruuu bangetttt durasi bentar bgttttt sibuk apaa sii org pinter,Negatif
AKHIRNYA DI UPLOAD JUGAAAAAAAA &gt;&lt;,0,AKHIRNYA DI UPLOAD JUGAAAAAAAA,akhirnya di upload jugaaaaaaaa,"['akhirnya', 'di', 'upload', 'jugaaaaaaaa']","['upload', 'jugaaaaaaaa']","['upload', 'jugaaaaaaaa']",upload jugaaaaaaaa,upload jugaaaaaaaa,Positif
1 kata.... PECAH⚡️🔥,0,1 kata PECAH,1 kata pecah,"['1', 'kata', 'pecah']","['1', 'pecah']","['1', 'pecah']",1 pecah,1 pecah,Positif
Adik spill cardi adiiiiikkk,0,Adik spill cardi adiiiiikkk,adik spill cardi adiiiiikkk,"['adik', 'spill', 'cardi', 'adiiiiikkk']","['adik', 'spill', 'cardi', 'adiiiiikkk']","['adik', 'spill', 'cardi', 'adiiiiikkk']",adik spill cardi adiiiiikkk,adik spill cardi adiiiiikkk,Netral
adik : gausah ikutan<br>io     : 😃😃😃,1,adik gausah ikutan io,adik gausah ikutan io,"['adik', 'gausah', 'ikutan', 'io']","['adik', 'gausah', 'ikutan', 'io']","['adik', 'gausah', 'ikut', 'io']",adik gausah ikut io,adik gausah ikut io,Negatif
ngl every episode udah di tonton and i need more idc bro,1,ngl every episode udah di tonton and i need more idc bro,ngl every episode udah di tonton and i need more idc bro,"['ngl', 'every', 'episode', 'udah', 'di', 'tonton', 'and', 'i', 'need', 'more', 'idc', 'bro']","['ngl', 'every', 'episode', 'udah', 'tonton', 'and', 'i', 'need', 'more', 'idc', 'bro']","['ngl', 'every', 'episode', 'udah', 'tonton', 'and', 'i', 'need', 'more', 'idc', 'bro']",ngl every episode udah tonton and i need more idc bro,ngl every episode udah tonton and i need more idc bro,Negatif
Dopamin di akhir,0,Dopamin di akhir,dopamin di akhir,"['dopamin', 'di', 'akhir']",['dopamin'],['dopamin'],dopamin,dopamin,Positif
"gilee, ini mah perkumpulan orang jenius. nonton ini sama aja kayak nonton COC (class of comedy) 100 episode!",1512,gilee ini mah perkumpulan orang jenius nonton ini sama aja kayak nonton COC class of comedy episode,gilee ini mah perkumpulan orang jenius nonton ini sama aja kayak nonton coc class of comedy episode,"['gilee', 'ini', 'mah', 'perkumpulan', 'orang', 'jenius', 'nonton', 'ini', 'sama', 'aja', 'kayak', 'nonton', 'coc', 'class', 'of', 'comedy', 'episode']","['gilee', 'mah', 'perkumpulan', 'orang', 'jenius', 'nonton', 'aja', 'kayak', 'nonton', 'coc', 'class', 'of', 'comedy', 'episode']","['gilee', 'mah', 'kumpul', 'orang', 'jenius', 'nonton', 'aja', 'kayak', 'nonton', 'coc', 'class', 'of', 'comedy', 'episode']",gilee mah kumpul orang jenius nonton aja kayak nonton coc class of comedy episode,gilee mah kumpul orang jenius nonton aja kayak nonton coc class of comedy episode,Positif
"akhirnya collab disinii, biasanya ngelive di tiktok 😭 YEAYYYYHH",1,akhirnya collab disinii biasanya ngelive di tiktok YEAYYYYHH,akhirnya collab disinii biasanya ngelive di tiktok yeayyyyhh,"['akhirnya', 'collab', 'disinii', 'biasanya', 'ngelive', 'di', 'tiktok', 'yeayyyyhh']","['collab', 'disinii', 'ngelive', 'tiktok', 'yeayyyyhh']","['collab', 'sini', 'ngelive', 'tiktok', 'yeayyyyhh']",collab sini ngelive tiktok yeayyyyhh,collab sini ngelive tiktok yeayyyyhh,Positif
"<a href=""https://www.youtube.com/watch?v=CaklHISbki8&amp;t=1215"">20:15</a> really? Studio belinsky gak di ajak? Men, kacang lupa kulit nih?",4,really Studio belinsky gak di ajak Men kacang lupa kulit nih,really studio belinsky gak di ajak men kacang lupa kulit nih,"['really', 'studio', 'belinsky', 'gak', 'di', 'ajak', 'men', 'kacang', 'lupa', 'kulit', 'nih']","['really', 'studio', 'belinsky', 'gak', 'ajak', 'men', 'kacang', 'lupa', 'kulit', 'nih']","['really', 'studio', 'belinsky', 'gak', 'ajak', 'men', 'kacang', 'lupa', 'kulit', 'nih']",really studio belinsky gak ajak men kacang lupa kulit nih,really studio belinsky gak ajak men kacang lupa kulit nih,Negatif
KEREN BNGTTT,0,KEREN BNGTTT,keren bngttt,"['keren', 'bngttt']","['keren', 'bngttt']","['keren', 'bngttt']",keren bngttt,keren bngttt,Positif
"paling suka kalo io ketawa terus physical attacking niky, terus niky-nya kesel HAHAHHA",51,paling suka kalo io ketawa terus physical attacking niky terus nikynya kesel HAHAHHA,paling suka kalo io ketawa terus physical attacking niky terus nikynya kesel hahahha,"['paling', 'suka', 'kalo', 'io', 'ketawa', 'terus', 'physical', 'attacking', 'niky', 'terus', 'nikynya', 'kesel', 'hahahha']","['suka', 'kalo', 'io', 'ketawa', 'physical', 'attacking', 'niky', 'nikynya', 'kesel', 'hahahha']","['suka', 'kalo', 'io', 'ketawa', 'physical', 'attacking', 'niky', 'nikynya', 'kesel', 'hahahha']",suka kalo io ketawa physical attacking niky nikynya kesel hahahha,suka kalo io ketawa physical attacking niky nikynya kesel hahahha,Positif
makasih udh selalu lucu,0,makasih sudah selalu lucu,makasih sudah selalu lucu,"['makasih', 'sudah', 'selalu', 'lucu']","['makasih', 'lucu']","['makasih', 'lucu']",makasih lucu,makasih lucu,Positif
Setelah nonton ini iq ku naik🥺🥺,0,Setelah nonton ini iq ku naik,setelah nonton ini iq ku naik,"['setelah', 'nonton', 'ini', 'iq', 'ku', 'naik']","['nonton', 'iq', 'ku']","['nonton', 'iq', 'ku']",nonton iq ku,nonton iq ku,Netral
Sandy jiwa roasting lu kuat bgt😭,62,Sandy jiwa roasting lu kuat banget,sandy jiwa roasting lu kuat banget,"['sandy', 'jiwa', 'roasting', 'lu', 'kuat', 'banget']","['sandy', 'jiwa', 'roasting', 'lu', 'kuat', 'banget']","['sandy', 'jiwa', 'roasting', 'lu', 'kuat', 'banget']",sandy jiwa roasting lu kuat banget,sandy jiwa roasting lu kuat banget,Positif
PART 2 PLEASE WOIII,5,PART 2 PLEASE WOIII,part 2 please woiii,"['part', '2', 'please', 'woiii']","['part', '2', 'please', 'woiii']","['part', '2', 'please', 'woiii']",part 2 please woiii,part 2 please woiii,Negatif
jjur klo bleh jjr gw gk ngerti ini ngmgin apn,0,jjur kalau bleh jjr saya tidak ngerti ini ngmgin apn,jjur kalau bleh jjr saya tidak ngerti ini ngmgin apn,"['jjur', 'kalau', 'bleh', 'jjr', 'saya', 'tidak', 'ngerti', 'ini', 'ngmgin', 'apn']","['jjur', 'bleh', 'jjr', 'ngerti', 'ngmgin', 'apn']","['jjur', 'bleh', 'jjr', 'ngerti', 'ngmgin', 'apn']",jjur bleh jjr ngerti ngmgin apn,jjur bleh jjr ngerti ngmgin apn,Negatif
Lucu bgttttt,0,Lucu bgttttt,lucu bgttttt,"['lucu', 'bgttttt']","['lucu', 'bgttttt']","['lucu', 'bgttttt']",lucu bgttttt,lucu bgttttt,Positif
LUCUUUU BANGETTTTTTTTTT GA KUAT,0,LUCUUUU BANGETTTTTTTTTT GA KUAT,lucuuuu bangetttttttttt ga kuat,"['lucuuuu', 'bangetttttttttt', 'ga', 'kuat']","['lucuuuu', 'bangetttttttttt', 'ga', 'kuat']","['lucuuuu', 'bangetttttttttt', 'ga', 'kuat']",lucuuuu bangetttttttttt ga kuat,lucuuuu bangetttttttttt ga kuat,Positif
LOVE MIHUMIHU😀❤️,0,LOVE MIHUMIHU,love mihumihu,"['love', 'mihumihu']","['love', 'mihumihu']","['love', 'mihumihu']",love mihumihu,love mihumihu,Positif
"<a href=""https://www.youtube.com/watch?v=CaklHISbki8&amp;t=1192"">19:52</a> APESIHHHHH<a href=""UCkszU2WH9gy1mb0dV-11UJg/b8IfY7zOK9iVkNAP_I2A-AY""></a>",21,APESIHHHHH,apesihhhhh,['apesihhhhh'],['apesihhhhh'],['apesihhhhh'],apesihhhhh,apesihhhhh,Negatif
aku suka v kali enam puluwh😭😭😭😭😭😭,0,aku suka v kali enam puluwh,aku suka v kali enam puluwh,"['aku', 'suka', 'v', 'kali', 'enam', 'puluwh']","['suka', 'v', 'kali', 'enam', 'puluwh']","['suka', 'v', 'kali', 'enam', 'puluwh']",suka v kali enam puluwh,suka v kali enam puluwh,Netral
yang di tunggu² tayang jugaa😂😂,0,yang di tunggu tayang jugaa,yang di tunggu tayang jugaa,"['yang', 'di', 'tunggu', 'tayang', 'jugaa']","['tunggu', 'tayang', 'jugaa']","['tunggu', 'tayang', 'jugaa']",tunggu tayang jugaa,tunggu tayang jugaa,Netral
aku pas nonton ini gabisa bedain mana Niki mana Sandy,1,aku pas nonton ini gabisa bedain mana Niki mana Sandy,aku pas nonton ini gabisa bedain mana niki mana sandy,"['aku', 'pas', 'nonton', 'ini', 'gabisa', 'bedain', 'mana', 'niki', 'mana', 'sandy']","['pas', 'nonton', 'gabisa', 'bedain', 'niki', 'sandy']","['pas', 'nonton', 'gabisa', 'bedain', 'nik', 'sandy']",pas nonton gabisa bedain nik sandy,pas nonton gabisa bedain nik sandy,Netral
GOKILLL KASIH TRANDING KAA,0,GOKILLL KASIH TRANDING KAA,gokilll kasih tranding kaa,"['gokilll', 'kasih', 'tranding', 'kaa']","['gokilll', 'kasih', 'tranding', 'kaa']","['gokilll', 'kasih', 'tranding', 'kaa']",gokilll kasih tranding kaa,gokilll kasih tranding kaa,Positif
"sumpah eps paling goksss, akhirnya trbukti bahwa orang waras itu sangat amat pintar!",300,sumpah eps paling goksss akhirnya trbukti bahwa orang waras itu sangat amat pintar,sumpah eps paling goksss akhirnya trbukti bahwa orang waras itu sangat amat pintar,"['sumpah', 'eps', 'paling', 'goksss', 'akhirnya', 'trbukti', 'bahwa', 'orang', 'waras', 'itu', 'sangat', 'amat', 'pintar']","['sumpah', 'eps', 'goksss', 'trbukti', 'orang', 'waras', 'pintar']","['sumpah', 'eps', 'goksss', 'trbukti', 'orang', 'waras', 'pintar']",sumpah eps goksss trbukti orang waras pintar,sumpah eps goksss trbukti orang waras pintar,Positif
Ya allah pak ariip maafin nicky. Ketawa sampe cry,1,Ya allah pak ariip maafin nicky Ketawa sampe cry,ya allah pak ariip maafin nicky ketawa sampe cry,"['ya', 'allah', 'pak', 'ariip', 'maafin', 'nicky', 'ketawa', 'sampe', 'cry']","['ya', 'allah', 'ariip', 'maafin', 'nicky', 'ketawa', 'sampe', 'cry']","['ya', 'allah', 'ariip', 'maafin', 'nicky', 'ketawa', 'sampe', 'cry']",ya allah ariip maafin nicky ketawa sampe cry,ya allah ariip maafin nicky ketawa sampe cry,Positif
"Makin waras, mantap😂😂😂😂",0,Makin waras mantap,makin waras mantap,"['makin', 'waras', 'mantap']","['waras', 'mantap']","['waras', 'mantap']",waras mantap,waras mantap,Positif
SERUU BGT LAGII...,9,SERUU banget LAGII,seruu banget lagii,"['seruu', 'banget', 'lagii']","['seruu', 'banget', 'lagii']","['seruu', 'banget', 'lagi']",seruu banget lagi,seruu banget lagi,Positif
Dunianya sandy banget ini,0,Dunianya sandy banget ini,dunianya sandy banget ini,"['dunianya', 'sandy', 'banget', 'ini']","['dunianya', 'sandy', 'banget']","['dunia', 'sandy', 'banget']",dunia sandy banget,dunia sandy banget,Positif
"<a href=""https://www.youtube.com/watch?v=CaklHISbki8&amp;t=1753"">29:13</a> PANTES DSRITADI SANDY BUKA KANCING",1,PANTES DSRITADI SANDY BUKA KANCING,pantes dsritadi sandy buka kancing,"['pantes', 'dsritadi', 'sandy', 'buka', 'kancing']","['pantes', 'dsritadi', 'sandy', 'buka', 'kancing']","['pantes', 'dsritadi', 'sandy', 'buka', 'kancing']",pantes dsritadi sandy buka kancing,pantes dsritadi sandy buka kancing,Netral
kurang panjaaaaaangg plis seru bgt😭✨,1,kurang panjaaaaaangg plis seru banget,kurang panjaaaaaangg plis seru banget,"['kurang', 'panjaaaaaangg', 'plis', 'seru', 'banget']","['panjaaaaaangg', 'plis', 'seru', 'banget']","['panjaaaaaangg', 'plis', 'seru', 'banget']",panjaaaaaangg plis seru banget,panjaaaaaangg plis seru banget,Positif
mereka mereka ini adalah bukti bahwa indonesia bisa mencapai generasi emas. salam orang waras!,6,mereka mereka ini adalah bukti bahwa indonesia bisa mencapai generasi emas salam orang waras,mereka mereka ini adalah bukti bahwa indonesia bisa mencapai generasi emas salam orang waras,"['mereka', 'mereka', 'ini', 'adalah', 'bukti', 'bahwa', 'indonesia', 'bisa', 'mencapai', 'generasi', 'emas', 'salam', 'orang', 'waras']","['bukti', 'indonesia', 'mencapai', 'generasi', 'emas', 'salam', 'orang', 'waras']","['bukti', 'indonesia', 'capai', 'generasi', 'emas', 'salam', 'orang', 'waras']",bukti indonesia capai generasi emas salam orang waras,bukti indonesia capai generasi emas salam orang waras,Positif
AKHIRNYA UPLOAD STELAH BOLAK BALIK CEK HAHAHAH,0,AKHIRNYA UPLOAD STELAH BOLAK BALIK CEK HAHAHAH,akhirnya upload stelah bolak balik cek hahahah,"['akhirnya', 'upload', 'stelah', 'bolak', 'balik', 'cek', 'hahahah']","['upload', 'stelah', 'bolak', 'cek', 'hahahah']","['upload', 'stelah', 'bolak', 'cek', 'hahahah']",upload stelah bolak cek hahahah,upload stelah bolak cek hahahah,Negatif
yah besok skolah,0,yah besok skolah,yah besok skolah,"['yah', 'besok', 'skolah']","['yah', 'besok', 'skolah']","['yah', 'besok', 'skolah']",yah besok skolah,yah besok skolah,Netral
HAHAHAHA,0,HAHAHAHA,hahahaha,['hahahaha'],['hahahaha'],['hahahaha'],hahahaha,hahahaha,Positif
niky n nya naturally funny,0,niky n nya naturally funny,niky n nya naturally funny,"['niky', 'n', 'nya', 'naturally', 'funny']","['niky', 'n', 'nya', 'naturally', 'funny']","['niky', 'n', 'nya', 'naturally', 'funny']",niky n nya naturally funny,niky n nya naturally funny,Positif
bisa post vid semenit sekali gk,0,bisa post vid semenit sekali tidak,bisa post vid semenit sekali tidak,"['bisa', 'post', 'vid', 'semenit', 'sekali', 'tidak']","['post', 'vid', 'semenit']","['post', 'vid', 'menit']",post vid menit,post vid menit,Netral
"kurang lama durasi nyaaa, omggg, lov org org waras",6,kurang lama durasi nyaaa omggg lov org org waras,kurang lama durasi nyaaa omggg lov org org waras,"['kurang', 'lama', 'durasi', 'nyaaa', 'omggg', 'lov', 'org', 'org', 'waras']","['durasi', 'nyaaa', 'omggg', 'lov', 'org', 'org', 'waras']","['durasi', 'nyaaa', 'omggg', 'lov', 'org', 'org', 'waras']",durasi nyaaa omggg lov org org waras,durasi nyaaa omggg lov org org waras,Positif
"ap nih ga kerasa banget, ngeremehin wifi gue yg sebulan 500rb itu",0,ap nih ga kerasa banget ngeremehin wifi gue yang sebulan 500rb itu,ap nih ga kerasa banget ngeremehin wifi gue yang sebulan 500rb itu,"['ap', 'nih', 'ga', 'kerasa', 'banget', 'ngeremehin', 'wifi', 'gue', 'yang', 'sebulan', '500rb', 'itu']","['ap', 'nih', 'ga', 'kerasa', 'banget', 'ngeremehin', 'wifi', 'gue', 'sebulan', '500rb']","['ap', 'nih', 'ga', 'rasa', 'banget', 'ngeremehin', 'wifi', 'gue', 'bulan', '500rb']",ap nih ga rasa banget ngeremehin wifi gue bulan 500rb,ap nih ga rasa banget ngeremehin wifi gue bulan 500rb,Negatif
azeekkk,0,azeekkk,azeekkk,['azeekkk'],['azeekkk'],['azeekkk'],azeekkk,azeekkk,Positif
Makasih udah ngundang orang WARAS ini.,9500,Makasih udah ngundang orang WARAS ini,makasih udah ngundang orang waras ini,"['makasih', 'udah', 'ngundang', 'orang', 'waras', 'ini']","['makasih', 'udah', 'ngundang', 'orang', 'waras']","['makasih', 'udah', 'ngundang', 'orang', 'waras']",makasih udah ngundang orang waras,makasih udah ngundang orang waras,Positif
Alhamdulillah dah bisa makan dengan nyaman 🥺,0,Alhamdulillah dah bisa makan dengan nyaman,alhamdulillah dah bisa makan dengan nyaman,"['alhamdulillah', 'dah', 'bisa', 'makan', 'dengan', 'nyaman']","['alhamdulillah', 'dah', 'makan', 'nyaman']","['alhamdulillah', 'dah', 'makan', 'nyaman']",alhamdulillah dah makan nyaman,alhamdulillah dah makan nyaman,Positif
Salam.akal sehat,0,Salamakal sehat,salamakal sehat,"['salamakal', 'sehat']","['salamakal', 'sehat']","['salamakal', 'sehat']",salamakal sehat,salamakal sehat,Positif
next tolong undang vino celana gajah plissss,0,next tolong undang vino celana gajah plissss,next tolong undang vino celana gajah plissss,"['next', 'tolong', 'undang', 'vino', 'celana', 'gajah', 'plissss']","['next', 'tolong', 'undang', 'vino', 'celana', 'gajah', 'plissss']","['next', 'tolong', 'undang', 'vino', 'celana', 'gajah', 'plissss']",next tolong undang vino celana gajah plissss,next tolong undang vino celana gajah plissss,Netral
"kurang lama podcast nyaa,, seru poll",11,kurang lama podcast nyaa seru poll,kurang lama podcast nyaa seru poll,"['kurang', 'lama', 'podcast', 'nyaa', 'seru', 'poll']","['podcast', 'nyaa', 'seru', 'poll']","['podcast', 'nyaa', 'seru', 'poll']",podcast nyaa seru poll,podcast nyaa seru poll,Positif
kurang panjanggggggg durasinyaqqq,0,kurang panjanggggggg durasinyaqqq,kurang panjanggggggg durasinyaqqq,"['kurang', 'panjanggggggg', 'durasinyaqqq']","['panjanggggggg', 'durasinyaqqq']","['panjanggggggg', 'durasinyaqqq']",panjanggggggg durasinyaqqq,panjanggggggg durasinyaqqq,Negatif
"orang pintar, akan kalah dengan org waras. salam org waras<a href=""UCkszU2WH9gy1mb0dV-11UJg/4PgfY73cJprKCq-_gIAO""></a> ga ekspek kl niky ama sandy samaan tanggal lairnya😭😭",0,orang pintar akan kalah dengan org waras salam org waras ga ekspek kl niky ama sandy samaan tanggal lairnya,orang pintar akan kalah dengan org waras salam org waras ga ekspek kl niky ama sandy samaan tanggal lairnya,"['orang', 'pintar', 'akan', 'kalah', 'dengan', 'org', 'waras', 'salam', 'org', 'waras', 'ga', 'ekspek', 'kl', 'niky', 'ama', 'sandy', 'samaan', 'tanggal', 'lairnya']","['orang', 'pintar', 'kalah', 'org', 'waras', 'salam', 'org', 'waras', 'ga', 'ekspek', 'kl', 'niky', 'ama', 'sandy', 'samaan', 'tanggal', 'lairnya']","['orang', 'pintar', 'kalah', 'org', 'waras', 'salam', 'org', 'waras', 'ga', 'ekspek', 'kl', 'niky', 'ama', 'sandy', 'sama', 'tanggal', 'lairnya']",orang pintar kalah org waras salam org waras ga ekspek kl niky ama sandy sama tanggal lairnya,orang pintar kalah org waras salam org waras ga ekspek kl niky ama sandy sama tanggal lairnya,Netral
"<a href=""https://www.youtube.com/watch?v=CaklHISbki8&amp;t=288"">4:48</a> WKWKWK",0,WKWKWK,wkwkwk,['wkwkwk'],['wkwkwk'],['wkwkwk'],wkwkwk,wkwkwk,Positif
YEYYYY UPLOADDD,0,YEYYYY UPLOADDD,yeyyyy uploaddd,"['yeyyyy', 'uploaddd']","['yeyyyy', 'uploaddd']","['yeyyyy', 'uploaddd']",yeyyyy uploaddd,yeyyyy uploaddd,Positif
perfect ending🤣🤣🤣,0,perfect ending,perfect ending,"['perfect', 'ending']","['perfect', 'ending']","['perfect', 'ending']",perfect ending,perfect ending,Positif
"MIHU MIHUUUU, ORANG-ORANG WARAS SMART SEKALI!!!!",0,MIHU MIHUUUU ORANGORANG WARAS SMART SEKALI,mihu mihuuuu orangorang waras smart sekali,"['mihu', 'mihuuuu', 'orangorang', 'waras', 'smart', 'sekali']","['mihu', 'mihuuuu', 'orangorang', 'waras', 'smart']","['mihu', 'mihuuuu', 'orangorang', 'waras', 'smart']",mihu mihuuuu orangorang waras smart,mihu mihuuuu orangorang waras smart,Positif
Disini Sandy kayak hostnya😂😂,0,Disini Sandy kayak hostnya,disini sandy kayak hostnya,"['disini', 'sandy', 'kayak', 'hostnya']","['sandy', 'kayak', 'hostnya']","['sandy', 'kayak', 'hostnya']",sandy kayak hostnya,sandy kayak hostnya,Positif
entah kenapa gue ngakakk😂😂,0,entah kenapa gue ngakakk,entah kenapa gue ngakakk,"['entah', 'kenapa', 'gue', 'ngakakk']","['gue', 'ngakakk']","['gue', 'ngakakk']",gue ngakakk,gue ngakakk,Positif
"Setelah menunjukan vidio ini ke grup keluarga, saya dituduh penganut matematika dan dijanjikan emas 140 hektar, serta mendapatkan banyak ilmu hitam",189,Setelah menunjukan vidio ini ke grup keluarga saya dituduh penganut matematika dan dijanjikan emas hektar serta mendapatkan banyak ilmu hitam,setelah menunjukan vidio ini ke grup keluarga saya dituduh penganut matematika dan dijanjikan emas hektar serta mendapatkan banyak ilmu hitam,"['setelah', 'menunjukan', 'vidio', 'ini', 'ke', 'grup', 'keluarga', 'saya', 'dituduh', 'penganut', 'matematika', 'dan', 'dijanjikan', 'emas', 'hektar', 'serta', 'mendapatkan', 'banyak', 'ilmu', 'hitam']","['menunjukan', 'vidio', 'grup', 'keluarga', 'dituduh', 'penganut', 'matematika', 'dijanjikan', 'emas', 'hektar', 'ilmu', 'hitam']","['tunjuk', 'vidio', 'grup', 'keluarga', 'tuduh', 'anut', 'matematika', 'janji', 'emas', 'hektar', 'ilmu', 'hitam']",tunjuk vidio grup keluarga tuduh anut matematika janji emas hektar ilmu hitam,tunjuk vidio grup keluarga tuduh anut matematika janji emas hektar ilmu hitam,Negatif
YES MAKAN!! makasih kak aku udh kelaparan nih! makanya nonton podcasr daging,0,YES MAKAN makasih kak aku sudah kelaparan nih makanya nonton podcasr daging,yes makan makasih kak aku sudah kelaparan nih makanya nonton podcasr daging,"['yes', 'makan', 'makasih', 'kak', 'aku', 'sudah', 'kelaparan', 'nih', 'makanya', 'nonton', 'podcasr', 'daging']","['yes', 'makan', 'makasih', 'kak', 'kelaparan', 'nih', 'nonton', 'podcasr', 'daging']","['yes', 'makan', 'makasih', 'kak', 'lapar', 'nih', 'nonton', 'podcasr', 'daging']",yes makan makasih kak lapar nih nonton podcasr daging,yes makan makasih kak lapar nih nonton podcasr daging,Positif
Cape bgt ketawa,0,Cape banget ketawa,cape banget ketawa,"['cape', 'banget', 'ketawa']","['cape', 'banget', 'ketawa']","['cape', 'banget', 'ketawa']",cape banget ketawa,cape banget ketawa,Positif
Sandy 😭,0,Sandy,sandy,['sandy'],['sandy'],['sandy'],sandy,sandy,Netral
PLIS UNDANG DANTE,0,PLIS UNDANG DANTE,plis undang dante,"['plis', 'undang', 'dante']","['plis', 'undang', 'dante']","['plis', 'undang', 'dante']",plis undang dante,plis undang dante,Netral
Ini kan yang di sebut sad ending 😭😭,0,Ini kan yang di sebut sad ending,ini kan yang di sebut sad ending,"['ini', 'kan', 'yang', 'di', 'sebut', 'sad', 'ending']","['sad', 'ending']","['sad', 'ending']",sad ending,sad ending,Positif
nooooo<br>makan belum selesai durasi dah habis aja,0,nooooo makan belum selesai durasi dah habis aja,nooooo makan belum selesai durasi dah habis aja,"['nooooo', 'makan', 'belum', 'selesai', 'durasi', 'dah', 'habis', 'aja']","['nooooo', 'makan', 'selesai', 'durasi', 'dah', 'habis', 'aja']","['nooooo', 'makan', 'selesai', 'durasi', 'dah', 'habis', 'aja']",nooooo makan selesai durasi dah habis aja,nooooo makan selesai durasi dah habis aja,Negatif
3 ahli dunia telah ditemukan,0,3 ahli dunia telah ditemukan,3 ahli dunia telah ditemukan,"['3', 'ahli', 'dunia', 'telah', 'ditemukan']","['3', 'ahli', 'dunia', 'ditemukan']","['3', 'ahli', 'dunia', 'temu']",3 ahli dunia temu,3 ahli dunia temu,Netral
Ending nyaa 😭😭😭,0,Ending nyaa,ending nyaa,"['ending', 'nyaa']","['ending', 'nyaa']","['ending', 'nyaa']",ending nyaa,ending nyaa,Positif
random bgt sial😫😭,0,random banget sial,random banget sial,"['random', 'banget', 'sial']","['random', 'banget', 'sial']","['random', 'banget', 'sial']",random banget sial,random banget sial,Negatif
Gong banget sih ini,0,Gong banget sih ini,gong banget sih ini,"['gong', 'banget', 'sih', 'ini']","['gong', 'banget', 'sih']","['gong', 'banget', 'sih']",gong banget sih,gong banget sih,Positif
YESSS BISA MAKAN,0,YESSS BISA MAKAN,yesss bisa makan,"['yesss', 'bisa', 'makan']","['yesss', 'makan']","['yesss', 'makan']",yesss makan,yesss makan,Positif
AH STOP LAH GUE SAKIT PERUT 😭,0,AH STOP LAH GUE SAKIT PERUT,ah stop lah gue sakit perut,"['ah', 'stop', 'lah', 'gue', 'sakit', 'perut']","['ah', 'stop', 'gue', 'sakit', 'perut']","['ah', 'stop', 'gue', 'sakit', 'perut']",ah stop gue sakit perut,ah stop gue sakit perut,Negatif
mihu mihuu,0,mihu mihuu,mihu mihuu,"['mihu', 'mihuu']","['mihu', 'mihuu']","['mihu', 'mihuu']",mihu mihuu,mihu mihuu,Netral
"mau gabung ih, masih ad sofa kosong gak sih😭😭",0,mau gabung ih masih ad sofa kosong gak sih,mau gabung ih masih ad sofa kosong gak sih,"['mau', 'gabung', 'ih', 'masih', 'ad', 'sofa', 'kosong', 'gak', 'sih']","['gabung', 'ih', 'ad', 'sofa', 'kosong', 'gak', 'sih']","['gabung', 'ih', 'ad', 'sofa', 'kosong', 'gak', 'sih']",gabung ih ad sofa kosong gak sih,gabung ih ad sofa kosong gak sih,Positif
LAGI DONG UNDANG SANDY LUCU BGT😭😭😭😭😭,0,LAGI DONG UNDANG SANDY LUCU banget,lagi dong undang sandy lucu banget,"['lagi', 'dong', 'undang', 'sandy', 'lucu', 'banget']","['undang', 'sandy', 'lucu', 'banget']","['undang', 'sandy', 'lucu', 'banget']",undang sandy lucu banget,undang sandy lucu banget,Positif
gongggg,0,gongggg,gongggg,['gongggg'],['gongggg'],['gongggg'],gongggg,gongggg,Positif
kalian nyambung bgt 😭😭,0,kalian nyambung banget,kalian nyambung banget,"['kalian', 'nyambung', 'banget']","['nyambung', 'banget']","['nyambung', 'banget']",nyambung banget,nyambung banget,Positif
Makin hari makin lucu ajaa😂,0,Makin hari makin lucu ajaa,makin hari makin lucu ajaa,"['makin', 'hari', 'makin', 'lucu', 'ajaa']","['lucu', 'ajaa']","['lucu', 'ajaa']",lucu ajaa,lucu ajaa,Positif
Tapi jujur muka naryo eps ini nyebelin banget,0,Tapi jujur muka naryo eps ini nyebelin banget,tapi jujur muka naryo eps ini nyebelin banget,"['tapi', 'jujur', 'muka', 'naryo', 'eps', 'ini', 'nyebelin', 'banget']","['jujur', 'muka', 'naryo', 'eps', 'nyebelin', 'banget']","['jujur', 'muka', 'naryo', 'eps', 'nyebelin', 'banget']",jujur muka naryo eps nyebelin banget,jujur muka naryo eps nyebelin banget,Negatif
PECAH BNGT PAS BUKA KEMEJA 😭,1,PECAH BNGT PAS BUKA KEMEJA,pecah bngt pas buka kemeja,"['pecah', 'bngt', 'pas', 'buka', 'kemeja']","['pecah', 'bngt', 'pas', 'buka', 'kemeja']","['pecah', 'bngt', 'pas', 'buka', 'kemeja']",pecah bngt pas buka kemeja,pecah bngt pas buka kemeja,Positif
GA NYANGKA SUMOAH,1,GA NYANGKA SUMOAH,ga nyangka sumoah,"['ga', 'nyangka', 'sumoah']","['ga', 'nyangka', 'sumoah']","['ga', 'nyangka', 'sumoah']",ga nyangka sumoah,ga nyangka sumoah,Positif
oh yes podcast ini semakin berdaging uhum 😘😝🤌🏻,7,oh yes podcast ini semakin berdaging uhum,oh yes podcast ini semakin berdaging uhum,"['oh', 'yes', 'podcast', 'ini', 'semakin', 'berdaging', 'uhum']","['oh', 'yes', 'podcast', 'berdaging', 'uhum']","['oh', 'yes', 'podcast', 'daging', 'uhum']",oh yes podcast daging uhum,oh yes podcast daging uhum,Positif
MAKASIH BGT TELAH HIDUP,187,MAKASIH banget TELAH HIDUP,makasih banget telah hidup,"['makasih', 'banget', 'telah', 'hidup']","['makasih', 'banget', 'hidup']","['makasih', 'banget', 'hidup']",makasih banget hidup,makasih banget hidup,Positif
"Gong bgt pas baju <a href=""UCkszU2WH9gy1mb0dV-11UJg/KsIfY6LzFoLM6AKanYDQAg""></a>",1,Gong banget pas baju,gong banget pas baju,"['gong', 'banget', 'pas', 'baju']","['gong', 'banget', 'pas', 'baju']","['gong', 'banget', 'pas', 'baju']",gong banget pas baju,gong banget pas baju,Positif
Jungsu xdiz kayaknya bisa join niky sama sandy gaksiiii,0,Jungsu xdiz kayaknya bisa join niky sama sandy gaksiiii,jungsu xdiz kayaknya bisa join niky sama sandy gaksiiii,"['jungsu', 'xdiz', 'kayaknya', 'bisa', 'join', 'niky', 'sama', 'sandy', 'gaksiiii']","['jungsu', 'xdiz', 'kayaknya', 'join', 'niky', 'sandy', 'gaksiiii']","['jungsu', 'xdiz', 'kayak', 'join', 'niky', 'sandy', 'gaksiiii']",jungsu xdiz kayak join niky sandy gaksiiii,jungsu xdiz kayak join niky sandy gaksiiii,Netral
ngakakkk,0,ngakakkk,ngakakkk,['ngakakkk'],['ngakakkk'],['ngakakkk'],ngakakkk,ngakakkk,Positif
YANG KITA TUNGGU TUNGGU 🔥🔥🔥🔥🔥,9,YANG KITA TUNGGU TUNGGU,yang kita tunggu tunggu,"['yang', 'kita', 'tunggu', 'tunggu']","['tunggu', 'tunggu']","['tunggu', 'tunggu']",tunggu tunggu,tunggu tunggu,Netral
"APA INI DURASI NYA CUMA 32 MENIT?,NGEREMEHIN BANGET KUOTA GUA😞😞😞",0,APA INI DURASI NYA CUMA 32 MENITNGEREMEHIN BANGET KUOTA GUA,apa ini durasi nya cuma 32 menitngeremehin banget kuota gua,"['apa', 'ini', 'durasi', 'nya', 'cuma', '32', 'menitngeremehin', 'banget', 'kuota', 'gua']","['durasi', 'nya', '32', 'menitngeremehin', 'banget', 'kuota', 'gua']","['durasi', 'nya', '32', 'menitngeremehin', 'banget', 'kuota', 'gua']",durasi nya 32 menitngeremehin banget kuota gua,durasi nya 32 menitngeremehin banget kuota gua,Negatif
akhirnya bisa makan ❤,0,akhirnya bisa makan,akhirnya bisa makan,"['akhirnya', 'bisa', 'makan']",['makan'],['makan'],makan,makan,Positif
Berdagingg bgt eps kali iniii love,2,Berdagingg banget eps kali iniii love,berdagingg banget eps kali iniii love,"['berdagingg', 'banget', 'eps', 'kali', 'iniii', 'love']","['berdagingg', 'banget', 'eps', 'kali', 'iniii', 'love']","['berdagingg', 'banget', 'eps', 'kali', 'iniii', 'love']",berdagingg banget eps kali iniii love,berdagingg banget eps kali iniii love,Positif
heh masa segini doang durasi nya?!?!?!??!,0,heh masa segini doang durasi nya,heh masa segini doang durasi nya,"['heh', 'masa', 'segini', 'doang', 'durasi', 'nya']","['heh', 'segini', 'doang', 'durasi', 'nya']","['heh', 'gin', 'doang', 'durasi', 'nya']",heh gin doang durasi nya,heh gin doang durasi nya,Negatif
podcast sangat berdaging,0,podcast sangat berdaging,podcast sangat berdaging,"['podcast', 'sangat', 'berdaging']","['podcast', 'berdaging']","['podcast', 'daging']",podcast daging,podcast daging,Positif
"<a href=""https://www.youtube.com/watch?v=CaklHISbki8&amp;t=289"">4:49</a> kocak banget abjir😭😭😭😭",74,kocak banget abjir,kocak banget abjir,"['kocak', 'banget', 'abjir']","['kocak', 'banget', 'abjir']","['kocak', 'banget', 'abjir']",kocak banget abjir,kocak banget abjir,Positif
terlalu sefrekuensii tolongggg,0,terlalu sefrekuensii tolongggg,terlalu sefrekuensii tolongggg,"['terlalu', 'sefrekuensii', 'tolongggg']","['sefrekuensii', 'tolongggg']","['frekuensi', 'tolongggg']",frekuensi tolongggg,frekuensi tolongggg,Positif
seruuu bangettt,0,seruuu bangettt,seruuu bangettt,"['seruuu', 'bangettt']","['seruuu', 'bangettt']","['seruuu', 'bangettt']",seruuu bangettt,seruuu bangettt,Positif
"setelah 47 menit upload, terpantau subs io dari 93k jadi 93,4k",5,setelah 47 menit upload terpantau subs io dari 93k jadi 934k,setelah 47 menit upload terpantau subs io dari 93k jadi 934k,"['setelah', '47', 'menit', 'upload', 'terpantau', 'subs', 'io', 'dari', '93k', 'jadi', '934k']","['47', 'menit', 'upload', 'terpantau', 'subs', 'io', '93k', '934k']","['47', 'menit', 'upload', 'pantau', 'subs', 'io', '93k', '934k']",47 menit upload pantau subs io 93k 934k,47 menit upload pantau subs io 93k 934k,Netral
bisa ga sih ini durasinya 10 tahun,0,bisa ga sih ini durasinya 10 tahun,bisa ga sih ini durasinya 10 tahun,"['bisa', 'ga', 'sih', 'ini', 'durasinya', '10', 'tahun']","['ga', 'sih', 'durasinya', '10']","['ga', 'sih', 'durasi', '10']",ga sih durasi 10,ga sih durasi 10,Negatif
"Ini lucu bgt plis, durasinya kurang panjang😭",0,Ini lucu banget plis durasinya kurang panjang,ini lucu banget plis durasinya kurang panjang,"['ini', 'lucu', 'banget', 'plis', 'durasinya', 'kurang', 'panjang']","['lucu', 'banget', 'plis', 'durasinya']","['lucu', 'banget', 'plis', 'durasi']",lucu banget plis durasi,lucu banget plis durasi,Positif
&quot;asekk&quot;,1,asekk,asekk,['asekk'],['asekk'],['asekk'],asekk,asekk,Positif
plng dari sini te iq gasih? takut turun,0,plng dari sini te iq gasih takut turun,plng dari sini te iq gasih takut turun,"['plng', 'dari', 'sini', 'te', 'iq', 'gasih', 'takut', 'turun']","['plng', 'te', 'iq', 'gasih', 'takut', 'turun']","['plng', 'te', 'iq', 'gasih', 'takut', 'turun']",plng te iq gasih takut turun,plng te iq gasih takut turun,Negatif
"gong banget pas sandy nunjukin bajunya anjirr gak espekk😂😂. eps kali ini full ngakak, dan full kenyang. saran aja up nya 3 kali sehari plss, biar anak Indonesia terpenuhi gizinya 😢😢",661,gong banget pas sandy nunjukin bajunya anjirr gak espekk eps kali ini full ngakak dan full kenyang saran aja up nya 3 kali sehari plss biar anak Indonesia terpenuhi gizinya,gong banget pas sandy nunjukin bajunya anjirr gak espekk eps kali ini full ngakak dan full kenyang saran aja up nya 3 kali sehari plss biar anak indonesia terpenuhi gizinya,"['gong', 'banget', 'pas', 'sandy', 'nunjukin', 'bajunya', 'anjirr', 'gak', 'espekk', 'eps', 'kali', 'ini', 'full', 'ngakak', 'dan', 'full', 'kenyang', 'saran', 'aja', 'up', 'nya', '3', 'kali', 'sehari', 'plss', 'biar', 'anak', 'indonesia', 'terpenuhi', 'gizinya']","['gong', 'banget', 'pas', 'sandy', 'nunjukin', 'bajunya', 'anjirr', 'gak', 'espekk', 'eps', 'kali', 'full', 'ngakak', 'full', 'kenyang', 'saran', 'aja', 'up', 'nya', '3', 'kali', 'sehari', 'plss', 'biar', 'anak', 'indonesia', 'terpenuhi', 'gizinya']","['gong', 'banget', 'pas', 'sandy', 'nunjukin', 'baju', 'anjirr', 'gak', 'espekk', 'eps', 'kali', 'full', 'ngakak', 'full', 'kenyang', 'saran', 'aja', 'up', 'nya', '3', 'kali', 'hari', 'plss', 'biar', 'anak', 'indonesia', 'penuh', 'gizi']",gong banget pas sandy nunjukin baju anjirr gak espekk eps kali full ngakak full kenyang saran aja up nya 3 kali hari plss biar anak indonesia penuh gizi,gong banget pas sandy nunjukin baju anjirr gak espekk eps kali full ngakak full kenyang saran aja up nya 3 kali hari plss biar anak indonesia penuh gizi,Positif
sandy menemukan habitatnya,43,sandy menemukan habitatnya,sandy menemukan habitatnya,"['sandy', 'menemukan', 'habitatnya']","['sandy', 'menemukan', 'habitatnya']","['sandy', 'temu', 'habitat']",sandy temu habitat,sandy temu habitat,Netral
nungguin keluarga artis karena emng kita orang waras,0,nungguin keluarga artis karena emng kita orang waras,nungguin keluarga artis karena emng kita orang waras,"['nungguin', 'keluarga', 'artis', 'karena', 'emng', 'kita', 'orang', 'waras']","['nungguin', 'keluarga', 'artis', 'emng', 'orang', 'waras']","['nungguin', 'keluarga', 'artis', 'emng', 'orang', 'waras']",nungguin keluarga artis emng orang waras,nungguin keluarga artis emng orang waras,Positif
SALAM ORANG WARASSSSSSSSSSS,0,SALAM ORANG WARASSSSSSSSSSS,salam orang warasssssssssss,"['salam', 'orang', 'warasssssssssss']","['salam', 'orang', 'warasssssssssss']","['salam', 'orang', 'warasssssssssss']",salam orang warasssssssssss,salam orang warasssssssssss,Positif
PODCAST TERDAGING 2025 🔥🔥🔥,2,PODCAST TERDAGING,podcast terdaging,"['podcast', 'terdaging']","['podcast', 'terdaging']","['podcast', 'daging']",podcast daging,podcast daging,Positif
Adek kasian difitnah mulu sm iooo wakakkaka 😭😭,0,Adek kasian difitnah mulu sama iooo wakakkaka,adek kasian difitnah mulu sama iooo wakakkaka,"['adek', 'kasian', 'difitnah', 'mulu', 'sama', 'iooo', 'wakakkaka']","['adek', 'kasian', 'difitnah', 'mulu', 'iooo', 'wakakkaka']","['adek', 'kasi', 'fitnah', 'mulu', 'iooo', 'wakakkaka']",adek kasi fitnah mulu iooo wakakkaka,adek kasi fitnah mulu iooo wakakkaka,Negatif
akhirnya aku makan,0,akhirnya aku makan,akhirnya aku makan,"['akhirnya', 'aku', 'makan']",['makan'],['makan'],makan,makan,Positif
podcast penambah iq 😍,0,podcast penambah iq,podcast penambah iq,"['podcast', 'penambah', 'iq']","['podcast', 'penambah', 'iq']","['podcast', 'tambah', 'iq']",podcast tambah iq,podcast tambah iq,Positif
beneran podcast orang waras karena bisa datengin orang real waras di dunia indonesia itu,63,beneran podcast orang waras karena bisa datengin orang real waras di dunia indonesia itu,beneran podcast orang waras karena bisa datengin orang real waras di dunia indonesia itu,"['beneran', 'podcast', 'orang', 'waras', 'karena', 'bisa', 'datengin', 'orang', 'real', 'waras', 'di', 'dunia', 'indonesia', 'itu']","['beneran', 'podcast', 'orang', 'waras', 'datengin', 'orang', 'real', 'waras', 'dunia', 'indonesia']","['beneran', 'podcast', 'orang', 'waras', 'datengin', 'orang', 'real', 'waras', 'dunia', 'indonesia']",beneran podcast orang waras datengin orang real waras dunia indonesia,beneran podcast orang waras datengin orang real waras dunia indonesia,Positif
Akhirnya aku bisa makan..,0,Akhirnya aku bisa makan,akhirnya aku bisa makan,"['akhirnya', 'aku', 'bisa', 'makan']",['makan'],['makan'],makan,makan,Positif
KURANG PANJANGGGGV EPSNYA,14,KURANG PANJANGGGGV EPSNYA,kurang panjanggggv epsnya,"['kurang', 'panjanggggv', 'epsnya']","['panjanggggv', 'epsnya']","['panjanggggv', 'epsnya']",panjanggggv epsnya,panjanggggv epsnya,Negatif
Ngabrut sendi ngapalin barcode 😭😭😭😭😭😭,0,Ngabrut sendi ngapalin barcode,ngabrut sendi ngapalin barcode,"['ngabrut', 'sendi', 'ngapalin', 'barcode']","['ngabrut', 'sendi', 'ngapalin', 'barcode']","['ngabrut', 'sendi', 'ngapalin', 'barcode']",ngabrut sendi ngapalin barcode,ngabrut sendi ngapalin barcode,Positif
NGAKAK BANGET GUSTIII😭😭😭😭😭,1,NGAKAK BANGET GUSTIII,ngakak banget gustiii,"['ngakak', 'banget', 'gustiii']","['ngakak', 'banget', 'gustiii']","['ngakak', 'banget', 'gustiii']",ngakak banget gustiii,ngakak banget gustiii,Positif
Tontonanku ternyata orang orang jenius semua yaaa,19,Tontonanku ternyata orang orang jenius semua yaaa,tontonanku ternyata orang orang jenius semua yaaa,"['tontonanku', 'ternyata', 'orang', 'orang', 'jenius', 'semua', 'yaaa']","['tontonanku', 'orang', 'orang', 'jenius', 'yaaa']","['tonton', 'orang', 'orang', 'jenius', 'yaaa']",tonton orang orang jenius yaaa,tonton orang orang jenius yaaa,Positif
KOCAK BGT JIR,0,KOCAK banget JIR,kocak banget jir,"['kocak', 'banget', 'jir']","['kocak', 'banget', 'jir']","['kocak', 'banget', 'jir']",kocak banget jir,kocak banget jir,Positif
"3 orang jenius N nya Niki, I nya MarIo, dan S nya adalah Sandy",1240,3 orang jenius N nya Niki I nya MarIo dan S nya adalah Sandy,3 orang jenius n nya niki i nya mario dan s nya adalah sandy,"['3', 'orang', 'jenius', 'n', 'nya', 'niki', 'i', 'nya', 'mario', 'dan', 's', 'nya', 'adalah', 'sandy']","['3', 'orang', 'jenius', 'n', 'nya', 'niki', 'i', 'nya', 'mario', 's', 'nya', 'sandy']","['3', 'orang', 'jenius', 'n', 'nya', 'nik', 'i', 'nya', 'mario', 's', 'nya', 'sandy']",3 orang jenius n nya nik i nya mario s nya sandy,3 orang jenius n nya nik i nya mario s nya sandy,Positif
Nikky yang mana ya di sini,0,Nikky yang mana ya di sini,nikky yang mana ya di sini,"['nikky', 'yang', 'mana', 'ya', 'di', 'sini']","['nikky', 'ya']","['nikky', 'ya']",nikky ya,nikky ya,Netral
sandy terlihat seperti maknae 🥰,157,sandy terlihat seperti maknae,sandy terlihat seperti maknae,"['sandy', 'terlihat', 'seperti', 'maknae']","['sandy', 'maknae']","['sandy', 'maknae']",sandy maknae,sandy maknae,Netral
waww lagunyaa ngga ekspek sebagus ituu boleh nih masuk spotify🥰,3,waww lagunyaa ngga ekspek sebagus ituu boleh nih masuk spotify,waww lagunyaa ngga ekspek sebagus ituu boleh nih masuk spotify,"['waww', 'lagunyaa', 'ngga', 'ekspek', 'sebagus', 'ituu', 'boleh', 'nih', 'masuk', 'spotify']","['waww', 'lagunyaa', 'ngga', 'ekspek', 'sebagus', 'ituu', 'nih', 'masuk', 'spotify']","['waww', 'lagunyaa', 'ngga', 'ekspek', 'bagus', 'ituu', 'nih', 'masuk', 'spotify']",waww lagunyaa ngga ekspek bagus ituu nih masuk spotify,waww lagunyaa ngga ekspek bagus ituu nih masuk spotify,Positif
waktunya menyuapkan nasi ke dalam mulut😋🤭,0,waktunya menyuapkan nasi ke dalam mulut,waktunya menyuapkan nasi ke dalam mulut,"['waktunya', 'menyuapkan', 'nasi', 'ke', 'dalam', 'mulut']","['menyuapkan', 'nasi', 'mulut']","['suap', 'nasi', 'mulut']",suap nasi mulut,suap nasi mulut,Positif
asik bngtt...ajak aku plis....,0,asik bngttajak aku plis,asik bngttajak aku plis,"['asik', 'bngttajak', 'aku', 'plis']","['asik', 'bngttajak', 'plis']","['asik', 'bngttajak', 'plis']",asik bngttajak plis,asik bngttajak plis,Positif
PECAH BANGET GIMMICKNYA SI SANDY,0,PECAH BANGET GIMMICKNYA SI SANDY,pecah banget gimmicknya si sandy,"['pecah', 'banget', 'gimmicknya', 'si', 'sandy']","['pecah', 'banget', 'gimmicknya', 'si', 'sandy']","['pecah', 'banget', 'gimmicknya', 'si', 'sandy']",pecah banget gimmicknya si sandy,pecah banget gimmicknya si sandy,Positif
"<a href=""https://www.youtube.com/watch?v=CaklHISbki8&amp;t=1945"">32:25</a> GONG BANGET",102,GONG BANGET,gong banget,"['gong', 'banget']","['gong', 'banget']","['gong', 'banget']",gong banget,gong banget,Positif
Ini hostnya yang mana sihh,0,Ini hostnya yang mana sihh,ini hostnya yang mana sihh,"['ini', 'hostnya', 'yang', 'mana', 'sihh']","['hostnya', 'sihh']","['hostnya', 'sihh']",hostnya sihh,hostnya sihh,Positif
PENDEK BANGET IH DURASI NYA AKU GEBUKIN YA,1,PENDEK BANGET IH DURASI NYA AKU GEBUKIN YA,pendek banget ih durasi nya aku gebukin ya,"['pendek', 'banget', 'ih', 'durasi', 'nya', 'aku', 'gebukin', 'ya']","['pendek', 'banget', 'ih', 'durasi', 'nya', 'gebukin', 'ya']","['pendek', 'banget', 'ih', 'durasi', 'nya', 'gebukin', 'ya']",pendek banget ih durasi nya gebukin ya,pendek banget ih durasi nya gebukin ya,Negatif
akhirnyaa bisa makann,0,akhirnyaa bisa makann,akhirnyaa bisa makann,"['akhirnyaa', 'bisa', 'makann']","['akhirnyaa', 'makann']","['akhirnyaa', 'makann']",akhirnyaa makann,akhirnyaa makann,Positif
i love yuhhh,0,i love yuhhh,i love yuhhh,"['i', 'love', 'yuhhh']","['i', 'love', 'yuhhh']","['i', 'love', 'yuhhh']",i love yuhhh,i love yuhhh,Positif
OH WOW WOW WOW,0,OH WOW WOW WOW,oh wow wow wow,"['oh', 'wow', 'wow', 'wow']","['oh', 'wow', 'wow', 'wow']","['oh', 'wow', 'wow', 'wow']",oh wow wow wow,oh wow wow wow,Positif
SEBENTAR BANGETTT PLISSS DURASINYAAA,0,SEBENTAR BANGETTT PLISSS DURASINYAAA,sebentar bangettt plisss durasinyaaa,"['sebentar', 'bangettt', 'plisss', 'durasinyaaa']","['sebentar', 'bangettt', 'plisss', 'durasinyaaa']","['sebentar', 'bangettt', 'plisss', 'durasinyaaa']",sebentar bangettt plisss durasinyaaa,sebentar bangettt plisss durasinyaaa,Negatif
"<a href=""https://www.youtube.com/watch?v=CaklHISbki8&amp;t=1900"">31:40</a> lagu persahabatan ❤❤",70,lagu persahabatan,lagu persahabatan,"['lagu', 'persahabatan']","['lagu', 'persahabatan']","['lagu', 'sahabat']",lagu sahabat,lagu sahabat,Positif
best podcast abad ini 😭🫶🏻,103,best podcast abad ini,best podcast abad ini,"['best', 'podcast', 'abad', 'ini']","['best', 'podcast', 'abad']","['best', 'podcast', 'abad']",best podcast abad,best podcast abad,Positif
PECAHHH BGT PLZ AJAKINN SENDYY LAGIII,17,PECAHHH banget PLZ AJAKINN SENDYY LAGIII,pecahhh banget plz ajakinn sendyy lagiii,"['pecahhh', 'banget', 'plz', 'ajakinn', 'sendyy', 'lagiii']","['pecahhh', 'banget', 'plz', 'ajakinn', 'sendyy', 'lagiii']","['pecahhh', 'banget', 'plz', 'ajakinn', 'sendyy', 'lagiii']",pecahhh banget plz ajakinn sendyy lagiii,pecahhh banget plz ajakinn sendyy lagiii,Positif
YANG AKU TUNGGU TUNGGU ❤❤😂😂,0,YANG AKU TUNGGU TUNGGU,yang aku tunggu tunggu,"['yang', 'aku', 'tunggu', 'tunggu']","['tunggu', 'tunggu']","['tunggu', 'tunggu']",tunggu tunggu,tunggu tunggu,Netral
akhirnya orang waras ngga gizi buruk,0,akhirnya orang waras ngga gizi buruk,akhirnya orang waras ngga gizi buruk,"['akhirnya', 'orang', 'waras', 'ngga', 'gizi', 'buruk']","['orang', 'waras', 'ngga', 'gizi', 'buruk']","['orang', 'waras', 'ngga', 'gizi', 'buruk']",orang waras ngga gizi buruk,orang waras ngga gizi buruk,Positif
cepet banget?!?!? SERUUU,0,cepet banget SERUUU,cepet banget seruuu,"['cepet', 'banget', 'seruuu']","['cepet', 'banget', 'seruuu']","['cepet', 'banget', 'seruuu']",cepet banget seruuu,cepet banget seruuu,Positif
ADIK KASIAN IHHH 😭😭,0,ADIK KASIAN IHHH,adik kasian ihhh,"['adik', 'kasian', 'ihhh']","['adik', 'kasian', 'ihhh']","['adik', 'kasi', 'ihhh']",adik kasi ihhh,adik kasi ihhh,Negatif
SERU BANGET YAAMPUN😭😭🩷,0,SERU BANGET YAAMPUN,seru banget yaampun,"['seru', 'banget', 'yaampun']","['seru', 'banget', 'yaampun']","['seru', 'banget', 'yaampun']",seru banget yaampun,seru banget yaampun,Positif
akhirnya bisaa makannn,0,akhirnya bisaa makannn,akhirnya bisaa makannn,"['akhirnya', 'bisaa', 'makannn']","['bisaa', 'makannn']","['bisaa', 'makannn']",bisaa makannn,bisaa makannn,Positif
MINIMAL DURASI 2 HARI NGGK SIH?!! KALIAN JGN MEREMEHKAN KUOTA KITA DONG 😠☝,0,MINIMAL DURASI 2 HARI NGGK SIH KALIAN jangan MEREMEHKAN KUOTA KITA DONG,minimal durasi 2 hari nggk sih kalian jangan meremehkan kuota kita dong,"['minimal', 'durasi', '2', 'hari', 'nggk', 'sih', 'kalian', 'jangan', 'meremehkan', 'kuota', 'kita', 'dong']","['minimal', 'durasi', '2', 'nggk', 'sih', 'meremehkan', 'kuota']","['minimal', 'durasi', '2', 'nggk', 'sih', 'remeh', 'kuota']",minimal durasi 2 nggk sih remeh kuota,minimal durasi 2 nggk sih remeh kuota,Negatif
absen yang selalu nunda makan malam kalau adik dan io belum naikin podcast keluarga artis👆🏻👆🏻👆🏻,0,absen yang selalu nunda makan malam kalau adik dan io belum naikin podcast keluarga artis,absen yang selalu nunda makan malam kalau adik dan io belum naikin podcast keluarga artis,"['absen', 'yang', 'selalu', 'nunda', 'makan', 'malam', 'kalau', 'adik', 'dan', 'io', 'belum', 'naikin', 'podcast', 'keluarga', 'artis']","['absen', 'nunda', 'makan', 'malam', 'adik', 'io', 'naikin', 'podcast', 'keluarga', 'artis']","['absen', 'nunda', 'makan', 'malam', 'adik', 'io', 'naikin', 'podcast', 'keluarga', 'artis']",absen nunda makan malam adik io naikin podcast keluarga artis,absen nunda makan malam adik io naikin podcast keluarga artis,Netral
"saking dagingnya durasi kurang panjang, minimal 2 jam yh",0,saking dagingnya durasi kurang panjang minimal 2 jam yh,saking dagingnya durasi kurang panjang minimal 2 jam yh,"['saking', 'dagingnya', 'durasi', 'kurang', 'panjang', 'minimal', '2', 'jam', 'yh']","['saking', 'dagingnya', 'durasi', 'minimal', '2', 'jam', 'yh']","['saking', 'daging', 'durasi', 'minimal', '2', 'jam', 'yh']",saking daging durasi minimal 2 jam yh,saking daging durasi minimal 2 jam yh,Netral
undang marco plis wkwkwk,0,undang marco plis wkwkwk,undang marco plis wkwkwk,"['undang', 'marco', 'plis', 'wkwkwk']","['undang', 'marco', 'plis', 'wkwkwk']","['undang', 'marco', 'plis', 'wkwkwk']",undang marco plis wkwkwk,undang marco plis wkwkwk,Netral
durasinya kurang pls,0,durasinya kurang pls,durasinya kurang pls,"['durasinya', 'kurang', 'pls']","['durasinya', 'pls']","['durasi', 'pls']",durasi pls,durasi pls,Negatif
ini jadinya podcast penurun iq apa menambah? 😭😭😭,0,ini jadinya podcast penurun iq apa menambah,ini jadinya podcast penurun iq apa menambah,"['ini', 'jadinya', 'podcast', 'penurun', 'iq', 'apa', 'menambah']","['podcast', 'penurun', 'iq', 'menambah']","['podcast', 'turun', 'iq', 'tambah']",podcast turun iq tambah,podcast turun iq tambah,Netral
yahhh mau nya 2 jamm😢,0,yahhh mau nya 2 jamm,yahhh mau nya 2 jamm,"['yahhh', 'mau', 'nya', '2', 'jamm']","['yahhh', 'nya', '2', 'jamm']","['yahhh', 'nya', '2', 'jamm']",yahhh nya 2 jamm,yahhh nya 2 jamm,Negatif
minimal durasi sampe 550269 jam,0,minimal durasi sampe jam,minimal durasi sampe jam,"['minimal', 'durasi', 'sampe', 'jam']","['minimal', 'durasi', 'sampe', 'jam']","['minimal', 'durasi', 'sampe', 'jam']",minimal durasi sampe jam,minimal durasi sampe jam,Negatif
Ga kerasaaa😭😭😭,0,Ga kerasaaa,ga kerasaaa,"['ga', 'kerasaaa']","['ga', 'kerasaaa']","['ga', 'kerasaaa']",ga kerasaaa,ga kerasaaa,Negatif
YAHHHH ABIS,0,YAHHHH ABIS,yahhhh abis,"['yahhhh', 'abis']","['yahhhh', 'abis']","['yahhhh', 'abis']",yahhhh abis,yahhhh abis,Negatif
yah abis,0,yah abis,yah abis,"['yah', 'abis']","['yah', 'abis']","['yah', 'abis']",yah abis,yah abis,Negatif
selamat sandy! km sudah menjadi orang waras🤭,0,selamat sandy km sudah menjadi orang waras,selamat sandy km sudah menjadi orang waras,"['selamat', 'sandy', 'km', 'sudah', 'menjadi', 'orang', 'waras']","['selamat', 'sandy', 'km', 'orang', 'waras']","['selamat', 'sandy', 'km', 'orang', 'waras']",selamat sandy km orang waras,selamat sandy km orang waras,Positif
"S nya Sandy, KACAU BANGETTTT😭😭😭😭😭😭😭😭",0,S nya Sandy KACAU BANGETTTT,s nya sandy kacau bangetttt,"['s', 'nya', 'sandy', 'kacau', 'bangetttt']","['s', 'nya', 'sandy', 'kacau', 'bangetttt']","['s', 'nya', 'sandy', 'kacau', 'bangetttt']",s nya sandy kacau bangetttt,s nya sandy kacau bangetttt,Negatif
Next undang vino celana gajah yhhhh,0,Next undang vino celana gajah yhhhh,next undang vino celana gajah yhhhh,"['next', 'undang', 'vino', 'celana', 'gajah', 'yhhhh']","['next', 'undang', 'vino', 'celana', 'gajah', 'yhhhh']","['next', 'undang', 'vino', 'celana', 'gajah', 'yhhhh']",next undang vino celana gajah yhhhh,next undang vino celana gajah yhhhh,Netral
mihu mihu jaya,0,mihu mihu jaya,mihu mihu jaya,"['mihu', 'mihu', 'jaya']","['mihu', 'mihu', 'jaya']","['mihu', 'mihu', 'jaya']",mihu mihu jaya,mihu mihu jaya,Positif
Aku ikutan mikir jawabannya 😫,0,Aku ikutan mikir jawabannya,aku ikutan mikir jawabannya,"['aku', 'ikutan', 'mikir', 'jawabannya']","['ikutan', 'mikir', 'jawabannya']","['ikut', 'mikir', 'jawab']",ikut mikir jawab,ikut mikir jawab,Netral
ril kembaaarr 1 mei wkwkwkwk,0,ril kembaaarr 1 mei wkwkwkwk,ril kembaaarr 1 mei wkwkwkwk,"['ril', 'kembaaarr', '1', 'mei', 'wkwkwkwk']","['ril', 'kembaaarr', '1', 'mei', 'wkwkwkwk']","['ril', 'kembaaarr', '1', 'mei', 'wkwkwkwk']",ril kembaaarr 1 mei wkwkwkwk,ril kembaaarr 1 mei wkwkwkwk,Netral
KO BISA SAMA SAMA 1 MEI ??????????????,0,KO BISA SAMA SAMA 1 MEI,ko bisa sama sama 1 mei,"['ko', 'bisa', 'sama', 'sama', '1', 'mei']","['ko', '1', 'mei']","['ko', '1', 'mei']",ko 1 mei,ko 1 mei,Netral
undang marco &amp; marlo dong 😋,0,undang marco marlo dong,undang marco marlo dong,"['undang', 'marco', 'marlo', 'dong']","['undang', 'marco', 'marlo']","['undang', 'marco', 'marlo']",undang marco marlo,undang marco marlo,Netral
Universitas Negeri Singapur😭😭,0,Universitas Negeri Singapur,universitas negeri singapur,"['universitas', 'negeri', 'singapur']","['universitas', 'negeri', 'singapur']","['universitas', 'negeri', 'singapur']",universitas negeri singapur,universitas negeri singapur,Netral
ga expect sampe tanggal lahirnya juga sama😭😭,0,ga expect sampe tanggal lahirnya juga sama,ga expect sampe tanggal lahirnya juga sama,"['ga', 'expect', 'sampe', 'tanggal', 'lahirnya', 'juga', 'sama']","['ga', 'expect', 'sampe', 'tanggal', 'lahirnya']","['ga', 'expect', 'sampe', 'tanggal', 'lahir']",ga expect sampe tanggal lahir,ga expect sampe tanggal lahir,Netral
temuin sandy ma teh yaya gak,0,temuin sandy ma teh yaya gak,temuin sandy ma teh yaya gak,"['temuin', 'sandy', 'ma', 'teh', 'yaya', 'gak']","['temuin', 'sandy', 'ma', 'teh', 'yaya', 'gak']","['temuin', 'sandy', 'ma', 'teh', 'yaya', 'gak']",temuin sandy ma teh yaya gak,temuin sandy ma teh yaya gak,Netral
niky found his lost twin,0,niky found his lost twin,niky found his lost twin,"['niky', 'found', 'his', 'lost', 'twin']","['niky', 'found', 'his', 'lost', 'twin']","['niky', 'found', 'his', 'lost', 'twin']",niky found his lost twin,niky found his lost twin,Netral
isinya kok lapar semua yh,0,isinya kok lapar semua yh,isinya kok lapar semua yh,"['isinya', 'kok', 'lapar', 'semua', 'yh']","['isinya', 'lapar', 'yh']","['isi', 'lapar', 'yh']",isi lapar yh,isi lapar yh,Negatif
Akhirnya makan,0,Akhirnya makan,akhirnya makan,"['akhirnya', 'makan']",['makan'],['makan'],makan,makan,Positif
"akhirnya aku makan,meskipun jadi rangkap makan malam",1,akhirnya aku makanmeskipun jadi rangkap makan malam,akhirnya aku makanmeskipun jadi rangkap makan malam,"['akhirnya', 'aku', 'makanmeskipun', 'jadi', 'rangkap', 'makan', 'malam']","['makanmeskipun', 'rangkap', 'makan', 'malam']","['makanmeskipun', 'rangkap', 'makan', 'malam']",makanmeskipun rangkap makan malam,makanmeskipun rangkap makan malam,Netral
tau kan kenapa mereka sepupuan? wkwk,0,tau kan kenapa mereka sepupuan wkwk,tau kan kenapa mereka sepupuan wkwk,"['tau', 'kan', 'kenapa', 'mereka', 'sepupuan', 'wkwk']","['tau', 'sepupuan', 'wkwk']","['tau', 'sepupu', 'wkwk']",tau sepupu wkwk,tau sepupu wkwk,Netral
Asek,0,Asek,asek,['asek'],['asek'],['asek'],asek,asek,Positif
ninggalin jejak sebelum podcast keluarga artis masuk ke keajaiban dunia ❤❤,29,ninggalin jejak sebelum podcast keluarga artis masuk ke keajaiban dunia,ninggalin jejak sebelum podcast keluarga artis masuk ke keajaiban dunia,"['ninggalin', 'jejak', 'sebelum', 'podcast', 'keluarga', 'artis', 'masuk', 'ke', 'keajaiban', 'dunia']","['ninggalin', 'jejak', 'podcast', 'keluarga', 'artis', 'masuk', 'keajaiban', 'dunia']","['ninggalin', 'jejak', 'podcast', 'keluarga', 'artis', 'masuk', 'ajaib', 'dunia']",ninggalin jejak podcast keluarga artis masuk ajaib dunia,ninggalin jejak podcast keluarga artis masuk ajaib dunia,Netral
yayyyyy,0,yayyyyy,yayyyyy,['yayyyyy'],['yayyyyy'],['yayyyyy'],yayyyyy,yayyyyy,Positif
"<a href=""http://www.youtube.com/results?search_query=%23indonesiaemas"">#IndonesiaEmas</a> dimulai dari podcast berdaging ini",55,dimulai dari podcast berdaging ini,dimulai dari podcast berdaging ini,"['dimulai', 'dari', 'podcast', 'berdaging', 'ini']","['podcast', 'berdaging']","['podcast', 'daging']",podcast daging,podcast daging,Positif
ANJIRRRR BENERANN SAMAA TGL LAHIRNYAA,0,ANJIRRRR BENERANN SAMAA tanggal LAHIRNYAA,anjirrrr benerann samaa tanggal lahirnyaa,"['anjirrrr', 'benerann', 'samaa', 'tanggal', 'lahirnyaa']","['anjirrrr', 'benerann', 'samaa', 'tanggal', 'lahirnyaa']","['anjirrrr', 'benerann', 'samaa', 'tanggal', 'lahirnyaa']",anjirrrr benerann samaa tanggal lahirnyaa,anjirrrr benerann samaa tanggal lahirnyaa,Netral
lucu bngt kembar 1 mei 😋🫶🏻,0,lucu bngt kembar 1 mei,lucu bngt kembar 1 mei,"['lucu', 'bngt', 'kembar', '1', 'mei']","['lucu', 'bngt', 'kembar', '1', 'mei']","['lucu', 'bngt', 'kembar', '1', 'mei']",lucu bngt kembar 1 mei,lucu bngt kembar 1 mei,Positif
only a genius can understand this episode,0,only a genius can understand this episode,only a genius can understand this episode,"['only', 'a', 'genius', 'can', 'understand', 'this', 'episode']","['only', 'a', 'genius', 'can', 'understand', 'this', 'episode']","['only', 'a', 'genius', 'can', 'understand', 'this', 'episode']",only a genius can understand this episode,only a genius can understand this episode,Netral
Alhamdulillah akhirnya makan,0,Alhamdulillah akhirnya makan,alhamdulillah akhirnya makan,"['alhamdulillah', 'akhirnya', 'makan']","['alhamdulillah', 'makan']","['alhamdulillah', 'makan']",alhamdulillah makan,alhamdulillah makan,Positif
pertemuan para kage,0,pertemuan para kage,pertemuan para kage,"['pertemuan', 'para', 'kage']","['pertemuan', 'kage']","['temu', 'kage']",temu kage,temu kage,Positif
Detik detik iq sandy menurun,1,Detik detik iq sandy menurun,detik detik iq sandy menurun,"['detik', 'detik', 'iq', 'sandy', 'menurun']","['detik', 'detik', 'iq', 'sandy', 'menurun']","['detik', 'detik', 'iq', 'sandy', 'turun']",detik detik iq sandy turun,detik detik iq sandy turun,Negatif
Asset negara😇🙏🏼,0,Asset negara,asset negara,"['asset', 'negara']","['asset', 'negara']","['asset', 'negara']",asset negara,asset negara,Positif
azhekk tayang juga,0,azhekk tayang juga,azhekk tayang juga,"['azhekk', 'tayang', 'juga']","['azhekk', 'tayang']","['azhekk', 'tayang']",azhekk tayang,azhekk tayang,Positif
Sandy ngga tertolonggg 😭,0,Sandy ngga tertolonggg,sandy ngga tertolonggg,"['sandy', 'ngga', 'tertolonggg']","['sandy', 'ngga', 'tertolonggg']","['sandy', 'ngga', 'tertolonggg']",sandy ngga tertolonggg,sandy ngga tertolonggg,Negatif
hehe,0,hehe,hehe,['hehe'],['hehe'],['hehe'],hehe,hehe,Positif
real podcast DAGING 🔥,0,real podcast DAGING,real podcast daging,"['real', 'podcast', 'daging']","['real', 'podcast', 'daging']","['real', 'podcast', 'daging']",real podcast daging,real podcast daging,Netral
Cuma di hari minggu jadi orang waras hari lain b aja,0,Cuma di hari minggu jadi orang waras hari lain b aja,cuma di hari minggu jadi orang waras hari lain b aja,"['cuma', 'di', 'hari', 'minggu', 'jadi', 'orang', 'waras', 'hari', 'lain', 'b', 'aja']","['minggu', 'orang', 'waras', 'b', 'aja']","['minggu', 'orang', 'waras', 'b', 'aja']",minggu orang waras b aja,minggu orang waras b aja,Negatif
mihu mihu i love ypu mihu mihu,0,mihu mihu i love ypu mihu mihu,mihu mihu i love ypu mihu mihu,"['mihu', 'mihu', 'i', 'love', 'ypu', 'mihu', 'mihu']","['mihu', 'mihu', 'i', 'love', 'ypu', 'mihu', 'mihu']","['mihu', 'mihu', 'i', 'love', 'ypu', 'mihu', 'mihu']",mihu mihu i love ypu mihu mihu,mihu mihu i love ypu mihu mihu,Positif
"AKHIRNYAA, MAKANAN AKU UDAH DINGIN NUNGGUIN INII",0,AKHIRNYAA MAKANAN AKU UDAH DINGIN NUNGGUIN INII,akhirnyaa makanan aku udah dingin nungguin inii,"['akhirnyaa', 'makanan', 'aku', 'udah', 'dingin', 'nungguin', 'inii']","['akhirnyaa', 'makanan', 'udah', 'dingin', 'nungguin', 'inii']","['akhirnyaa', 'makan', 'udah', 'dingin', 'nungguin', 'ini']",akhirnyaa makan udah dingin nungguin ini,akhirnyaa makan udah dingin nungguin ini,Negatif
kak ak tipes nungguin ini....,0,kak saya tipes nungguin ini,kak saya tipes nungguin ini,"['kak', 'saya', 'tipes', 'nungguin', 'ini']","['kak', 'tipes', 'nungguin']","['kak', 'tipes', 'nungguin']",kak tipes nungguin,kak tipes nungguin,Negatif
yooohh,0,yooohh,yooohh,['yooohh'],['yooohh'],['yooohh'],yooohh,yooohh,Positif
episode bareng temen aktor mana bang,0,episode bareng temen aktor mana bang,episode bareng temen aktor mana bang,"['episode', 'bareng', 'temen', 'aktor', 'mana', 'bang']","['episode', 'bareng', 'temen', 'aktor', 'bang']","['episode', 'bareng', 'temen', 'aktor', 'bang']",episode bareng temen aktor bang,episode bareng temen aktor bang,Netral
pertemuan 1 orang jenius inimah,0,pertemuan 1 orang jenius inimah,pertemuan 1 orang jenius inimah,"['pertemuan', '1', 'orang', 'jenius', 'inimah']","['pertemuan', '1', 'orang', 'jenius', 'inimah']","['temu', '1', 'orang', 'jenius', 'inimah']",temu 1 orang jenius inimah,temu 1 orang jenius inimah,Positif
apa ga tambah daging ini isi potkes wak,2,apa ga tambah daging ini isi potkes wak,apa ga tambah daging ini isi potkes wak,"['apa', 'ga', 'tambah', 'daging', 'ini', 'isi', 'potkes', 'wak']","['ga', 'daging', 'isi', 'potkes', 'wak']","['ga', 'daging', 'isi', 'potkes', 'wak']",ga daging isi potkes wak,ga daging isi potkes wak,Negatif
akhirnya kita bisa makan jugaaa mihu mihuuu,0,akhirnya kita bisa makan jugaaa mihu mihuuu,akhirnya kita bisa makan jugaaa mihu mihuuu,"['akhirnya', 'kita', 'bisa', 'makan', 'jugaaa', 'mihu', 'mihuuu']","['makan', 'jugaaa', 'mihu', 'mihuuu']","['makan', 'jugaaa', 'mihu', 'mihuuu']",makan jugaaa mihu mihuuu,makan jugaaa mihu mihuuu,Positif
mihu mihu ay lop you,0,mihu mihu ay lop you,mihu mihu ay lop you,"['mihu', 'mihu', 'ay', 'lop', 'you']","['mihu', 'mihu', 'ay', 'lop', 'you']","['mihu', 'mihu', 'ay', 'lop', 'you']",mihu mihu ay lop you,mihu mihu ay lop you,Positif
"please undang Vino donggg, si celana gajah🐘🐘",72,please undang Vino donggg si celana gajah,please undang vino donggg si celana gajah,"['please', 'undang', 'vino', 'donggg', 'si', 'celana', 'gajah']","['please', 'undang', 'vino', 'donggg', 'si', 'celana', 'gajah']","['please', 'undang', 'vino', 'donggg', 'si', 'celana', 'gajah']",please undang vino donggg si celana gajah,please undang vino donggg si celana gajah,Netral
apakah pembahasan kali ini sangat berdaging??,0,apakah pembahasan kali ini sangat berdaging,apakah pembahasan kali ini sangat berdaging,"['apakah', 'pembahasan', 'kali', 'ini', 'sangat', 'berdaging']","['pembahasan', 'kali', 'berdaging']","['bahas', 'kali', 'daging']",bahas kali daging,bahas kali daging,Netral
nunggu semenitt,0,nunggu semenitt,nunggu semenitt,"['nunggu', 'semenitt']","['nunggu', 'semenitt']","['nunggu', 'semenitt']",nunggu semenitt,nunggu semenitt,Negatif
udah jam 7 inii,0,udah jam 7 inii,udah jam 7 inii,"['udah', 'jam', '7', 'inii']","['udah', 'jam', '7', 'inii']","['udah', 'jam', '7', 'ini']",udah jam 7 ini,udah jam 7 ini,Netral
"WAW, NIKMAT, APAKAH KITA AKAN MENJADI GURU MATEMATIKA SETELAH MENONTON PODCAST INI? Semoga makanan kita tidak berubah menjadi angka angka matematika.",31,WAW NIKMAT APAKAH KITA AKAN MENJADI GURU MATEMATIKA SETELAH MENONTON PODCAST INI Semoga makanan kita tidak berubah menjadi angka angka matematika,waw nikmat apakah kita akan menjadi guru matematika setelah menonton podcast ini semoga makanan kita tidak berubah menjadi angka angka matematika,"['waw', 'nikmat', 'apakah', 'kita', 'akan', 'menjadi', 'guru', 'matematika', 'setelah', 'menonton', 'podcast', 'ini', 'semoga', 'makanan', 'kita', 'tidak', 'berubah', 'menjadi', 'angka', 'angka', 'matematika']","['waw', 'nikmat', 'guru', 'matematika', 'menonton', 'podcast', 'semoga', 'makanan', 'berubah', 'angka', 'angka', 'matematika']","['waw', 'nikmat', 'guru', 'matematika', 'tonton', 'podcast', 'moga', 'makan', 'ubah', 'angka', 'angka', 'matematika']",waw nikmat guru matematika tonton podcast moga makan ubah angka angka matematika,waw nikmat guru matematika tonton podcast moga makan ubah angka angka matematika,Positif
bang plz up seminggu 2  kali lah minimal :)),0,bang plz up seminggu 2 kali lah minimal,bang plz up seminggu 2 kali lah minimal,"['bang', 'plz', 'up', 'seminggu', '2', 'kali', 'lah', 'minimal']","['bang', 'plz', 'up', 'seminggu', '2', 'kali', 'minimal']","['bang', 'plz', 'up', 'minggu', '2', 'kali', 'minimal']",bang plz up minggu 2 kali minimal,bang plz up minggu 2 kali minimal,Netral
BENCANA ATAU GWENCHANA SANDYY ?,0,BENCANA ATAU GWENCHANA SANDYY,bencana atau gwenchana sandyy,"['bencana', 'atau', 'gwenchana', 'sandyy']","['bencana', 'gwenchana', 'sandyy']","['bencana', 'gwenchana', 'sandyy']",bencana gwenchana sandyy,bencana gwenchana sandyy,Netral
Kenapa di undur jam nya?,0,Kenapa di undur jam nya,kenapa di undur jam nya,"['kenapa', 'di', 'undur', 'jam', 'nya']","['undur', 'jam', 'nya']","['undur', 'jam', 'nya']",undur jam nya,undur jam nya,Netral
sambil makan singkong nihh😂,1,sambil makan singkong nihh,sambil makan singkong nihh,"['sambil', 'makan', 'singkong', 'nihh']","['makan', 'singkong', 'nihh']","['makan', 'singkong', 'nihh']",makan singkong nihh,makan singkong nihh,Netral
"yippie eps 15 bersama kembarannya niky, akhirnya 3 orang ini di satukan. Gak kebayang lucunya gimana😭, podcast isi daging ditambah torch nya dikit ini mah mantap (akhirnya bisa makan).",505,yippie eps 15 bersama kembarannya niky akhirnya 3 orang ini di satukan Gak kebayang lucunya gimana podcast isi daging ditambah torch nya dikit ini mah mantap akhirnya bisa makan,yippie eps 15 bersama kembarannya niky akhirnya 3 orang ini di satukan gak kebayang lucunya gimana podcast isi daging ditambah torch nya dikit ini mah mantap akhirnya bisa makan,"['yippie', 'eps', '15', 'bersama', 'kembarannya', 'niky', 'akhirnya', '3', 'orang', 'ini', 'di', 'satukan', 'gak', 'kebayang', 'lucunya', 'gimana', 'podcast', 'isi', 'daging', 'ditambah', 'torch', 'nya', 'dikit', 'ini', 'mah', 'mantap', 'akhirnya', 'bisa', 'makan']","['yippie', 'eps', '15', 'kembarannya', 'niky', '3', 'orang', 'satukan', 'gak', 'kebayang', 'lucunya', 'gimana', 'podcast', 'isi', 'daging', 'ditambah', 'torch', 'nya', 'dikit', 'mah', 'mantap', 'makan']","['yippie', 'eps', '15', 'kembar', 'niky', '3', 'orang', 'satu', 'gak', 'bayang', 'lucu', 'gimana', 'podcast', 'isi', 'daging', 'tambah', 'torch', 'nya', 'dikit', 'mah', 'mantap', 'makan']",yippie eps 15 kembar niky 3 orang satu gak bayang lucu gimana podcast isi daging tambah torch nya dikit mah mantap makan,yippie eps 15 kembar niky 3 orang satu gak bayang lucu gimana podcast isi daging tambah torch nya dikit mah mantap makan,Positif
live ya inii,0,live ya inii,live ya inii,"['live', 'ya', 'inii']","['live', 'ya', 'inii']","['live', 'ya', 'ini']",live ya ini,live ya ini,Netral
aku kangen adik dan io..,80,aku kangen adik dan io,aku kangen adik dan io,"['aku', 'kangen', 'adik', 'dan', 'io']","['kangen', 'adik', 'io']","['kangen', 'adik', 'io']",kangen adik io,kangen adik io,Positif
mantapp sama sandyy,1,mantapp sama sandyy,mantapp sama sandyy,"['mantapp', 'sama', 'sandyy']","['mantapp', 'sandyy']","['mantapp', 'sandyy']",mantapp sandyy,mantapp sandyy,Positif
mihuuu cepaaatttt apdeettt nyyaaa🤬🤬,0,mihuuu cepaaatttt apdeettt nyyaaa,mihuuu cepaaatttt apdeettt nyyaaa,"['mihuuu', 'cepaaatttt', 'apdeettt', 'nyyaaa']","['mihuuu', 'cepaaatttt', 'apdeettt', 'nyyaaa']","['mihuuu', 'cepaaatttt', 'apdeettt', 'nyyaaa']",mihuuu cepaaatttt apdeettt nyyaaa,mihuuu cepaaatttt apdeettt nyyaaa,Positif
PLISS DAH LAPARRR,0,PLISS DAH LAPARRR,pliss dah laparrr,"['pliss', 'dah', 'laparrr']","['pliss', 'dah', 'laparrr']","['pliss', 'dah', 'laparrr']",pliss dah laparrr,pliss dah laparrr,Positif
YG DITUNGGU TUNGGU NI🎉,0,yang DITUNGGU TUNGGU NI,yang ditunggu tunggu ni,"['yang', 'ditunggu', 'tunggu', 'ni']","['ditunggu', 'tunggu', 'ni']","['tunggu', 'tunggu', 'ni']",tunggu tunggu ni,tunggu tunggu ni,Netral
MIHU MIHU I LOVE YOUU MIHu miHU~,8,MIHU MIHU I LOVE YOUU MIHu miHU,mihu mihu i love youu mihu mihu,"['mihu', 'mihu', 'i', 'love', 'youu', 'mihu', 'mihu']","['mihu', 'mihu', 'i', 'love', 'youu', 'mihu', 'mihu']","['mihu', 'mihu', 'i', 'love', 'youu', 'mihu', 'mihu']",mihu mihu i love youu mihu mihu,mihu mihu i love youu mihu mihu,Positif
belum jadi makan karena podcast nya blm tayang 😔😔😔💪💪,0,belum jadi makan karena podcast nya blm tayang,belum jadi makan karena podcast nya blm tayang,"['belum', 'jadi', 'makan', 'karena', 'podcast', 'nya', 'blm', 'tayang']","['makan', 'podcast', 'nya', 'blm', 'tayang']","['makan', 'podcast', 'nya', 'blm', 'tayang']",makan podcast nya blm tayang,makan podcast nya blm tayang,Negatif
aku laperrr plsss up up up,0,aku laperrr plsss up up up,aku laperrr plsss up up up,"['aku', 'laperrr', 'plsss', 'up', 'up', 'up']","['laperrr', 'plsss', 'up', 'up', 'up']","['laperrr', 'plsss', 'up', 'up', 'up']",laperrr plsss up up up,laperrr plsss up up up,Positif
aku belum makan daritadi 😭😭😭 plis cepet upload,0,aku belum makan daritadi plis cepet upload,aku belum makan daritadi plis cepet upload,"['aku', 'belum', 'makan', 'daritadi', 'plis', 'cepet', 'upload']","['makan', 'daritadi', 'plis', 'cepet', 'upload']","['makan', 'daritadi', 'plis', 'cepet', 'upload']",makan daritadi plis cepet upload,makan daritadi plis cepet upload,Positif
CEPET DONG,0,CEPET DONG,cepet dong,"['cepet', 'dong']",['cepet'],['cepet'],cepet,cepet,Positif
lama ah,0,lama ah,lama ah,"['lama', 'ah']",['ah'],['ah'],ah,ah,Negatif
"sandy coc, sandy cod, kurir",1,sandy coc sandy cod kurir,sandy coc sandy cod kurir,"['sandy', 'coc', 'sandy', 'cod', 'kurir']","['sandy', 'coc', 'sandy', 'cod', 'kurir']","['sandy', 'coc', 'sandy', 'cod', 'kurir']",sandy coc sandy cod kurir,sandy coc sandy cod kurir,Netral
aku ga semangat cuci piring setelah melihat tayangnya jam 7 mksh 🙄😔,8,aku ga semangat cuci piring setelah melihat tayangnya jam 7 mksh,aku ga semangat cuci piring setelah melihat tayangnya jam 7 mksh,"['aku', 'ga', 'semangat', 'cuci', 'piring', 'setelah', 'melihat', 'tayangnya', 'jam', '7', 'mksh']","['ga', 'semangat', 'cuci', 'piring', 'tayangnya', 'jam', '7', 'mksh']","['ga', 'semangat', 'cuci', 'piring', 'tayang', 'jam', '7', 'mksh']",ga semangat cuci piring tayang jam 7 mksh,ga semangat cuci piring tayang jam 7 mksh,Negatif
sok misterius kalian pake waiting list segala 😮‍💨,0,sok misterius kalian pake waiting list segala,sok misterius kalian pake waiting list segala,"['sok', 'misterius', 'kalian', 'pake', 'waiting', 'list', 'segala']","['sok', 'misterius', 'pake', 'waiting', 'list']","['sok', 'misterius', 'pake', 'waiting', 'list']",sok misterius pake waiting list,sok misterius pake waiting list,Negatif
tega banget nge biarin kita sebagai orang orang waras makan cuma  sekali seminggu 😞,0,tega banget nge biarin kita sebagai orang orang waras makan cuma sekali seminggu,tega banget nge biarin kita sebagai orang orang waras makan cuma sekali seminggu,"['tega', 'banget', 'nge', 'biarin', 'kita', 'sebagai', 'orang', 'orang', 'waras', 'makan', 'cuma', 'sekali', 'seminggu']","['tega', 'banget', 'nge', 'biarin', 'orang', 'orang', 'waras', 'makan', 'seminggu']","['tega', 'banget', 'nge', 'biarin', 'orang', 'orang', 'waras', 'makan', 'minggu']",tega banget nge biarin orang orang waras makan minggu,tega banget nge biarin orang orang waras makan minggu,Negatif
di undur lagiiii,0,di undur lagiiii,di undur lagiiii,"['di', 'undur', 'lagiiii']","['undur', 'lagiiii']","['undur', 'lagiiii']",undur lagiiii,undur lagiiii,Negatif
"btw kok mundur ya, katanya jam 4 sore",1,btw kok mundur ya katanya jam 4 sore,btw kok mundur ya katanya jam 4 sore,"['btw', 'kok', 'mundur', 'ya', 'katanya', 'jam', '4', 'sore']","['btw', 'mundur', 'ya', 'jam', '4', 'sore']","['btw', 'mundur', 'ya', 'jam', '4', 'sore']",btw mundur ya jam 4 sore,btw mundur ya jam 4 sore,Netral
mihu mihu mihu,1,mihu mihu mihu,mihu mihu mihu,"['mihu', 'mihu', 'mihu']","['mihu', 'mihu', 'mihu']","['mihu', 'mihu', 'mihu']",mihu mihu mihu,mihu mihu mihu,Netral
tuh kan bener mereka podcast bertiga,0,tuh kan bener mereka podcast bertiga,tuh kan bener mereka podcast bertiga,"['tuh', 'kan', 'bener', 'mereka', 'podcast', 'bertiga']","['tuh', 'bener', 'podcast', 'bertiga']","['tuh', 'bener', 'podcast', 'tiga']",tuh bener podcast tiga,tuh bener podcast tiga,Positif
ayo bang aku udah seminggu ga makan,0,ayo bang aku udah seminggu ga makan,ayo bang aku udah seminggu ga makan,"['ayo', 'bang', 'aku', 'udah', 'seminggu', 'ga', 'makan']","['ayo', 'bang', 'udah', 'seminggu', 'ga', 'makan']","['ayo', 'bang', 'udah', 'minggu', 'ga', 'makan']",ayo bang udah minggu ga makan,ayo bang udah minggu ga makan,Positif
ak nunggu sampe kelaperan,0,saya nunggu sampe kelaperan,saya nunggu sampe kelaperan,"['saya', 'nunggu', 'sampe', 'kelaperan']","['nunggu', 'sampe', 'kelaperan']","['nunggu', 'sampe', 'kelaperan']",nunggu sampe kelaperan,nunggu sampe kelaperan,Negatif
Pdhl udh nungguin kok jdi jam 7 sih😢,1,Pdhl sudah nungguin kok jdi jam 7 sih,pdhl sudah nungguin kok jdi jam 7 sih,"['pdhl', 'sudah', 'nungguin', 'kok', 'jdi', 'jam', '7', 'sih']","['pdhl', 'nungguin', 'jdi', 'jam', '7', 'sih']","['pdhl', 'nungguin', 'jdi', 'jam', '7', 'sih']",pdhl nungguin jdi jam 7 sih,pdhl nungguin jdi jam 7 sih,Netral
"udh masak mie buat nonton ini, tryta upload jam 7 😦😦",0,sudah masak mie buat nonton ini tryta upload jam 7,sudah masak mie buat nonton ini tryta upload jam 7,"['sudah', 'masak', 'mie', 'buat', 'nonton', 'ini', 'tryta', 'upload', 'jam', '7']","['masak', 'mie', 'nonton', 'tryta', 'upload', 'jam', '7']","['masak', 'mie', 'nonton', 'tryta', 'upload', 'jam', '7']",masak mie nonton tryta upload jam 7,masak mie nonton tryta upload jam 7,Negatif
"aduh maag ku kambuh nih, belom makan seminggu",0,aduh maag ku kambuh nih belom makan seminggu,aduh maag ku kambuh nih belom makan seminggu,"['aduh', 'maag', 'ku', 'kambuh', 'nih', 'belom', 'makan', 'seminggu']","['aduh', 'maag', 'ku', 'kambuh', 'nih', 'belom', 'makan', 'seminggu']","['aduh', 'maag', 'ku', 'kambuh', 'nih', 'bom', 'makan', 'minggu']",aduh maag ku kambuh nih bom makan minggu,aduh maag ku kambuh nih bom makan minggu,Negatif
lapar...,0,lapar,lapar,['lapar'],['lapar'],['lapar'],lapar,lapar,Negatif
ayoo cepattt,0,ayoo cepattt,ayoo cepattt,"['ayoo', 'cepattt']","['ayoo', 'cepattt']","['ayoo', 'cepattt']",ayoo cepattt,ayoo cepattt,Positif
"Episode kali ini akan menjadi bukti paling konkret, bahwasanya kita semua adalah perkumpulan orang-orang waras, yang memiliki pandangan dan pemikiran yang terbuka dan luas. Salam orang waras yang juga jenius tetapi tidak ingin sombong.",2977,Episode kali ini akan menjadi bukti paling konkret bahwasanya kita semua adalah perkumpulan orangorang waras yang memiliki pandangan dan pemikiran yang terbuka dan luas Salam orang waras yang juga jenius tetapi tidak ingin sombong,episode kali ini akan menjadi bukti paling konkret bahwasanya kita semua adalah perkumpulan orangorang waras yang memiliki pandangan dan pemikiran yang terbuka dan luas salam orang waras yang juga jenius tetapi tidak ingin sombong,"['episode', 'kali', 'ini', 'akan', 'menjadi', 'bukti', 'paling', 'konkret', 'bahwasanya', 'kita', 'semua', 'adalah', 'perkumpulan', 'orangorang', 'waras', 'yang', 'memiliki', 'pandangan', 'dan', 'pemikiran', 'yang', 'terbuka', 'dan', 'luas', 'salam', 'orang', 'waras', 'yang', 'juga', 'jenius', 'tetapi', 'tidak', 'ingin', 'sombong']","['episode', 'kali', 'bukti', 'konkret', 'perkumpulan', 'orangorang', 'waras', 'memiliki', 'pandangan', 'pemikiran', 'terbuka', 'luas', 'salam', 'orang', 'waras', 'jenius', 'sombong']","['episode', 'kali', 'bukti', 'konkret', 'kumpul', 'orangorang', 'waras', 'milik', 'pandang', 'pikir', 'buka', 'luas', 'salam', 'orang', 'waras', 'jenius', 'sombong']",episode kali bukti konkret kumpul orangorang waras milik pandang pikir buka luas salam orang waras jenius sombong,episode kali bukti konkret kumpul orangorang waras milik pandang pikir buka luas salam orang waras jenius sombong,Positif
TOLONG PERUT SAYA LAPERRR‼️,1,TOLONG PERUT SAYA LAPERRR,tolong perut saya laperrr,"['tolong', 'perut', 'saya', 'laperrr']","['tolong', 'perut', 'laperrr']","['tolong', 'perut', 'laperrr']",tolong perut laperrr,tolong perut laperrr,Negatif
lah mundur ya?,1,lah mundur ya,lah mundur ya,"['lah', 'mundur', 'ya']","['mundur', 'ya']","['mundur', 'ya']",mundur ya,mundur ya,Netral
gelisah aku nungguin dr tadi ga apdet2 woy,0,gelisah aku nungguin dari tadi ga apdet2 woy,gelisah aku nungguin dari tadi ga apdet2 woy,"['gelisah', 'aku', 'nungguin', 'dari', 'tadi', 'ga', 'apdet2', 'woy']","['gelisah', 'nungguin', 'ga', 'apdet2', 'woy']","['gelisah', 'nungguin', 'ga', 'apdet2', 'woy']",gelisah nungguin ga apdet2 woy,gelisah nungguin ga apdet2 woy,Negatif
Mau makan aja harus nunggu😢,0,Mau makan aja harus nunggu,mau makan aja harus nunggu,"['mau', 'makan', 'aja', 'harus', 'nunggu']","['makan', 'aja', 'nunggu']","['makan', 'aja', 'nunggu']",makan aja nunggu,makan aja nunggu,Netral
kenapa mundur jam7 ioooo aku nungguin dr tadi😭😭,3,kenapa mundur jam7 ioooo aku nungguin dari tadi,kenapa mundur jam7 ioooo aku nungguin dari tadi,"['kenapa', 'mundur', 'jam7', 'ioooo', 'aku', 'nungguin', 'dari', 'tadi']","['mundur', 'jam7', 'ioooo', 'nungguin']","['mundur', 'jam7', 'ioooo', 'nungguin']",mundur jam7 ioooo nungguin,mundur jam7 ioooo nungguin,Negatif
TOLONGG AKU SUDAHH LAPARR,0,TOLONGG AKU SUDAHH LAPARR,tolongg aku sudahh laparr,"['tolongg', 'aku', 'sudahh', 'laparr']","['tolongg', 'sudahh', 'laparr']","['tolongg', 'sudahh', 'laparr']",tolongg sudahh laparr,tolongg sudahh laparr,Negatif
kak son aku udah laper kak sonn,1,kak son aku udah laper kak sonn,kak son aku udah laper kak sonn,"['kak', 'son', 'aku', 'udah', 'laper', 'kak', 'sonn']","['kak', 'son', 'udah', 'laper', 'kak', 'sonn']","['kak', 'son', 'udah', 'laper', 'kak', 'sonn']",kak son udah laper kak sonn,kak son udah laper kak sonn,Negatif
"katanya jam <a href=""https://www.youtube.com/watch?v=CaklHISbki8&amp;t=960"">16:00</a> 😢",0,katanya jam,katanya jam,"['katanya', 'jam']",['jam'],['jam'],jam,jam,Netral
td katanya jam 4 hufttt,0,td katanya jam 4 hufttt,td katanya jam 4 hufttt,"['td', 'katanya', 'jam', '4', 'hufttt']","['td', 'jam', '4', 'hufttt']","['td', 'jam', '4', 'hufttt']",td jam 4 hufttt,td jam 4 hufttt,Negatif
Mah mamah.. aku lapar,1,Mah mamah aku lapar,mah mamah aku lapar,"['mah', 'mamah', 'aku', 'lapar']","['mah', 'mamah', 'lapar']","['mah', 'mamah', 'lapar']",mah mamah lapar,mah mamah lapar,Negatif
Mamah aku lapar,1,Mamah aku lapar,mamah aku lapar,"['mamah', 'aku', 'lapar']","['mamah', 'lapar']","['mamah', 'lapar']",mamah lapar,mamah lapar,Negatif
lah tadi jam 4,0,lah tadi jam 4,lah tadi jam 4,"['lah', 'tadi', 'jam', '4']","['jam', '4']","['jam', '4']",jam 4,jam 4,Netral
lper bgt.........,1,lper banget,lper banget,"['lper', 'banget']","['lper', 'banget']","['lper', 'banget']",lper banget,lper banget,Negatif
Kokk munduurrr heyy heyy heyy mihu mihuu,0,Kokk munduurrr heyy heyy heyy mihu mihuu,kokk munduurrr heyy heyy heyy mihu mihuu,"['kokk', 'munduurrr', 'heyy', 'heyy', 'heyy', 'mihu', 'mihuu']","['kokk', 'munduurrr', 'heyy', 'heyy', 'heyy', 'mihu', 'mihuu']","['kokk', 'munduurrr', 'heyy', 'heyy', 'heyy', 'mihu', 'mihuu']",kokk munduurrr heyy heyy heyy mihu mihuu,kokk munduurrr heyy heyy heyy mihu mihuu,Negatif
Sepiring nasi &amp; lauk pauknya udah d depan laptop tinggal nunggu makan aja ini..,0,Sepiring nasi lauk pauknya udah d depan laptop tinggal nunggu makan aja ini,sepiring nasi lauk pauknya udah d depan laptop tinggal nunggu makan aja ini,"['sepiring', 'nasi', 'lauk', 'pauknya', 'udah', 'd', 'depan', 'laptop', 'tinggal', 'nunggu', 'makan', 'aja', 'ini']","['sepiring', 'nasi', 'lauk', 'pauknya', 'udah', 'd', 'laptop', 'tinggal', 'nunggu', 'makan', 'aja']","['piring', 'nasi', 'lauk', 'pauk', 'udah', 'd', 'laptop', 'tinggal', 'nunggu', 'makan', 'aja']",piring nasi lauk pauk udah d laptop tinggal nunggu makan aja,piring nasi lauk pauk udah d laptop tinggal nunggu makan aja,Netral
lama bgt aku laparrr,34,lama banget aku laparrr,lama banget aku laparrr,"['lama', 'banget', 'aku', 'laparrr']","['banget', 'laparrr']","['banget', 'laparrr']",banget laparrr,banget laparrr,Negatif
sandy smart😮,9,sandy smart,sandy smart,"['sandy', 'smart']","['sandy', 'smart']","['sandy', 'smart']",sandy smart,sandy smart,Positif
heyyy heyyy artis dri tdi ditungguin🙃,0,heyyy heyyy artis dri tadi ditungguin,heyyy heyyy artis dri tadi ditungguin,"['heyyy', 'heyyy', 'artis', 'dri', 'tadi', 'ditungguin']","['heyyy', 'heyyy', 'artis', 'dri', 'ditungguin']","['heyyy', 'heyyy', 'artis', 'dri', 'ditungguin']",heyyy heyyy artis dri ditungguin,heyyy heyyy artis dri ditungguin,Negatif
"Lah, mundur sikocak",9,Lah mundur sikocak,lah mundur sikocak,"['lah', 'mundur', 'sikocak']","['mundur', 'sikocak']","['mundur', 'sikocak']",mundur sikocak,mundur sikocak,Negatif
"iya lagi, pdl uda nunggu😩",2,iya lagi padahal uda nunggu,iya lagi padahal uda nunggu,"['iya', 'lagi', 'padahal', 'uda', 'nunggu']","['iya', 'uda', 'nunggu']","['iya', 'uda', 'nunggu']",iya uda nunggu,iya uda nunggu,Negatif
